id,data_format,cases,access,file_name,submitter_id,data_category,type,platform,file_size,created_datetime,md5sum,updated_datetime,file_id,data_type,state,experimental_strategy,version,data_release,project,analysis_id,analysis_state,analysis_submitter_id,analysis_workflow_link,analysis_workflow_type,analysis_workflow_version,sample_type
374e13e1-98a8-4b65-94da-0d78ae51df5a,MAF,"TCGA-38-4631-01A-01D-1753-08,TCGA-38-4631-11A-01D-1753-08",open,14826ad4-fe64-4f31-bb3e-8e2d57ad7f5f.wxs.aliquot_ensemble_masked.maf.gz,f4c21d5e-b0f0-4a71-917f-6567205e1497,Simple Nucleotide Variation,masked_somatic_mutation,Illumina,245502,2022-08-01T16:47:07.681428-05:00,64f7830d48cf22f8849e962b7f518ee5,2024-07-31T06:26:42.629463-05:00,374e13e1-98a8-4b65-94da-0d78ae51df5a,Masked Somatic Mutation,released,WXS,2,35.0 - 46.0,TCGA-LUAD,e6062728-f095-4390-a492-26f55e0714a9,released,14826ad4-fe64-4f31-bb3e-8e2d57ad7f5f,https://github.com/NCI-GDC/aliquot-maf-cwl/blob/3dd621a8745ee2b91716911604bf3f096337a9b7/ensemble_aliquot_maf/ensemble_aliquot_maf_wf.cwl,Aliquot Ensemble Somatic Variant Merging and Masking,3dd621a8745ee2b91716911604bf3f096337a9b7,
8416388e-8a30-441d-b14b-bfcec4daf78a,MAF,"TCGA-44-6147-01A-31D-A27T-08,TCGA-44-6147-10A-01D-1753-08",open,455d27a7-9bca-4f47-86ce-38afccfe9ab5.wxs.aliquot_ensemble_masked.maf.gz,7df85010-8e7e-4309-87c0-63de2726b5bd,Simple Nucleotide Variation,masked_somatic_mutation,Illumina,43028,2022-08-01T16:40:43.317289-05:00,0b183da7bdeb5e6d1b30c4ca7f8ed24f,2024-07-31T06:33:15.311827-05:00,8416388e-8a30-441d-b14b-bfcec4daf78a,Masked Somatic Mutation,released,WXS,2,35.0 - 46.0,TCGA-LUAD,d7459075-d14f-4a2a-9f6b-26f58da4cbd9,released,455d27a7-9bca-4f47-86ce-38afccfe9ab5,https://github.com/NCI-GDC/aliquot-maf-cwl/blob/3dd621a8745ee2b91716911604bf3f096337a9b7/ensemble_aliquot_maf/ensemble_aliquot_maf_wf.cwl,Aliquot Ensemble Somatic Variant Merging and Masking,3dd621a8745ee2b91716911604bf3f096337a9b7,
683d979f-0ced-4839-b61b-c26f065c1da6,MAF,"TCGA-05-4384-01A-01D-1753-08,TCGA-05-4384-10A-01D-1753-08",open,f099efdd-6021-4afd-9748-733e5056c0a4.wxs.aliquot_ensemble_masked.maf.gz,4cb91ef4-e013-46d0-9181-1fad6c53f94b,Simple Nucleotide Variation,masked_somatic_mutation,Illumina,50682,2022-08-01T16:40:20.866802-05:00,c9201e56c742b0a905372757213915f1,2024-07-31T06:25:04.859061-05:00,683d979f-0ced-4839-b61b-c26f065c1da6,Masked Somatic Mutation,released,WXS,2,35.0 - 46.0,TCGA-LUAD,b8a96fc2-1624-4cca-b35e-8b2798e0b7ff,released,f099efdd-6021-4afd-9748-733e5056c0a4,https://github.com/NCI-GDC/aliquot-maf-cwl/blob/3dd621a8745ee2b91716911604bf3f096337a9b7/ensemble_aliquot_maf/ensemble_aliquot_maf_wf.cwl,Aliquot Ensemble Somatic Variant Merging and Masking,3dd621a8745ee2b91716911604bf3f096337a9b7,
101c7666-42ea-45d9-8288-16a3cbd47274,MAF,"TCGA-44-6147-01A-21D-A27T-08,TCGA-44-6147-10A-01D-1753-08",open,1a47b275-62bc-42a1-8543-65caaacf5ed3.wxs.aliquot_ensemble_masked.maf.gz,743cfee1-b1c6-4212-b685-e7ddcbcd2613,Simple Nucleotide Variation,masked_somatic_mutation,Illumina,76014,2022-08-01T16:40:47.580038-05:00,fd715d26701b02513a80184d51885e8a,2024-07-31T06:29:14.019784-05:00,101c7666-42ea-45d9-8288-16a3cbd47274,Masked Somatic Mutation,released,WXS,2,35.0 - 46.0,TCGA-LUAD,697fff19-ad21-4430-9768-608fef3d9fa7,released,1a47b275-62bc-42a1-8543-65caaacf5ed3,https://github.com/NCI-GDC/aliquot-maf-cwl/blob/3dd621a8745ee2b91716911604bf3f096337a9b7/ensemble_aliquot_maf/ensemble_aliquot_maf_wf.cwl,Aliquot Ensemble Somatic Variant Merging and Masking,3dd621a8745ee2b91716911604bf3f096337a9b7,
fde996d6-190e-4084-9b51-ab8b9e9ceea6,MAF,"TCGA-44-6147-01B-06D-A271-08,TCGA-44-6147-10A-01D-1753-08",open,f4899380-8783-4cdb-93fb-862e8f9ff402.wxs.aliquot_ensemble_masked.maf.gz,987299ea-98c5-4b8d-bb8a-85fc36a5eef0,Simple Nucleotide Variation,masked_somatic_mutation,Illumina,52802,2022-08-01T16:40:50.502835-05:00,186b4359b963bd08b4255dd92a0b5dfb,2024-07-31T06:28:54.450078-05:00,fde996d6-190e-4084-9b51-ab8b9e9ceea6,Masked Somatic Mutation,released,WXS,2,35.0 - 46.0,TCGA-LUAD,9ca92bc6-46a0-4248-8485-2aa04ee6b635,released,f4899380-8783-4cdb-93fb-862e8f9ff402,https://github.com/NCI-GDC/aliquot-maf-cwl/blob/3dd621a8745ee2b91716911604bf3f096337a9b7/ensemble_aliquot_maf/ensemble_aliquot_maf_wf.cwl,Aliquot Ensemble Somatic Variant Merging and Masking,3dd621a8745ee2b91716911604bf3f096337a9b7,
c7910d9c-92e7-4992-b68f-6a35a93ff6b7,MAF,"TCGA-73-4676-01A-01D-1753-08,TCGA-73-4676-11A-01D-1753-08",open,f2cfacbc-a824-4568-89db-6aca0d06af74.wxs.aliquot_ensemble_masked.maf.gz,f53a9412-3b31-4315-ae19-214e46fcced0,Simple Nucleotide Variation,masked_somatic_mutation,Illumina,35023,2022-08-01T16:46:11.036875-05:00,1f203f9d54ebd54b900e5054daa791c9,2024-07-31T06:28:33.077873-05:00,c7910d9c-92e7-4992-b68f-6a35a93ff6b7,Masked Somatic Mutation,released,WXS,2,35.0 - 46.0,TCGA-LUAD,1a91a9f5-3568-4498-b5d1-054938a4344a,released,f2cfacbc-a824-4568-89db-6aca0d06af74,https://github.com/NCI-GDC/aliquot-maf-cwl/blob/3dd621a8745ee2b91716911604bf3f096337a9b7/ensemble_aliquot_maf/ensemble_aliquot_maf_wf.cwl,Aliquot Ensemble Somatic Variant Merging and Masking,3dd621a8745ee2b91716911604bf3f096337a9b7,
1140a1ab-bec5-4884-bf42-ec7eb80756dd,MAF,"TCGA-80-5607-01A-31D-1945-08,TCGA-80-5607-10A-01D-1946-08",open,6b7a0b2a-d183-4ea9-a938-3542e279457e.wxs.aliquot_ensemble_masked.maf.gz,ef849d72-1288-41a7-82f3-fa2d176c674c,Simple Nucleotide Variation,masked_somatic_mutation,Illumina,44753,2022-08-01T17:04:04.351690-05:00,934d9f5ad26ec9d58c0b75592a897b27,2024-07-31T06:34:51.979027-05:00,1140a1ab-bec5-4884-bf42-ec7eb80756dd,Masked Somatic Mutation,released,WXS,2,35.0 - 46.0,TCGA-LUAD,a3142070-08bb-4382-ad00-bcdd8427befb,released,6b7a0b2a-d183-4ea9-a938-3542e279457e,https://github.com/NCI-GDC/aliquot-maf-cwl/blob/3dd621a8745ee2b91716911604bf3f096337a9b7/ensemble_aliquot_maf/ensemble_aliquot_maf_wf.cwl,Aliquot Ensemble Somatic Variant Merging and Masking,3dd621a8745ee2b91716911604bf3f096337a9b7,
fd460fa4-1c27-4f4f-ba40-6e0bc0857bd5,MAF,"TCGA-55-7724-01A-11D-2167-08,TCGA-55-7724-10A-01D-2167-08",open,07bbadef-2815-4742-a5d4-ec8af2b9610f.wxs.aliquot_ensemble_masked.maf.gz,a15423f0-3a23-41c2-8fd6-caafbe9178d1,Simple Nucleotide Variation,masked_somatic_mutation,Illumina,65065,2022-08-01T17:01:13.177420-05:00,19fdc898b4686a0ab430ca749247a4ba,2024-07-31T06:28:26.207038-05:00,fd460fa4-1c27-4f4f-ba40-6e0bc0857bd5,Masked Somatic Mutation,released,WXS,2,35.0 - 46.0,TCGA-LUAD,82abea08-f413-4748-b140-9f43091f4a7e,released,07bbadef-2815-4742-a5d4-ec8af2b9610f,https://github.com/NCI-GDC/aliquot-maf-cwl/blob/3dd621a8745ee2b91716911604bf3f096337a9b7/ensemble_aliquot_maf/ensemble_aliquot_maf_wf.cwl,Aliquot Ensemble Somatic Variant Merging and Masking,3dd621a8745ee2b91716911604bf3f096337a9b7,
3f7e6a62-368b-4354-8a5c-6cf515aef2f0,MAF,"TCGA-J2-8194-01A-11D-2238-08,TCGA-J2-8194-10A-01D-2238-08",open,8c3e48d3-618b-40d3-a9c7-bc98a3bd226f.wxs.aliquot_ensemble_masked.maf.gz,c92fdda8-64cb-417e-875c-10e045639c45,Simple Nucleotide Variation,masked_somatic_mutation,Illumina,53509,2022-08-01T16:41:16.451397-05:00,40413d171cd8a6922ce974d32348862a,2024-07-31T06:33:43.608826-05:00,3f7e6a62-368b-4354-8a5c-6cf515aef2f0,Masked Somatic Mutation,released,WXS,2,35.0 - 46.0,TCGA-LUAD,f406f7b8-c5b1-44a0-a76d-a640a9e71642,released,8c3e48d3-618b-40d3-a9c7-bc98a3bd226f,https://github.com/NCI-GDC/aliquot-maf-cwl/blob/3dd621a8745ee2b91716911604bf3f096337a9b7/ensemble_aliquot_maf/ensemble_aliquot_maf_wf.cwl,Aliquot Ensemble Somatic Variant Merging and Masking,3dd621a8745ee2b91716911604bf3f096337a9b7,
3050678f-ea4a-419a-9553-ade8d2411e88,MAF,"TCGA-05-4410-01A-21D-1855-08,TCGA-05-4410-10A-01D-1855-08",open,1146eae8-cf57-410f-9637-7e404ebcc274.wxs.aliquot_ensemble_masked.maf.gz,833f591e-987b-4b99-9f8c-be6d5ef5b844,Simple Nucleotide Variation,masked_somatic_mutation,Illumina,345399,2022-08-01T17:00:35.038706-05:00,ee7902f571b0f33377d955667b71ea39,2024-07-31T06:36:30.234954-05:00,3050678f-ea4a-419a-9553-ade8d2411e88,Masked Somatic Mutation,released,WXS,2,35.0 - 46.0,TCGA-LUAD,7d35e974-d603-4c14-964f-1f0e7ca259c6,released,1146eae8-cf57-410f-9637-7e404ebcc274,https://github.com/NCI-GDC/aliquot-maf-cwl/blob/3dd621a8745ee2b91716911604bf3f096337a9b7/ensemble_aliquot_maf/ensemble_aliquot_maf_wf.cwl,Aliquot Ensemble Somatic Variant Merging and Masking,3dd621a8745ee2b91716911604bf3f096337a9b7,
267967f3-55ab-4d6c-8fc0-967caeb246ff,MAF,"TCGA-55-8203-01A-11D-2238-08,TCGA-55-8203-10A-01D-2238-08",open,be74c31e-7e92-4d6e-b51f-147c08571e3c.wxs.aliquot_ensemble_masked.maf.gz,f82f023b-dcf0-4790-90bd-9dfafc306184,Simple Nucleotide Variation,masked_somatic_mutation,Illumina,139704,2022-08-01T16:39:27.592076-05:00,e91b9329f455fde01d5f43d4ae3afad0,2024-07-31T06:30:28.590055-05:00,267967f3-55ab-4d6c-8fc0-967caeb246ff,Masked Somatic Mutation,released,WXS,2,35.0 - 46.0,TCGA-LUAD,e2e6b956-d423-4647-bc6c-9bb0f3df4293,released,be74c31e-7e92-4d6e-b51f-147c08571e3c,https://github.com/NCI-GDC/aliquot-maf-cwl/blob/3dd621a8745ee2b91716911604bf3f096337a9b7/ensemble_aliquot_maf/ensemble_aliquot_maf_wf.cwl,Aliquot Ensemble Somatic Variant Merging and Masking,3dd621a8745ee2b91716911604bf3f096337a9b7,
e07a5517-ab7e-4367-971b-7719c3273a1c,MAF,"TCGA-49-4501-01A-01D-1265-08,TCGA-49-4501-11A-01D-1265-08",open,b342cdbc-5af1-4ed9-baf3-d7c129ee75a7.wxs.aliquot_ensemble_masked.maf.gz,589d4cd5-6751-412b-ae04-6978b82c2f15,Simple Nucleotide Variation,masked_somatic_mutation,Illumina,20236,2022-08-01T16:49:37.107318-05:00,9bf9332e6bfac48f9ae71e2e1f69fb91,2024-07-31T06:27:59.795280-05:00,e07a5517-ab7e-4367-971b-7719c3273a1c,Masked Somatic Mutation,released,WXS,2,35.0 - 46.0,TCGA-LUAD,d755b489-7475-475c-b17e-18511fb939d7,released,b342cdbc-5af1-4ed9-baf3-d7c129ee75a7,https://github.com/NCI-GDC/aliquot-maf-cwl/blob/3dd621a8745ee2b91716911604bf3f096337a9b7/ensemble_aliquot_maf/ensemble_aliquot_maf_wf.cwl,Aliquot Ensemble Somatic Variant Merging and Masking,3dd621a8745ee2b91716911604bf3f096337a9b7,
9f4fa07e-188c-40a4-9c26-a5cca27767b4,MAF,"TCGA-49-4505-01A-01D-1931-08,TCGA-49-4505-11A-01D-1265-08",open,73fcb0f6-6a7b-408c-8690-acaac02e872e.wxs.aliquot_ensemble_masked.maf.gz,381d23f2-7a6a-4dbd-b5b4-6ed021a2e092,Simple Nucleotide Variation,masked_somatic_mutation,Illumina,79319,2022-08-01T16:45:33.326572-05:00,43478bd9e05a7c740013c67dc8594d4a,2024-07-31T06:26:30.859867-05:00,9f4fa07e-188c-40a4-9c26-a5cca27767b4,Masked Somatic Mutation,released,WXS,2,35.0 - 46.0,TCGA-LUAD,b4a610f9-22ff-4785-b83d-3fd41d68a657,released,73fcb0f6-6a7b-408c-8690-acaac02e872e,https://github.com/NCI-GDC/aliquot-maf-cwl/blob/3dd621a8745ee2b91716911604bf3f096337a9b7/ensemble_aliquot_maf/ensemble_aliquot_maf_wf.cwl,Aliquot Ensemble Somatic Variant Merging and Masking,3dd621a8745ee2b91716911604bf3f096337a9b7,
6f448407-401e-48d2-b31e-60e70e7c0889,MAF,"TCGA-78-7540-01A-11D-2063-08,TCGA-78-7540-11A-01D-2063-08",open,52aa22b0-0b50-4fd8-8723-2bfcf445fed9.wxs.aliquot_ensemble_masked.maf.gz,3b060cbc-8598-4e17-b992-818250901a30,Simple Nucleotide Variation,masked_somatic_mutation,Illumina,16426,2022-08-01T17:02:52.491297-05:00,5b4fe5563c5b5766b7e0ed35c9990435,2024-07-31T06:37:05.718073-05:00,6f448407-401e-48d2-b31e-60e70e7c0889,Masked Somatic Mutation,released,WXS,2,35.0 - 46.0,TCGA-LUAD,d8697647-7ef5-4ebe-8398-5a0078635086,released,52aa22b0-0b50-4fd8-8723-2bfcf445fed9,https://github.com/NCI-GDC/aliquot-maf-cwl/blob/3dd621a8745ee2b91716911604bf3f096337a9b7/ensemble_aliquot_maf/ensemble_aliquot_maf_wf.cwl,Aliquot Ensemble Somatic Variant Merging and Masking,3dd621a8745ee2b91716911604bf3f096337a9b7,
b1211dbb-5d1a-48c2-8ff5-f92a0bbbd232,MAF,"TCGA-67-3773-01A-01D-1040-01,TCGA-67-3773-10A-01D-1489-08",open,1e76b510-baea-41cf-b6be-365060c7a45d.wxs.aliquot_ensemble_masked.maf.gz,abfbd807-3bc9-4487-b734-39955516a393,Simple Nucleotide Variation,masked_somatic_mutation,Illumina,38847,2022-08-01T16:53:30.409814-05:00,0c21aeca08efdd00f7f0bfbab0d21a21,2024-07-31T06:27:08.720766-05:00,b1211dbb-5d1a-48c2-8ff5-f92a0bbbd232,Masked Somatic Mutation,released,WXS,2,35.0 - 46.0,TCGA-LUAD,3d0f1525-29b6-4f37-8432-a3cf70248b31,released,1e76b510-baea-41cf-b6be-365060c7a45d,https://github.com/NCI-GDC/aliquot-maf-cwl/blob/3dd621a8745ee2b91716911604bf3f096337a9b7/ensemble_aliquot_maf/ensemble_aliquot_maf_wf.cwl,Aliquot Ensemble Somatic Variant Merging and Masking,3dd621a8745ee2b91716911604bf3f096337a9b7,
a13ce267-8b9f-419d-92d1-4e38dfc006b2,MAF,"TCGA-05-4427-01A-21D-1855-08,TCGA-05-4427-10A-01D-1855-08",open,571ab7df-ee67-4c91-b06d-935a14b5baab.wxs.aliquot_ensemble_masked.maf.gz,14539839-d77d-4651-b9fa-5ea551d9c4a7,Simple Nucleotide Variation,masked_somatic_mutation,Illumina,327785,2022-08-01T17:01:49.279217-05:00,fd5122b34690a90a53e0ca135dfa7e9b,2024-07-31T06:30:57.231858-05:00,a13ce267-8b9f-419d-92d1-4e38dfc006b2,Masked Somatic Mutation,released,WXS,2,35.0 - 46.0,TCGA-LUAD,e889f7a1-e3e7-4ffc-8c0e-6d013f4823ff,released,571ab7df-ee67-4c91-b06d-935a14b5baab,https://github.com/NCI-GDC/aliquot-maf-cwl/blob/3dd621a8745ee2b91716911604bf3f096337a9b7/ensemble_aliquot_maf/ensemble_aliquot_maf_wf.cwl,Aliquot Ensemble Somatic Variant Merging and Masking,3dd621a8745ee2b91716911604bf3f096337a9b7,
308349b2-11c8-4cf8-bd42-c7f7ec2667a3,MAF,"TCGA-J2-A4AD-01A-11D-A24D-08,TCGA-J2-A4AD-10A-01D-A24F-08",open,1af3a5e1-1558-49b0-b946-2ed353f93fa2.wxs.aliquot_ensemble_masked.maf.gz,fa269734-a9f2-476d-ac77-519f87f03f63,Simple Nucleotide Variation,masked_somatic_mutation,Illumina,111077,2022-08-01T16:49:24.521317-05:00,512c2244595b23830c11c63f398b493d,2024-07-31T06:29:08.499554-05:00,308349b2-11c8-4cf8-bd42-c7f7ec2667a3,Masked Somatic Mutation,released,WXS,2,35.0 - 46.0,TCGA-LUAD,9bb4671d-1420-4037-9816-f51a7f98170c,released,1af3a5e1-1558-49b0-b946-2ed353f93fa2,https://github.com/NCI-GDC/aliquot-maf-cwl/blob/3dd621a8745ee2b91716911604bf3f096337a9b7/ensemble_aliquot_maf/ensemble_aliquot_maf_wf.cwl,Aliquot Ensemble Somatic Variant Merging and Masking,3dd621a8745ee2b91716911604bf3f096337a9b7,
323ca078-aeb1-42c1-9499-233b303a31d6,MAF,"TCGA-17-Z004-01A-01W-0746-08,TCGA-17-Z004-11A-01W-0746-08",open,a889c655-2d38-42ad-b7db-7cd66043fe43.wxs.aliquot_ensemble_masked.maf.gz,da9a6cdf-87a3-4607-8510-2bf263207253,Simple Nucleotide Variation,masked_somatic_mutation,Illumina,8434,2022-08-01T16:48:34.102161-05:00,0ba23432b9e41cc3d1f46a016402d9f8,2024-07-31T06:26:23.942427-05:00,323ca078-aeb1-42c1-9499-233b303a31d6,Masked Somatic Mutation,released,WXS,2,35.0 - 46.0,TCGA-LUAD,990b952b-7880-4068-9e62-20471b68d8b7,released,a889c655-2d38-42ad-b7db-7cd66043fe43,https://github.com/NCI-GDC/aliquot-maf-cwl/blob/3dd621a8745ee2b91716911604bf3f096337a9b7/ensemble_aliquot_maf/ensemble_aliquot_maf_wf.cwl,Aliquot Ensemble Somatic Variant Merging and Masking,3dd621a8745ee2b91716911604bf3f096337a9b7,
fbee4520-dde8-431b-8e7d-62ea26097dd7,MAF,"TCGA-55-6981-01A-11D-1945-08,TCGA-55-6981-11A-01D-1945-08",open,ec6ebe80-e3ba-4fa2-8ec6-dbe6401125e1.wxs.aliquot_ensemble_masked.maf.gz,96a831a7-b503-4a59-ab24-215f99efcdc8,Simple Nucleotide Variation,masked_somatic_mutation,Illumina,20731,2022-08-01T16:45:01.231303-05:00,88b1a8328a43b81f50d6c27ff6a64ace,2024-07-31T06:27:54.865355-05:00,fbee4520-dde8-431b-8e7d-62ea26097dd7,Masked Somatic Mutation,released,WXS,2,35.0 - 46.0,TCGA-LUAD,a2a6b051-22c7-4659-aa2f-76fa6894d2a3,released,ec6ebe80-e3ba-4fa2-8ec6-dbe6401125e1,https://github.com/NCI-GDC/aliquot-maf-cwl/blob/3dd621a8745ee2b91716911604bf3f096337a9b7/ensemble_aliquot_maf/ensemble_aliquot_maf_wf.cwl,Aliquot Ensemble Somatic Variant Merging and Masking,3dd621a8745ee2b91716911604bf3f096337a9b7,
04cf76d7-4dc2-440d-a151-ce3a2d20fa5b,MAF,"TCGA-MP-A4SW-01A-21D-A24P-08,TCGA-MP-A4SW-10A-01D-A24P-08",open,87fcadb6-f93b-4665-8737-99653ba137ec.wxs.aliquot_ensemble_masked.maf.gz,d396e3a4-2ccb-4cd4-a698-776e89394112,Simple Nucleotide Variation,masked_somatic_mutation,Illumina,29747,2022-08-01T16:57:30.049912-05:00,5927fdb2c1bdb2917e49b62e67edc394,2024-07-31T06:30:39.688776-05:00,04cf76d7-4dc2-440d-a151-ce3a2d20fa5b,Masked Somatic Mutation,released,WXS,2,35.0 - 46.0,TCGA-LUAD,d3674fc9-e047-4544-af22-1cbf26671056,released,87fcadb6-f93b-4665-8737-99653ba137ec,https://github.com/NCI-GDC/aliquot-maf-cwl/blob/3dd621a8745ee2b91716911604bf3f096337a9b7/ensemble_aliquot_maf/ensemble_aliquot_maf_wf.cwl,Aliquot Ensemble Somatic Variant Merging and Masking,3dd621a8745ee2b91716911604bf3f096337a9b7,
c603ba75-bf42-4ee3-bee4-ac848fdf7cd2,MAF,"TCGA-17-Z037-01A-01W-0746-08,TCGA-17-Z037-11A-01W-0746-08",open,69e45844-c39e-4ab9-a09d-8e20273a5bb5.wxs.aliquot_ensemble_masked.maf.gz,b7354ccd-891a-4bbd-9c3c-3d14ed3c282d,Simple Nucleotide Variation,masked_somatic_mutation,Illumina,53669,2022-08-01T16:51:59.270191-05:00,f7efce66fbbddf29073f7f98a923d324,2024-07-31T06:27:34.388914-05:00,c603ba75-bf42-4ee3-bee4-ac848fdf7cd2,Masked Somatic Mutation,released,WXS,2,35.0 - 46.0,TCGA-LUAD,2eed4ca3-8031-4ab5-a079-8c96320cdccf,released,69e45844-c39e-4ab9-a09d-8e20273a5bb5,https://github.com/NCI-GDC/aliquot-maf-cwl/blob/3dd621a8745ee2b91716911604bf3f096337a9b7/ensemble_aliquot_maf/ensemble_aliquot_maf_wf.cwl,Aliquot Ensemble Somatic Variant Merging and Masking,3dd621a8745ee2b91716911604bf3f096337a9b7,
e681dafb-5643-465e-b2ad-b0f546e073a4,MAF,"TCGA-78-8640-01A-11D-2393-08,TCGA-78-8640-11A-01D-2393-08",open,c8e7bc76-1055-4d13-b0c2-789f75e40796.wxs.aliquot_ensemble_masked.maf.gz,8eccc971-f338-4bb1-9431-bc89fe5f1ca3,Simple Nucleotide Variation,masked_somatic_mutation,Illumina,240810,2022-08-01T16:41:43.922289-05:00,516a9d028036adba5652824e1134e1a2,2024-07-31T06:28:02.685791-05:00,e681dafb-5643-465e-b2ad-b0f546e073a4,Masked Somatic Mutation,released,WXS,2,35.0 - 46.0,TCGA-LUAD,926c490f-f5c0-42e3-be74-7ecac9ce20ac,released,c8e7bc76-1055-4d13-b0c2-789f75e40796,https://github.com/NCI-GDC/aliquot-maf-cwl/blob/3dd621a8745ee2b91716911604bf3f096337a9b7/ensemble_aliquot_maf/ensemble_aliquot_maf_wf.cwl,Aliquot Ensemble Somatic Variant Merging and Masking,3dd621a8745ee2b91716911604bf3f096337a9b7,
25f0bd27-2eda-447f-bd38-3752780bbf06,MAF,"TCGA-17-Z050-01A-01W-0747-08,TCGA-17-Z050-11A-01W-0747-08",open,96355b5c-9ac0-4b1e-ac66-41e145f4778e.wxs.aliquot_ensemble_masked.maf.gz,96dab699-548b-48a9-9b87-9b6ff816032a,Simple Nucleotide Variation,masked_somatic_mutation,Illumina,57900,2022-08-01T16:43:38.586362-05:00,a198778434add6c1c1eb9073c027be13,2024-07-31T06:34:58.304800-05:00,25f0bd27-2eda-447f-bd38-3752780bbf06,Masked Somatic Mutation,released,WXS,2,35.0 - 46.0,TCGA-LUAD,3b2f4da5-84d9-4de3-9418-e940f2167625,released,96355b5c-9ac0-4b1e-ac66-41e145f4778e,https://github.com/NCI-GDC/aliquot-maf-cwl/blob/3dd621a8745ee2b91716911604bf3f096337a9b7/ensemble_aliquot_maf/ensemble_aliquot_maf_wf.cwl,Aliquot Ensemble Somatic Variant Merging and Masking,3dd621a8745ee2b91716911604bf3f096337a9b7,
7ab6e0cc-73f2-481f-8c74-e89161f6c6ed,MAF,"TCGA-83-5908-01A-21D-2284-08,TCGA-83-5908-10A-01D-2284-08",open,e8fd4269-c9e6-4f1d-be5f-eee80fc4b9fe.wxs.aliquot_ensemble_masked.maf.gz,788127ac-1a1b-49e3-8bf2-141e62110109,Simple Nucleotide Variation,masked_somatic_mutation,Illumina,81863,2022-08-01T16:44:14.774579-05:00,73e05a2df5e40ae633647979173ff7dc,2024-07-31T06:35:23.301070-05:00,7ab6e0cc-73f2-481f-8c74-e89161f6c6ed,Masked Somatic Mutation,released,WXS,2,35.0 - 46.0,TCGA-LUAD,7fc9519f-72fa-4b26-80ad-3924f5ac47f0,released,e8fd4269-c9e6-4f1d-be5f-eee80fc4b9fe,https://github.com/NCI-GDC/aliquot-maf-cwl/blob/3dd621a8745ee2b91716911604bf3f096337a9b7/ensemble_aliquot_maf/ensemble_aliquot_maf_wf.cwl,Aliquot Ensemble Somatic Variant Merging and Masking,3dd621a8745ee2b91716911604bf3f096337a9b7,
74d9e845-4334-4178-9da3-11b3c07a225d,MAF,"TCGA-38-4626-01A-01D-1553-08,TCGA-38-4626-11A-01D-1553-08",open,df35c635-dd73-4f6f-b141-6000ce81cb49.wxs.aliquot_ensemble_masked.maf.gz,1b295d83-93b9-4fad-99ef-7adf27478bb2,Simple Nucleotide Variation,masked_somatic_mutation,Illumina,67741,2022-08-01T16:44:41.587572-05:00,731f6db1596637ececba1d9ad8ba62d1,2024-07-31T06:29:35.636178-05:00,74d9e845-4334-4178-9da3-11b3c07a225d,Masked Somatic Mutation,released,WXS,2,35.0 - 46.0,TCGA-LUAD,425e1964-fed7-4403-9f74-44ce910736e3,released,df35c635-dd73-4f6f-b141-6000ce81cb49,https://github.com/NCI-GDC/aliquot-maf-cwl/blob/3dd621a8745ee2b91716911604bf3f096337a9b7/ensemble_aliquot_maf/ensemble_aliquot_maf_wf.cwl,Aliquot Ensemble Somatic Variant Merging and Masking,3dd621a8745ee2b91716911604bf3f096337a9b7,
ffc4b353-7444-4aa7-9475-91eb3b999227,MAF,"TCGA-97-7546-01A-11D-2036-08,TCGA-97-7546-10A-01D-2036-08",open,565656ba-031b-43a3-a339-a4b444358def.wxs.aliquot_ensemble_masked.maf.gz,707c30b6-6688-4ddc-be60-a52eabf55594,Simple Nucleotide Variation,masked_somatic_mutation,Illumina,89800,2022-08-01T16:44:45.577433-05:00,2a34db26e8d10b244ec186f97f7b080c,2024-07-31T06:34:49.571346-05:00,ffc4b353-7444-4aa7-9475-91eb3b999227,Masked Somatic Mutation,released,WXS,2,35.0 - 46.0,TCGA-LUAD,358a2be2-4b02-44f7-ab3c-6e632592fef6,released,565656ba-031b-43a3-a339-a4b444358def,https://github.com/NCI-GDC/aliquot-maf-cwl/blob/3dd621a8745ee2b91716911604bf3f096337a9b7/ensemble_aliquot_maf/ensemble_aliquot_maf_wf.cwl,Aliquot Ensemble Somatic Variant Merging and Masking,3dd621a8745ee2b91716911604bf3f096337a9b7,
0fc27300-1278-4615-9e67-c569939f294e,MAF,"TCGA-55-8299-01A-11D-2284-08,TCGA-55-8299-10B-01D-2323-08",open,9591b9ec-827d-4cba-8bca-fb464015977e.wxs.aliquot_ensemble_masked.maf.gz,4d887d1b-36c7-4cad-942b-9f334a9a2c63,Simple Nucleotide Variation,masked_somatic_mutation,Illumina,56268,2022-08-01T16:55:57.522081-05:00,8be6ad0c02b06e9ccdf7c3b1be7fc837,2024-07-31T06:35:00.842524-05:00,0fc27300-1278-4615-9e67-c569939f294e,Masked Somatic Mutation,released,WXS,2,35.0 - 46.0,TCGA-LUAD,3e5d065a-b69f-44fe-9e50-9835faa56db3,released,9591b9ec-827d-4cba-8bca-fb464015977e,https://github.com/NCI-GDC/aliquot-maf-cwl/blob/3dd621a8745ee2b91716911604bf3f096337a9b7/ensemble_aliquot_maf/ensemble_aliquot_maf_wf.cwl,Aliquot Ensemble Somatic Variant Merging and Masking,3dd621a8745ee2b91716911604bf3f096337a9b7,
802dd560-e426-4819-97be-2879ea30bf81,MAF,"TCGA-MP-A4T4-01A-11D-A25L-08,TCGA-MP-A4T4-10A-01D-A25L-08",open,dc49004c-58d9-42ad-891c-805c6b43d947.wxs.aliquot_ensemble_masked.maf.gz,f3cf5be4-04ec-476d-994d-e741217d85e0,Simple Nucleotide Variation,masked_somatic_mutation,Illumina,127593,2022-08-01T16:38:02.911696-05:00,b777a097c926a1f9f1443ac3b93dd085,2024-07-31T06:30:09.846600-05:00,802dd560-e426-4819-97be-2879ea30bf81,Masked Somatic Mutation,released,WXS,2,35.0 - 46.0,TCGA-LUAD,177f67d2-19e6-4d47-a070-495e1a6ff489,released,dc49004c-58d9-42ad-891c-805c6b43d947,https://github.com/NCI-GDC/aliquot-maf-cwl/blob/3dd621a8745ee2b91716911604bf3f096337a9b7/ensemble_aliquot_maf/ensemble_aliquot_maf_wf.cwl,Aliquot Ensemble Somatic Variant Merging and Masking,3dd621a8745ee2b91716911604bf3f096337a9b7,
c3fc6691-992d-48cf-a376-9a122ae0c992,MAF,"TCGA-17-Z009-01A-01W-0746-08,TCGA-17-Z009-11A-01W-0746-08",open,496f2027-253d-4c6f-a7db-db576af1d8fe.wxs.aliquot_ensemble_masked.maf.gz,2a82170d-f048-40e0-aacd-f90e81dd4748,Simple Nucleotide Variation,masked_somatic_mutation,Illumina,12833,2022-08-01T16:41:21.283826-05:00,1a8877d9bed93179bc5b1aec6d191745,2024-07-31T06:27:31.523088-05:00,c3fc6691-992d-48cf-a376-9a122ae0c992,Masked Somatic Mutation,released,WXS,2,35.0 - 46.0,TCGA-LUAD,9fdea327-a4a9-4144-b595-e8df5b132470,released,496f2027-253d-4c6f-a7db-db576af1d8fe,https://github.com/NCI-GDC/aliquot-maf-cwl/blob/3dd621a8745ee2b91716911604bf3f096337a9b7/ensemble_aliquot_maf/ensemble_aliquot_maf_wf.cwl,Aliquot Ensemble Somatic Variant Merging and Masking,3dd621a8745ee2b91716911604bf3f096337a9b7,
eb3743c1-f5ac-4003-8fe3-7b6170dfbc78,MAF,"TCGA-NJ-A4YI-01A-11D-A25L-08,TCGA-NJ-A4YI-10A-01D-A25L-08",open,8fe36903-14d0-481a-af5f-b50b10327bba.wxs.aliquot_ensemble_masked.maf.gz,faaf754f-3e29-4dce-b33c-7786eef3d646,Simple Nucleotide Variation,masked_somatic_mutation,Illumina,148666,2022-08-01T17:05:08.320570-05:00,12f3a1f6a5ffb9d72c9121b455f0c99d,2024-07-31T06:37:47.186444-05:00,eb3743c1-f5ac-4003-8fe3-7b6170dfbc78,Masked Somatic Mutation,released,WXS,2,35.0 - 46.0,TCGA-LUAD,71fd9d89-4c1e-4268-a33e-eb437f033d23,released,8fe36903-14d0-481a-af5f-b50b10327bba,https://github.com/NCI-GDC/aliquot-maf-cwl/blob/3dd621a8745ee2b91716911604bf3f096337a9b7/ensemble_aliquot_maf/ensemble_aliquot_maf_wf.cwl,Aliquot Ensemble Somatic Variant Merging and Masking,3dd621a8745ee2b91716911604bf3f096337a9b7,
84c239c8-71c5-4b89-8522-c9368950e2b1,MAF,"TCGA-L4-A4E5-01A-11D-A24P-08,TCGA-L4-A4E5-10A-01D-A24P-08",open,1e496d8c-0ab1-4462-b2e2-a48136ab138e.wxs.aliquot_ensemble_masked.maf.gz,a238ff58-9224-4aac-bee6-fac9b6100993,Simple Nucleotide Variation,masked_somatic_mutation,Illumina,112200,2022-08-01T16:39:06.769262-05:00,c3d1ba34cb9b76ebdeaa630e54e438fe,2024-07-31T06:29:03.062429-05:00,84c239c8-71c5-4b89-8522-c9368950e2b1,Masked Somatic Mutation,released,WXS,2,35.0 - 46.0,TCGA-LUAD,db23f570-1b61-4121-92ca-fbe630076d4e,released,1e496d8c-0ab1-4462-b2e2-a48136ab138e,https://github.com/NCI-GDC/aliquot-maf-cwl/blob/3dd621a8745ee2b91716911604bf3f096337a9b7/ensemble_aliquot_maf/ensemble_aliquot_maf_wf.cwl,Aliquot Ensemble Somatic Variant Merging and Masking,3dd621a8745ee2b91716911604bf3f096337a9b7,
51371120-76d8-4bd2-857d-2bc06c574ad6,MAF,"TCGA-55-8096-01A-11D-2238-08,TCGA-55-8096-10A-01D-2238-08",open,acda5160-7899-4a50-88ed-418d55adaea7.wxs.aliquot_ensemble_masked.maf.gz,3d3875a8-cf6f-465e-a8a9-a603ac2e8b04,Simple Nucleotide Variation,masked_somatic_mutation,Illumina,49732,2022-08-01T17:01:44.739948-05:00,586664f03763b3a8c839ba40b3f7b704,2024-07-31T06:38:34.885705-05:00,51371120-76d8-4bd2-857d-2bc06c574ad6,Masked Somatic Mutation,released,WXS,2,35.0 - 46.0,TCGA-LUAD,a7d4d009-612f-445b-a33c-bce7eb446c6a,released,acda5160-7899-4a50-88ed-418d55adaea7,https://github.com/NCI-GDC/aliquot-maf-cwl/blob/3dd621a8745ee2b91716911604bf3f096337a9b7/ensemble_aliquot_maf/ensemble_aliquot_maf_wf.cwl,Aliquot Ensemble Somatic Variant Merging and Masking,3dd621a8745ee2b91716911604bf3f096337a9b7,
272f8df5-b85b-4fa9-b3ad-336c028d761a,MAF,"TCGA-49-AAR0-01A-21D-A397-08,TCGA-49-AAR0-11A-11D-A39A-08",open,b44c03fa-b8b0-40ad-9092-f3818640f4cf.wxs.aliquot_ensemble_masked.maf.gz,98be21c7-bade-4491-bc39-e2224b1a46bd,Simple Nucleotide Variation,masked_somatic_mutation,Illumina,46843,2022-08-01T16:55:07.892878-05:00,2b3c850cdf3e88e99783ff119e409ebf,2024-07-31T06:35:02.272874-05:00,272f8df5-b85b-4fa9-b3ad-336c028d761a,Masked Somatic Mutation,released,WXS,2,35.0 - 46.0,TCGA-LUAD,da3cba8c-e71c-4aee-a92c-a52578f5c627,released,b44c03fa-b8b0-40ad-9092-f3818640f4cf,https://github.com/NCI-GDC/aliquot-maf-cwl/blob/3dd621a8745ee2b91716911604bf3f096337a9b7/ensemble_aliquot_maf/ensemble_aliquot_maf_wf.cwl,Aliquot Ensemble Somatic Variant Merging and Masking,3dd621a8745ee2b91716911604bf3f096337a9b7,
c2da598c-2663-437d-847b-e0ae228c60fb,MAF,"TCGA-05-4244-01A-01D-1105-08,TCGA-05-4244-10A-01D-1105-08",open,3445d00a-6639-4730-b12a-b7f9e225b32c.wxs.aliquot_ensemble_masked.maf.gz,50238a3d-8540-4c07-8e43-5940fa5c50ba,Simple Nucleotide Variation,masked_somatic_mutation,Illumina,75845,2022-08-01T16:47:30.503026-05:00,c366082229c4160caae04a59e8e2d690,2024-07-31T06:35:20.612116-05:00,c2da598c-2663-437d-847b-e0ae228c60fb,Masked Somatic Mutation,released,WXS,2,35.0 - 46.0,TCGA-LUAD,8eb867f9-473f-452d-ae49-5a2be2d0ac82,released,3445d00a-6639-4730-b12a-b7f9e225b32c,https://github.com/NCI-GDC/aliquot-maf-cwl/blob/3dd621a8745ee2b91716911604bf3f096337a9b7/ensemble_aliquot_maf/ensemble_aliquot_maf_wf.cwl,Aliquot Ensemble Somatic Variant Merging and Masking,3dd621a8745ee2b91716911604bf3f096337a9b7,
d3d61acb-c135-4631-acec-8d4031093a70,MAF,"TCGA-50-5930-01A-11D-1753-08,TCGA-50-5930-11A-01D-1753-08",open,6d1b211f-2212-49d0-8654-4550aefb9e59.wxs.aliquot_ensemble_masked.maf.gz,96dc9f81-6500-48a2-9c8c-2c3d72167cbf,Simple Nucleotide Variation,masked_somatic_mutation,Illumina,352693,2022-08-01T16:51:49.882220-05:00,1ca2613041f22b498e000b012942939f,2024-07-31T06:37:59.087948-05:00,d3d61acb-c135-4631-acec-8d4031093a70,Masked Somatic Mutation,released,WXS,2,35.0 - 46.0,TCGA-LUAD,5a73d940-6356-4c0c-9904-979726b206e9,released,6d1b211f-2212-49d0-8654-4550aefb9e59,https://github.com/NCI-GDC/aliquot-maf-cwl/blob/3dd621a8745ee2b91716911604bf3f096337a9b7/ensemble_aliquot_maf/ensemble_aliquot_maf_wf.cwl,Aliquot Ensemble Somatic Variant Merging and Masking,3dd621a8745ee2b91716911604bf3f096337a9b7,
7d1d4767-656d-4a42-b402-e61f902de293,MAF,"TCGA-67-3774-01A-01D-1040-01,TCGA-67-3774-10A-01D-1489-08",open,5b56ddb2-067c-4f81-8ca4-c423dc8b6738.wxs.aliquot_ensemble_masked.maf.gz,e56c8415-6021-42f6-bb71-8bc1220db464,Simple Nucleotide Variation,masked_somatic_mutation,Illumina,41466,2022-08-01T16:52:37.700533-05:00,deed87c87feff97206abb9cd610bc863,2024-07-31T06:31:29.998305-05:00,7d1d4767-656d-4a42-b402-e61f902de293,Masked Somatic Mutation,released,WXS,2,35.0 - 46.0,TCGA-LUAD,76ffba0b-7d98-41f7-aad4-0abca345b9ff,released,5b56ddb2-067c-4f81-8ca4-c423dc8b6738,https://github.com/NCI-GDC/aliquot-maf-cwl/blob/3dd621a8745ee2b91716911604bf3f096337a9b7/ensemble_aliquot_maf/ensemble_aliquot_maf_wf.cwl,Aliquot Ensemble Somatic Variant Merging and Masking,3dd621a8745ee2b91716911604bf3f096337a9b7,
3c9219ac-cf5f-4ab9-9bf3-5ff16a4ab1ff,MAF,"TCGA-97-8171-01A-11D-2284-08,TCGA-97-8171-10A-01D-2284-08",open,dec2238d-eb92-482c-8f72-ad4a9dfb2df1.wxs.aliquot_ensemble_masked.maf.gz,4bb2e789-432b-41aa-9134-be654ca28212,Simple Nucleotide Variation,masked_somatic_mutation,Illumina,22726,2022-08-01T16:54:39.786577-05:00,cc6b84d08b7b54bbe40e60a815712c65,2024-07-31T06:33:08.437794-05:00,3c9219ac-cf5f-4ab9-9bf3-5ff16a4ab1ff,Masked Somatic Mutation,released,WXS,2,35.0 - 46.0,TCGA-LUAD,db6c87f2-da54-4fb0-9a42-731f9730ad8d,released,dec2238d-eb92-482c-8f72-ad4a9dfb2df1,https://github.com/NCI-GDC/aliquot-maf-cwl/blob/3dd621a8745ee2b91716911604bf3f096337a9b7/ensemble_aliquot_maf/ensemble_aliquot_maf_wf.cwl,Aliquot Ensemble Somatic Variant Merging and Masking,3dd621a8745ee2b91716911604bf3f096337a9b7,
1309f4e1-0533-4d1c-aefb-1657da687007,MAF,"TCGA-44-7672-01A-11D-2063-08,TCGA-44-7672-10A-01D-2063-08",open,e2b214ff-9f66-49c3-b4e6-540c7c4d9b89.wxs.aliquot_ensemble_masked.maf.gz,582dcd16-003a-43b4-ae39-a57b8b66e6b4,Simple Nucleotide Variation,masked_somatic_mutation,Illumina,54747,2022-08-01T16:52:46.161505-05:00,58ceb39ab940eaa4a646be0dbba2e474,2024-07-31T06:31:08.187269-05:00,1309f4e1-0533-4d1c-aefb-1657da687007,Masked Somatic Mutation,released,WXS,2,35.0 - 46.0,TCGA-LUAD,ceb8f419-68b9-44ba-9071-6ce8624e077c,released,e2b214ff-9f66-49c3-b4e6-540c7c4d9b89,https://github.com/NCI-GDC/aliquot-maf-cwl/blob/3dd621a8745ee2b91716911604bf3f096337a9b7/ensemble_aliquot_maf/ensemble_aliquot_maf_wf.cwl,Aliquot Ensemble Somatic Variant Merging and Masking,3dd621a8745ee2b91716911604bf3f096337a9b7,
1c932ec8-5d1f-4a48-9dbe-cc61c6dd93bb,MAF,"TCGA-64-5781-01A-01D-1625-08,TCGA-64-5781-10A-01D-1625-08",open,9088478f-0a26-44e3-af3c-ec2c80bbae26.wxs.aliquot_ensemble_masked.maf.gz,791cdafa-c17b-49b2-b2d9-3c7842b528a3,Simple Nucleotide Variation,masked_somatic_mutation,Illumina,351932,2022-08-01T16:40:07.848184-05:00,903ed5229aa71b9709db943d0c38433d,2024-07-31T06:26:38.111244-05:00,1c932ec8-5d1f-4a48-9dbe-cc61c6dd93bb,Masked Somatic Mutation,released,WXS,2,35.0 - 46.0,TCGA-LUAD,fc93fd9f-546b-40c7-9714-66f7b55d89bf,released,9088478f-0a26-44e3-af3c-ec2c80bbae26,https://github.com/NCI-GDC/aliquot-maf-cwl/blob/3dd621a8745ee2b91716911604bf3f096337a9b7/ensemble_aliquot_maf/ensemble_aliquot_maf_wf.cwl,Aliquot Ensemble Somatic Variant Merging and Masking,3dd621a8745ee2b91716911604bf3f096337a9b7,
48083399-d37d-4d57-9036-6fb1f7741f15,MAF,"TCGA-NJ-A4YP-01A-11D-A25L-08,TCGA-NJ-A4YP-10A-01D-A25L-08",open,ad634b03-eab5-48ba-ada3-b984f8a1d187.wxs.aliquot_ensemble_masked.maf.gz,4503cd63-8a8c-4317-80b2-2f1249ad3054,Simple Nucleotide Variation,masked_somatic_mutation,Illumina,190196,2022-08-01T16:45:17.495102-05:00,03ae87d91352d5ee7537f5eb3b39e7b2,2024-07-31T06:25:28.137110-05:00,48083399-d37d-4d57-9036-6fb1f7741f15,Masked Somatic Mutation,released,WXS,2,35.0 - 46.0,TCGA-LUAD,5f1a0864-386f-4997-90fd-02a70df2f62f,released,ad634b03-eab5-48ba-ada3-b984f8a1d187,https://github.com/NCI-GDC/aliquot-maf-cwl/blob/3dd621a8745ee2b91716911604bf3f096337a9b7/ensemble_aliquot_maf/ensemble_aliquot_maf_wf.cwl,Aliquot Ensemble Somatic Variant Merging and Masking,3dd621a8745ee2b91716911604bf3f096337a9b7,
f9588875-a849-4a35-a90d-d96d402c3a88,MAF,"TCGA-O1-A52J-01A-11D-A25L-08,TCGA-O1-A52J-10A-01D-A25L-08",open,83a6a9b7-fb06-41a6-b299-2d75adaf8528.wxs.aliquot_ensemble_masked.maf.gz,e5b170a9-c386-4b0a-a463-4dc24bf92467,Simple Nucleotide Variation,masked_somatic_mutation,Illumina,62812,2022-08-01T16:46:23.082581-05:00,6334bfbee298dbdb08d4f5c10311dc5b,2024-07-31T06:29:53.917133-05:00,f9588875-a849-4a35-a90d-d96d402c3a88,Masked Somatic Mutation,released,WXS,2,35.0 - 46.0,TCGA-LUAD,c5fe8d3d-e046-4f0a-a345-9804a676645b,released,83a6a9b7-fb06-41a6-b299-2d75adaf8528,https://github.com/NCI-GDC/aliquot-maf-cwl/blob/3dd621a8745ee2b91716911604bf3f096337a9b7/ensemble_aliquot_maf/ensemble_aliquot_maf_wf.cwl,Aliquot Ensemble Somatic Variant Merging and Masking,3dd621a8745ee2b91716911604bf3f096337a9b7,
8f1edc95-995a-49aa-88b4-23669a44cf55,MAF,"TCGA-78-8660-01A-11D-2393-08,TCGA-78-8660-10A-01D-2393-08",open,47068684-1d50-4040-98ac-37e1fc63ca93.wxs.aliquot_ensemble_masked.maf.gz,b9b54122-3baa-4ee4-b071-8c7989b6ce1e,Simple Nucleotide Variation,masked_somatic_mutation,Illumina,84510,2022-08-01T16:42:58.650901-05:00,a3ecdb855ef7d5b7b68b0c36b77bb0ce,2024-07-31T06:25:41.821613-05:00,8f1edc95-995a-49aa-88b4-23669a44cf55,Masked Somatic Mutation,released,WXS,2,35.0 - 46.0,TCGA-LUAD,6afc17f0-edce-4517-ae1d-e2e72e46a8ac,released,47068684-1d50-4040-98ac-37e1fc63ca93,https://github.com/NCI-GDC/aliquot-maf-cwl/blob/3dd621a8745ee2b91716911604bf3f096337a9b7/ensemble_aliquot_maf/ensemble_aliquot_maf_wf.cwl,Aliquot Ensemble Somatic Variant Merging and Masking,3dd621a8745ee2b91716911604bf3f096337a9b7,
a066b306-49fe-47c4-a19f-f86f40ada4d5,MAF,"TCGA-44-2656-01A-02D-A271-08,TCGA-44-2656-10A-01D-0969-08",open,efd20b42-06c3-4d61-96f2-430d60ac65f2.wxs.aliquot_ensemble_masked.maf.gz,73094395-6d31-4ebb-a737-33ed87bce57e,Simple Nucleotide Variation,masked_somatic_mutation,Illumina,252602,2022-08-01T16:47:41.721646-05:00,09df3621f913d47e1e37ec92573a5056,2024-07-31T06:29:45.364461-05:00,a066b306-49fe-47c4-a19f-f86f40ada4d5,Masked Somatic Mutation,released,WXS,2,35.0 - 46.0,TCGA-LUAD,2d94f811-56fd-4084-8578-22822098517a,released,efd20b42-06c3-4d61-96f2-430d60ac65f2,https://github.com/NCI-GDC/aliquot-maf-cwl/blob/3dd621a8745ee2b91716911604bf3f096337a9b7/ensemble_aliquot_maf/ensemble_aliquot_maf_wf.cwl,Aliquot Ensemble Somatic Variant Merging and Masking,3dd621a8745ee2b91716911604bf3f096337a9b7,
61300c06-3272-45e4-b19f-94dfd276debd,MAF,"TCGA-86-8074-01A-11D-2238-08,TCGA-86-8074-10A-01D-2238-08",open,f3934f06-2c19-40b7-88dc-b46d1a573bdc.wxs.aliquot_ensemble_masked.maf.gz,e79129f4-563c-4df6-a3c2-9a9ba1daf2e2,Simple Nucleotide Variation,masked_somatic_mutation,Illumina,29232,2022-08-01T16:39:39.503652-05:00,5153eb8081c86b3e7fe5f19f904d1149,2024-07-31T06:25:47.140854-05:00,61300c06-3272-45e4-b19f-94dfd276debd,Masked Somatic Mutation,released,WXS,2,35.0 - 46.0,TCGA-LUAD,6b619c2f-24c3-444c-9496-927ce1656aa5,released,f3934f06-2c19-40b7-88dc-b46d1a573bdc,https://github.com/NCI-GDC/aliquot-maf-cwl/blob/3dd621a8745ee2b91716911604bf3f096337a9b7/ensemble_aliquot_maf/ensemble_aliquot_maf_wf.cwl,Aliquot Ensemble Somatic Variant Merging and Masking,3dd621a8745ee2b91716911604bf3f096337a9b7,
6bd62e34-5534-4ee0-b69b-c40ab757489d,MAF,"TCGA-44-2656-01A-41D-A27T-08,TCGA-44-2656-10A-01D-0969-08",open,c7ee3e85-75fb-4fe9-ae51-97d149781b26.wxs.aliquot_ensemble_masked.maf.gz,21777310-e5a8-4525-9bbe-87a89ec6abe7,Simple Nucleotide Variation,masked_somatic_mutation,Illumina,269984,2022-08-01T16:47:49.045101-05:00,9f0a8b2db58048f38915d6270939e6d7,2024-07-31T06:36:50.400632-05:00,6bd62e34-5534-4ee0-b69b-c40ab757489d,Masked Somatic Mutation,released,WXS,2,35.0 - 46.0,TCGA-LUAD,408d3e6e-7b8f-490a-bba2-2cd5f0a2f900,released,c7ee3e85-75fb-4fe9-ae51-97d149781b26,https://github.com/NCI-GDC/aliquot-maf-cwl/blob/3dd621a8745ee2b91716911604bf3f096337a9b7/ensemble_aliquot_maf/ensemble_aliquot_maf_wf.cwl,Aliquot Ensemble Somatic Variant Merging and Masking,3dd621a8745ee2b91716911604bf3f096337a9b7,
84a48edd-9391-4b35-b78c-506fd1191abc,MAF,"TCGA-78-7535-01A-11D-2063-08,TCGA-78-7535-10A-01D-2063-08",open,65b73b0e-67a7-43b6-8719-8935176d13f0.wxs.aliquot_ensemble_masked.maf.gz,2390b599-5a95-403d-aa75-3ce607b54ac5,Simple Nucleotide Variation,masked_somatic_mutation,Illumina,59238,2022-08-01T16:51:40.053339-05:00,d7fc0f30110aff0556d1f8567f603144,2024-07-31T06:25:39.322120-05:00,84a48edd-9391-4b35-b78c-506fd1191abc,Masked Somatic Mutation,released,WXS,2,35.0 - 46.0,TCGA-LUAD,fd690f43-4ded-4818-8cc3-7322a75f480e,released,65b73b0e-67a7-43b6-8719-8935176d13f0,https://github.com/NCI-GDC/aliquot-maf-cwl/blob/3dd621a8745ee2b91716911604bf3f096337a9b7/ensemble_aliquot_maf/ensemble_aliquot_maf_wf.cwl,Aliquot Ensemble Somatic Variant Merging and Masking,3dd621a8745ee2b91716911604bf3f096337a9b7,
b931fc3c-3928-4737-8316-5832ec099b4f,MAF,"TCGA-75-7027-01A-11D-1945-08,TCGA-75-7027-10A-01D-1946-08",open,abed1903-4541-4fa2-a274-079a88bee472.wxs.aliquot_ensemble_masked.maf.gz,e5bb02fd-2856-4b91-9e9b-7ba9e863b7f0,Simple Nucleotide Variation,masked_somatic_mutation,Illumina,83129,2022-08-01T16:43:57.597771-05:00,7fd87f4dd5cb9c79b85ac865cf796de0,2024-07-31T06:34:29.436676-05:00,b931fc3c-3928-4737-8316-5832ec099b4f,Masked Somatic Mutation,released,WXS,2,35.0 - 46.0,TCGA-LUAD,52bea5a7-39ae-49dd-8a10-e4603ab3b5cd,released,abed1903-4541-4fa2-a274-079a88bee472,https://github.com/NCI-GDC/aliquot-maf-cwl/blob/3dd621a8745ee2b91716911604bf3f096337a9b7/ensemble_aliquot_maf/ensemble_aliquot_maf_wf.cwl,Aliquot Ensemble Somatic Variant Merging and Masking,3dd621a8745ee2b91716911604bf3f096337a9b7,
daa62b29-d8fe-43eb-bb9c-669eaec73123,MAF,"TCGA-17-Z005-01A-01W-0746-08,TCGA-17-Z005-11A-01W-0746-08",open,99cfabdf-62e3-484e-8d01-5af18b1663b3.wxs.aliquot_ensemble_masked.maf.gz,51609018-a67c-4824-95fc-53d7159ecbd1,Simple Nucleotide Variation,masked_somatic_mutation,Illumina,31944,2022-08-01T17:05:16.980382-05:00,6f839db014c3cc0b5f8cd4dd797b6a04,2024-07-31T06:35:28.515091-05:00,daa62b29-d8fe-43eb-bb9c-669eaec73123,Masked Somatic Mutation,released,WXS,2,35.0 - 46.0,TCGA-LUAD,ddb71212-2888-40d2-bbad-29a97fe01201,released,99cfabdf-62e3-484e-8d01-5af18b1663b3,https://github.com/NCI-GDC/aliquot-maf-cwl/blob/3dd621a8745ee2b91716911604bf3f096337a9b7/ensemble_aliquot_maf/ensemble_aliquot_maf_wf.cwl,Aliquot Ensemble Somatic Variant Merging and Masking,3dd621a8745ee2b91716911604bf3f096337a9b7,
bc9ea226-6b5d-4214-86f6-e8fa3ae7a564,MAF,"TCGA-50-8460-01A-11D-2323-08,TCGA-50-8460-10A-01D-2323-08",open,c1875b28-01c3-4271-94ce-23815e4bb1f4.wxs.aliquot_ensemble_masked.maf.gz,9c1c6db0-1422-46ae-90fb-7165bcaab32a,Simple Nucleotide Variation,masked_somatic_mutation,Illumina,14377,2022-08-01T16:59:18.802542-05:00,a4a5035cd51072d25bf998920dea8eed,2024-07-31T06:30:03.725213-05:00,bc9ea226-6b5d-4214-86f6-e8fa3ae7a564,Masked Somatic Mutation,released,WXS,2,35.0 - 46.0,TCGA-LUAD,de270a01-d98c-42e9-9659-83e38e83c7a4,released,c1875b28-01c3-4271-94ce-23815e4bb1f4,https://github.com/NCI-GDC/aliquot-maf-cwl/blob/3dd621a8745ee2b91716911604bf3f096337a9b7/ensemble_aliquot_maf/ensemble_aliquot_maf_wf.cwl,Aliquot Ensemble Somatic Variant Merging and Masking,3dd621a8745ee2b91716911604bf3f096337a9b7,
f09a0f5c-d15f-40c1-b60a-586f4b4f7701,MAF,"TCGA-53-7813-01A-11D-2167-08,TCGA-53-7813-10A-01D-2167-08",open,a5e85aa5-64db-4a3e-9419-aad9bba12488.wxs.aliquot_ensemble_masked.maf.gz,8f2125b9-1bf6-4615-82dd-70d6bbecd67c,Simple Nucleotide Variation,masked_somatic_mutation,Illumina,56643,2022-08-01T16:59:16.143619-05:00,33f03c1d59db9b056ac93862b937a187,2024-07-31T06:32:43.294313-05:00,f09a0f5c-d15f-40c1-b60a-586f4b4f7701,Masked Somatic Mutation,released,WXS,2,35.0 - 46.0,TCGA-LUAD,ad57ae2d-4fdf-4833-bac4-30d82630c39a,released,a5e85aa5-64db-4a3e-9419-aad9bba12488,https://github.com/NCI-GDC/aliquot-maf-cwl/blob/3dd621a8745ee2b91716911604bf3f096337a9b7/ensemble_aliquot_maf/ensemble_aliquot_maf_wf.cwl,Aliquot Ensemble Somatic Variant Merging and Masking,3dd621a8745ee2b91716911604bf3f096337a9b7,
652f3ee5-c653-4596-aeee-28984b11c5ae,MAF,"TCGA-78-7145-01A-11D-2036-08,TCGA-78-7145-10A-01D-2036-08",open,c37fc808-f63e-40a5-9892-40a3d2d68c2f.wxs.aliquot_ensemble_masked.maf.gz,137e5206-cf28-41fd-82f8-cf7dce34339c,Simple Nucleotide Variation,masked_somatic_mutation,Illumina,65338,2022-08-01T17:05:00.129497-05:00,535e4e8d66bb7d5ee468256a735b3e42,2024-07-31T06:31:06.862153-05:00,652f3ee5-c653-4596-aeee-28984b11c5ae,Masked Somatic Mutation,released,WXS,2,35.0 - 46.0,TCGA-LUAD,1e7a18c4-a32b-4ef9-a2fd-3841c341c2f3,released,c37fc808-f63e-40a5-9892-40a3d2d68c2f,https://github.com/NCI-GDC/aliquot-maf-cwl/blob/3dd621a8745ee2b91716911604bf3f096337a9b7/ensemble_aliquot_maf/ensemble_aliquot_maf_wf.cwl,Aliquot Ensemble Somatic Variant Merging and Masking,3dd621a8745ee2b91716911604bf3f096337a9b7,
6bfa1e21-392f-4400-be5e-74deba5cb673,MAF,"TCGA-75-7031-01A-11D-1945-08,TCGA-75-7031-10A-01D-1946-08",open,b044473a-8ac7-4fca-928e-274b08fa8e06.wxs.aliquot_ensemble_masked.maf.gz,3a01f3c3-f145-4ff1-88be-ff6fde6b6e15,Simple Nucleotide Variation,masked_somatic_mutation,Illumina,74365,2022-08-01T16:43:00.769633-05:00,37b639a139816bd16004c34f6d402c0a,2024-07-31T06:34:50.740080-05:00,6bfa1e21-392f-4400-be5e-74deba5cb673,Masked Somatic Mutation,released,WXS,2,35.0 - 46.0,TCGA-LUAD,ed80cd50-7765-470d-b3d2-8286a0304214,released,b044473a-8ac7-4fca-928e-274b08fa8e06,https://github.com/NCI-GDC/aliquot-maf-cwl/blob/3dd621a8745ee2b91716911604bf3f096337a9b7/ensemble_aliquot_maf/ensemble_aliquot_maf_wf.cwl,Aliquot Ensemble Somatic Variant Merging and Masking,3dd621a8745ee2b91716911604bf3f096337a9b7,
d0aef9a8-1d05-40c0-8225-e8ea61e5f8d3,MAF,"TCGA-91-8499-01A-11D-2393-08,TCGA-91-8499-10A-01D-2393-08",open,5b04d9eb-98b0-4aff-8168-53a6b31bd9c5.wxs.aliquot_ensemble_masked.maf.gz,90a1af74-647a-407e-9e6e-eb7330bf58a6,Simple Nucleotide Variation,masked_somatic_mutation,Illumina,111166,2022-08-01T16:47:56.291288-05:00,6947a8f1f6c471b953bd99ea0ac24b27,2024-07-31T06:27:44.161703-05:00,d0aef9a8-1d05-40c0-8225-e8ea61e5f8d3,Masked Somatic Mutation,released,WXS,2,35.0 - 46.0,TCGA-LUAD,fd28045c-7a4a-4537-b40d-a14adba16c04,released,5b04d9eb-98b0-4aff-8168-53a6b31bd9c5,https://github.com/NCI-GDC/aliquot-maf-cwl/blob/3dd621a8745ee2b91716911604bf3f096337a9b7/ensemble_aliquot_maf/ensemble_aliquot_maf_wf.cwl,Aliquot Ensemble Somatic Variant Merging and Masking,3dd621a8745ee2b91716911604bf3f096337a9b7,
3015eea2-632f-4290-99eb-76e8d88a14f2,MAF,"TCGA-49-4507-01A-01D-1265-08,TCGA-49-4507-11A-01D-1265-08",open,074862f2-acbf-4141-a72a-da28c9cb5f39.wxs.aliquot_ensemble_masked.maf.gz,c20805eb-7e52-47ca-82dd-368eab6a850e,Simple Nucleotide Variation,masked_somatic_mutation,Illumina,67695,2022-08-01T16:57:03.213898-05:00,c73d357d5e2dcfe8398c02a9428f93a2,2024-07-31T06:30:47.674536-05:00,3015eea2-632f-4290-99eb-76e8d88a14f2,Masked Somatic Mutation,released,WXS,2,35.0 - 46.0,TCGA-LUAD,7af1341a-05e7-4f3d-aca6-b40d32b47ab1,released,074862f2-acbf-4141-a72a-da28c9cb5f39,https://github.com/NCI-GDC/aliquot-maf-cwl/blob/3dd621a8745ee2b91716911604bf3f096337a9b7/ensemble_aliquot_maf/ensemble_aliquot_maf_wf.cwl,Aliquot Ensemble Somatic Variant Merging and Masking,3dd621a8745ee2b91716911604bf3f096337a9b7,
b6171ad0-d84d-46c2-adaa-500b7b45bbbb,MAF,"TCGA-86-7953-01A-11D-2184-08,TCGA-86-7953-10A-01D-2184-08",open,1e6b8d4b-6a0f-4c9d-af8c-5a6f592aa5fb.wxs.aliquot_ensemble_masked.maf.gz,9b1c1b6c-0ab9-450b-a543-ce8a71dc0a34,Simple Nucleotide Variation,masked_somatic_mutation,Illumina,23069,2022-08-01T17:04:11.963315-05:00,8c646fbde4cc088ddf602ac539daa936,2024-07-31T06:34:37.313737-05:00,b6171ad0-d84d-46c2-adaa-500b7b45bbbb,Masked Somatic Mutation,released,WXS,2,35.0 - 46.0,TCGA-LUAD,26d33880-2a7c-4852-af6f-82a7df26ef63,released,1e6b8d4b-6a0f-4c9d-af8c-5a6f592aa5fb,https://github.com/NCI-GDC/aliquot-maf-cwl/blob/3dd621a8745ee2b91716911604bf3f096337a9b7/ensemble_aliquot_maf/ensemble_aliquot_maf_wf.cwl,Aliquot Ensemble Somatic Variant Merging and Masking,3dd621a8745ee2b91716911604bf3f096337a9b7,
ac9fbafb-890f-455c-8178-6e089f108b81,MAF,"TCGA-17-Z054-01A-01W-0747-08,TCGA-17-Z054-11A-01W-0747-08",open,ce82f575-1f44-4d65-9d54-a1844d282752.wxs.aliquot_ensemble_masked.maf.gz,646a106a-276e-4eb7-adfd-359ce0654c4f,Simple Nucleotide Variation,masked_somatic_mutation,Illumina,3089,2022-08-01T16:51:23.708148-05:00,1e1a552dd4aa1e2a336087d9f15ca5dd,2024-07-31T06:37:43.055543-05:00,ac9fbafb-890f-455c-8178-6e089f108b81,Masked Somatic Mutation,released,WXS,2,35.0 - 46.0,TCGA-LUAD,3aea4455-78c4-4be4-b0cf-178ca29143b2,released,ce82f575-1f44-4d65-9d54-a1844d282752,https://github.com/NCI-GDC/aliquot-maf-cwl/blob/3dd621a8745ee2b91716911604bf3f096337a9b7/ensemble_aliquot_maf/ensemble_aliquot_maf_wf.cwl,Aliquot Ensemble Somatic Variant Merging and Masking,3dd621a8745ee2b91716911604bf3f096337a9b7,
3e4e26b2-ee75-4349-80c4-7ad68b2e4e8b,MAF,"TCGA-55-7816-01A-11D-2167-08,TCGA-55-7816-10A-01D-2167-08",open,5f03ea6f-ff8f-401c-8585-4c6e7fd81f47.wxs.aliquot_ensemble_masked.maf.gz,bdb00862-0594-42db-9fa9-3dcc230212d2,Simple Nucleotide Variation,masked_somatic_mutation,Illumina,1142,2022-08-01T16:44:51.894116-05:00,b0b3c8b2b19cffce463c0e48e6d377df,2024-07-31T06:29:20.638139-05:00,3e4e26b2-ee75-4349-80c4-7ad68b2e4e8b,Masked Somatic Mutation,released,WXS,2,35.0 - 46.0,TCGA-LUAD,384bdb71-26fa-4e19-913d-e4ae599d10dc,released,5f03ea6f-ff8f-401c-8585-4c6e7fd81f47,https://github.com/NCI-GDC/aliquot-maf-cwl/blob/3dd621a8745ee2b91716911604bf3f096337a9b7/ensemble_aliquot_maf/ensemble_aliquot_maf_wf.cwl,Aliquot Ensemble Somatic Variant Merging and Masking,3dd621a8745ee2b91716911604bf3f096337a9b7,
26d7b691-e994-4667-a0d9-38f1bb86e484,MAF,"TCGA-55-6983-01A-11D-1945-08,TCGA-55-6983-11A-01D-1945-08",open,0c272376-5384-4ce1-877f-792d9732b04d.wxs.aliquot_ensemble_masked.maf.gz,e7fc7070-bad6-4cad-bb61-b0ead1e89135,Simple Nucleotide Variation,masked_somatic_mutation,Illumina,39175,2022-08-01T16:39:24.672722-05:00,0510a3b3f40120c7368c8212c8562001,2024-07-31T06:28:57.378212-05:00,26d7b691-e994-4667-a0d9-38f1bb86e484,Masked Somatic Mutation,released,WXS,2,35.0 - 46.0,TCGA-LUAD,63529182-981e-4071-873e-3c9bb899e644,released,0c272376-5384-4ce1-877f-792d9732b04d,https://github.com/NCI-GDC/aliquot-maf-cwl/blob/3dd621a8745ee2b91716911604bf3f096337a9b7/ensemble_aliquot_maf/ensemble_aliquot_maf_wf.cwl,Aliquot Ensemble Somatic Variant Merging and Masking,3dd621a8745ee2b91716911604bf3f096337a9b7,
e3ceae3d-740d-429c-9627-6d6a6ec77947,MAF,"TCGA-49-AARO-01A-12D-A410-08,TCGA-49-AARO-11A-11D-A413-08",open,00c2e7e1-5cac-4ff6-84ac-68d01caf2bd3.wxs.aliquot_ensemble_masked.maf.gz,c4963c2e-681a-46b1-b0fc-34360fc75b6d,Simple Nucleotide Variation,masked_somatic_mutation,Illumina,188082,2022-08-01T16:55:46.580443-05:00,b9bc7984fdebc3be0437468466e4af94,2024-07-31T06:37:30.292746-05:00,e3ceae3d-740d-429c-9627-6d6a6ec77947,Masked Somatic Mutation,released,WXS,2,35.0 - 46.0,TCGA-LUAD,279bca67-d3c6-4541-bc85-d9bf33f1fbca,released,00c2e7e1-5cac-4ff6-84ac-68d01caf2bd3,https://github.com/NCI-GDC/aliquot-maf-cwl/blob/3dd621a8745ee2b91716911604bf3f096337a9b7/ensemble_aliquot_maf/ensemble_aliquot_maf_wf.cwl,Aliquot Ensemble Somatic Variant Merging and Masking,3dd621a8745ee2b91716911604bf3f096337a9b7,
327fe3d9-a1ba-413e-b37c-b07fc3ca2382,MAF,"TCGA-53-7624-01A-11D-2063-08,TCGA-53-7624-10A-01D-2063-08",open,baa26760-7f80-4254-bb9d-ce5b8a3e320f.wxs.aliquot_ensemble_masked.maf.gz,396034b6-f26c-4be4-b008-7e6d2797fc3b,Simple Nucleotide Variation,masked_somatic_mutation,Illumina,268178,2022-08-01T16:47:19.355474-05:00,dd15c3a46843c22b0797aa33d7a311e7,2024-07-31T06:33:37.854218-05:00,327fe3d9-a1ba-413e-b37c-b07fc3ca2382,Masked Somatic Mutation,released,WXS,2,35.0 - 46.0,TCGA-LUAD,61eeaa30-065e-451f-9e85-c187cca19ca9,released,baa26760-7f80-4254-bb9d-ce5b8a3e320f,https://github.com/NCI-GDC/aliquot-maf-cwl/blob/3dd621a8745ee2b91716911604bf3f096337a9b7/ensemble_aliquot_maf/ensemble_aliquot_maf_wf.cwl,Aliquot Ensemble Somatic Variant Merging and Masking,3dd621a8745ee2b91716911604bf3f096337a9b7,
e2025176-89e8-4afd-8e08-3b89c336e0c2,MAF,"TCGA-69-8255-01A-11D-2284-08,TCGA-69-8255-10A-01D-2284-08",open,960c38ee-03c4-4b33-8085-974c58cf6d83.wxs.aliquot_ensemble_masked.maf.gz,2161213d-12ed-481d-8bb9-854e2bb00ce9,Simple Nucleotide Variation,masked_somatic_mutation,Illumina,103628,2022-08-01T16:56:49.330266-05:00,719c7bd30dd8c9ee855d550a80f0c6e3,2024-07-31T06:28:16.607285-05:00,e2025176-89e8-4afd-8e08-3b89c336e0c2,Masked Somatic Mutation,released,WXS,2,35.0 - 46.0,TCGA-LUAD,4f941871-912c-4e28-8d8e-8383191f4969,released,960c38ee-03c4-4b33-8085-974c58cf6d83,https://github.com/NCI-GDC/aliquot-maf-cwl/blob/3dd621a8745ee2b91716911604bf3f096337a9b7/ensemble_aliquot_maf/ensemble_aliquot_maf_wf.cwl,Aliquot Ensemble Somatic Variant Merging and Masking,3dd621a8745ee2b91716911604bf3f096337a9b7,
259a728a-4631-4fb7-8476-0e26bb956954,MAF,"TCGA-17-Z042-01A-01W-0746-08,TCGA-17-Z042-11A-01W-0746-08",open,e8c0f5da-a42f-4276-8ee7-55b5b071f099.wxs.aliquot_ensemble_masked.maf.gz,9afddb49-f666-44d3-a309-aa073fdc1249,Simple Nucleotide Variation,masked_somatic_mutation,Illumina,154588,2022-08-01T16:57:42.206459-05:00,677d57534866996315ab163bf864e93d,2024-07-31T06:36:22.043243-05:00,259a728a-4631-4fb7-8476-0e26bb956954,Masked Somatic Mutation,released,WXS,2,35.0 - 46.0,TCGA-LUAD,74e9fed7-f9d6-417d-ad32-b2452d7d6e72,released,e8c0f5da-a42f-4276-8ee7-55b5b071f099,https://github.com/NCI-GDC/aliquot-maf-cwl/blob/3dd621a8745ee2b91716911604bf3f096337a9b7/ensemble_aliquot_maf/ensemble_aliquot_maf_wf.cwl,Aliquot Ensemble Somatic Variant Merging and Masking,3dd621a8745ee2b91716911604bf3f096337a9b7,
01e89769-e754-4eca-a5a3-b1b72ac4953f,MAF,"TCGA-NJ-A4YF-01A-12D-A25L-08,TCGA-NJ-A4YF-10A-01D-A25L-08",open,751f6ac7-2f2a-4300-9ba4-87a92920d8bb.wxs.aliquot_ensemble_masked.maf.gz,67500209-5854-442d-acf4-90232c23354c,Simple Nucleotide Variation,masked_somatic_mutation,Illumina,197646,2022-08-01T17:02:37.254498-05:00,1b7474fecd330ee44bc3081c97dfa3e1,2024-07-31T06:32:34.665960-05:00,01e89769-e754-4eca-a5a3-b1b72ac4953f,Masked Somatic Mutation,released,WXS,2,35.0 - 46.0,TCGA-LUAD,c17ddadf-00a9-4c09-a0bf-c151a5dd8012,released,751f6ac7-2f2a-4300-9ba4-87a92920d8bb,https://github.com/NCI-GDC/aliquot-maf-cwl/blob/3dd621a8745ee2b91716911604bf3f096337a9b7/ensemble_aliquot_maf/ensemble_aliquot_maf_wf.cwl,Aliquot Ensemble Somatic Variant Merging and Masking,3dd621a8745ee2b91716911604bf3f096337a9b7,
a0f11989-c592-4d6b-a1ce-58f2a93cd7f0,MAF,"TCGA-97-A4M3-01A-11D-A24P-08,TCGA-97-A4M3-10A-01D-A24P-08",open,d5ce47ea-a60d-4981-8cd7-6d6e13b08033.wxs.aliquot_ensemble_masked.maf.gz,52ca8888-967d-4a64-bb8e-af19ea588bb0,Simple Nucleotide Variation,masked_somatic_mutation,Illumina,68156,2022-08-01T16:47:28.794958-05:00,5bd1718190011780c753d1ef6940fde7,2024-07-31T06:35:35.125996-05:00,a0f11989-c592-4d6b-a1ce-58f2a93cd7f0,Masked Somatic Mutation,released,WXS,2,35.0 - 46.0,TCGA-LUAD,0b57e058-bcf1-4930-9b82-a428d4f8c478,released,d5ce47ea-a60d-4981-8cd7-6d6e13b08033,https://github.com/NCI-GDC/aliquot-maf-cwl/blob/3dd621a8745ee2b91716911604bf3f096337a9b7/ensemble_aliquot_maf/ensemble_aliquot_maf_wf.cwl,Aliquot Ensemble Somatic Variant Merging and Masking,3dd621a8745ee2b91716911604bf3f096337a9b7,
9771081f-8e15-4df0-b25c-1c03c4a89ba6,MAF,"TCGA-49-AAR3-01A-11D-A410-08,TCGA-49-AAR3-11A-11D-A413-08",open,9d21dcbc-0fcc-4694-aa8a-52f3a51a2ccb.wxs.aliquot_ensemble_masked.maf.gz,0ac836fe-87f2-4e95-be63-bf8477013d0a,Simple Nucleotide Variation,masked_somatic_mutation,Illumina,41407,2022-08-01T16:40:28.001316-05:00,b5f713a61215e99c3e26fd5a25cdb4f3,2024-07-31T06:32:09.999919-05:00,9771081f-8e15-4df0-b25c-1c03c4a89ba6,Masked Somatic Mutation,released,WXS,2,35.0 - 46.0,TCGA-LUAD,002d80f0-b600-442b-afe9-d8b534923d8d,released,9d21dcbc-0fcc-4694-aa8a-52f3a51a2ccb,https://github.com/NCI-GDC/aliquot-maf-cwl/blob/3dd621a8745ee2b91716911604bf3f096337a9b7/ensemble_aliquot_maf/ensemble_aliquot_maf_wf.cwl,Aliquot Ensemble Somatic Variant Merging and Masking,3dd621a8745ee2b91716911604bf3f096337a9b7,
0121a6c3-c7ae-4619-b07a-27bb28541478,MAF,"TCGA-62-8399-01A-21D-2323-08,TCGA-62-8399-10A-01D-2323-08",open,87c3bd07-208e-40e5-b427-f4f917260392.wxs.aliquot_ensemble_masked.maf.gz,3c4095bf-e1fb-47c8-810a-9df439b2bd4f,Simple Nucleotide Variation,masked_somatic_mutation,Illumina,177488,2022-08-01T17:04:23.853819-05:00,80a4af8163e804700184db31a288e843,2024-07-31T06:36:41.304029-05:00,0121a6c3-c7ae-4619-b07a-27bb28541478,Masked Somatic Mutation,released,WXS,2,35.0 - 46.0,TCGA-LUAD,3fa9ea59-3d91-465e-affb-a0986388ca12,released,87c3bd07-208e-40e5-b427-f4f917260392,https://github.com/NCI-GDC/aliquot-maf-cwl/blob/3dd621a8745ee2b91716911604bf3f096337a9b7/ensemble_aliquot_maf/ensemble_aliquot_maf_wf.cwl,Aliquot Ensemble Somatic Variant Merging and Masking,3dd621a8745ee2b91716911604bf3f096337a9b7,
6b197f17-cb41-47b5-a743-336d6143cf1b,MAF,"TCGA-86-8281-01A-11D-2284-08,TCGA-86-8281-10A-01D-2284-08",open,684304b9-825b-4504-99ae-6a6aca122929.wxs.aliquot_ensemble_masked.maf.gz,8851a9be-9eb7-4ec2-b513-6cdddd06786a,Simple Nucleotide Variation,masked_somatic_mutation,Illumina,86560,2022-08-01T16:45:28.899971-05:00,7eccfa377e06ee845fd31f97705bd908,2024-07-31T06:25:06.059043-05:00,6b197f17-cb41-47b5-a743-336d6143cf1b,Masked Somatic Mutation,released,WXS,2,35.0 - 46.0,TCGA-LUAD,a37205dc-7be0-45ed-a623-39a98c76bbeb,released,684304b9-825b-4504-99ae-6a6aca122929,https://github.com/NCI-GDC/aliquot-maf-cwl/blob/3dd621a8745ee2b91716911604bf3f096337a9b7/ensemble_aliquot_maf/ensemble_aliquot_maf_wf.cwl,Aliquot Ensemble Somatic Variant Merging and Masking,3dd621a8745ee2b91716911604bf3f096337a9b7,
d1b83294-f226-4a26-b60c-601ea22ba6b0,MAF,"TCGA-MP-A4T6-01A-32D-A25L-08,TCGA-MP-A4T6-10A-01D-A25L-08",open,3fa2c611-fe96-41ec-8a00-2b46cd730896.wxs.aliquot_ensemble_masked.maf.gz,c6a4b2d9-2e48-4aae-8828-e3d55eb6b502,Simple Nucleotide Variation,masked_somatic_mutation,Illumina,28569,2022-08-01T16:46:25.252149-05:00,aa582533600f13eb7536be30c034e975,2024-07-31T06:29:49.734752-05:00,d1b83294-f226-4a26-b60c-601ea22ba6b0,Masked Somatic Mutation,released,WXS,2,35.0 - 46.0,TCGA-LUAD,7819668f-f965-45c7-b435-281641ea2b1d,released,3fa2c611-fe96-41ec-8a00-2b46cd730896,https://github.com/NCI-GDC/aliquot-maf-cwl/blob/3dd621a8745ee2b91716911604bf3f096337a9b7/ensemble_aliquot_maf/ensemble_aliquot_maf_wf.cwl,Aliquot Ensemble Somatic Variant Merging and Masking,3dd621a8745ee2b91716911604bf3f096337a9b7,
cc56a73a-86b6-4289-9f1f-c4f86f3e9870,MAF,"TCGA-97-A4M5-01A-11D-A24P-08,TCGA-97-A4M5-10A-01D-A24P-08",open,80d84e51-81ac-4eee-b33f-9aec47ac3ab8.wxs.aliquot_ensemble_masked.maf.gz,c07d581f-f07d-4077-8e2b-3b946abace45,Simple Nucleotide Variation,masked_somatic_mutation,Illumina,53362,2022-08-01T16:40:36.125202-05:00,5a2871ecfb9b827ab1b30a36e8a095c2,2024-07-31T06:32:40.347251-05:00,cc56a73a-86b6-4289-9f1f-c4f86f3e9870,Masked Somatic Mutation,released,WXS,2,35.0 - 46.0,TCGA-LUAD,e9e9aa4e-9722-448b-845a-6fc254d9cd92,released,80d84e51-81ac-4eee-b33f-9aec47ac3ab8,https://github.com/NCI-GDC/aliquot-maf-cwl/blob/3dd621a8745ee2b91716911604bf3f096337a9b7/ensemble_aliquot_maf/ensemble_aliquot_maf_wf.cwl,Aliquot Ensemble Somatic Variant Merging and Masking,3dd621a8745ee2b91716911604bf3f096337a9b7,
15a1e41c-d1b4-435d-816e-930c8731998e,MAF,"TCGA-35-4123-01A-01D-1105-08,TCGA-35-4123-10A-01D-1105-08",open,5e374a19-87e1-41ed-9dd7-9fd2e653c13a.wxs.aliquot_ensemble_masked.maf.gz,10b24e5b-40c5-46f7-a475-f39ad79dee04,Simple Nucleotide Variation,masked_somatic_mutation,Illumina,95898,2022-08-01T16:46:51.429869-05:00,65936aacc9d90907401da084fd9d3e50,2024-07-31T06:36:26.239609-05:00,15a1e41c-d1b4-435d-816e-930c8731998e,Masked Somatic Mutation,released,WXS,2,35.0 - 46.0,TCGA-LUAD,a575fbff-8567-4ac9-a603-3f9d6dd1d25c,released,5e374a19-87e1-41ed-9dd7-9fd2e653c13a,https://github.com/NCI-GDC/aliquot-maf-cwl/blob/3dd621a8745ee2b91716911604bf3f096337a9b7/ensemble_aliquot_maf/ensemble_aliquot_maf_wf.cwl,Aliquot Ensemble Somatic Variant Merging and Masking,3dd621a8745ee2b91716911604bf3f096337a9b7,
06c8f74d-21ff-43ff-b921-a364f8010b42,MAF,"TCGA-62-8394-01A-11D-2323-08,TCGA-62-8394-10A-01D-2323-08",open,5623afdf-6852-4592-9a22-a36ac4319bb9.wxs.aliquot_ensemble_masked.maf.gz,92aec113-0c2a-45e5-a264-5b7d83321321,Simple Nucleotide Variation,masked_somatic_mutation,Illumina,48005,2022-08-01T16:43:10.999507-05:00,4b19f22791cac8c377d771bfb2984213,2024-07-31T06:26:36.367375-05:00,06c8f74d-21ff-43ff-b921-a364f8010b42,Masked Somatic Mutation,released,WXS,2,35.0 - 46.0,TCGA-LUAD,ea997774-19ad-43fd-bf48-899f8e061672,released,5623afdf-6852-4592-9a22-a36ac4319bb9,https://github.com/NCI-GDC/aliquot-maf-cwl/blob/3dd621a8745ee2b91716911604bf3f096337a9b7/ensemble_aliquot_maf/ensemble_aliquot_maf_wf.cwl,Aliquot Ensemble Somatic Variant Merging and Masking,3dd621a8745ee2b91716911604bf3f096337a9b7,
4236883f-0c7e-442e-822e-86fc41b8dbe3,MAF,"TCGA-44-3918-01A-01D-1105-08,TCGA-44-3918-10A-01D-A271-08",open,33467953-393f-4b0b-82f0-6714ce0b75f4.wxs.aliquot_ensemble_masked.maf.gz,b9988538-eb8a-4595-80a5-a02433f47ab2,Simple Nucleotide Variation,masked_somatic_mutation,Illumina,290813,2022-08-01T16:47:51.288665-05:00,e78bb3cba1d348b13b8e3649246613b1,2024-07-31T02:29:08.448281-05:00,4236883f-0c7e-442e-822e-86fc41b8dbe3,Masked Somatic Mutation,released,WXS,2,35.0 - 46.0,TCGA-LUAD,acfb7fc8-a027-421c-9c11-3b3f8a7c49e8,released,33467953-393f-4b0b-82f0-6714ce0b75f4,https://github.com/NCI-GDC/aliquot-maf-cwl/blob/3dd621a8745ee2b91716911604bf3f096337a9b7/ensemble_aliquot_maf/ensemble_aliquot_maf_wf.cwl,Aliquot Ensemble Somatic Variant Merging and Masking,3dd621a8745ee2b91716911604bf3f096337a9b7,
4043db72-f008-44d3-b59d-660a2272e4b8,MAF,"TCGA-73-7499-01A-11D-2184-08,TCGA-73-7499-10A-01D-2184-08",open,f4d7bedd-5236-4302-876e-485fc1e8b185.wxs.aliquot_ensemble_masked.maf.gz,dc93b337-d8ee-4b2e-95cf-af0fe96a6abf,Simple Nucleotide Variation,masked_somatic_mutation,Illumina,25706,2022-08-01T16:58:50.401503-05:00,4544c41ae107bfed0533cca66f939d10,2024-07-31T06:34:28.000039-05:00,4043db72-f008-44d3-b59d-660a2272e4b8,Masked Somatic Mutation,released,WXS,2,35.0 - 46.0,TCGA-LUAD,52e86cd3-ac50-4d36-895a-e68db64b45c5,released,f4d7bedd-5236-4302-876e-485fc1e8b185,https://github.com/NCI-GDC/aliquot-maf-cwl/blob/3dd621a8745ee2b91716911604bf3f096337a9b7/ensemble_aliquot_maf/ensemble_aliquot_maf_wf.cwl,Aliquot Ensemble Somatic Variant Merging and Masking,3dd621a8745ee2b91716911604bf3f096337a9b7,
cd5571bd-0192-4e4b-af24-f1dcd1d80f74,MAF,"TCGA-MP-A4TH-01A-31D-A25L-08,TCGA-MP-A4TH-10A-01D-A25L-08",open,5098297b-dbff-4450-b7e1-c4467e65b3ec.wxs.aliquot_ensemble_masked.maf.gz,dec18e4e-199b-4953-b834-6d6eb787db4f,Simple Nucleotide Variation,masked_somatic_mutation,Illumina,43366,2022-08-01T17:05:26.367046-05:00,63db10c67da90bd4b5e136ed85eaf8ad,2024-07-31T06:37:15.232537-05:00,cd5571bd-0192-4e4b-af24-f1dcd1d80f74,Masked Somatic Mutation,released,WXS,2,35.0 - 46.0,TCGA-LUAD,5df2d582-590c-48c7-98d7-bbd266e91c3a,released,5098297b-dbff-4450-b7e1-c4467e65b3ec,https://github.com/NCI-GDC/aliquot-maf-cwl/blob/3dd621a8745ee2b91716911604bf3f096337a9b7/ensemble_aliquot_maf/ensemble_aliquot_maf_wf.cwl,Aliquot Ensemble Somatic Variant Merging and Masking,3dd621a8745ee2b91716911604bf3f096337a9b7,
06ce81ad-a9fd-4f9c-9c7e-1ddbd8ec9d29,MAF,"TCGA-49-6767-01A-11D-1855-08,TCGA-49-6767-11A-01D-1855-08",open,c07a24a8-cdb2-4ae2-af2c-33848f15159f.wxs.aliquot_ensemble_masked.maf.gz,33555b8d-84e9-4112-a66a-53d5c4af0fda,Simple Nucleotide Variation,masked_somatic_mutation,Illumina,159106,2022-08-01T17:04:37.068562-05:00,fd9228e492468a876dbca6ce705f3978,2024-07-31T06:33:44.779642-05:00,06ce81ad-a9fd-4f9c-9c7e-1ddbd8ec9d29,Masked Somatic Mutation,released,WXS,2,35.0 - 46.0,TCGA-LUAD,b8fef978-cc1f-47c6-bf04-057f7f9f96e8,released,c07a24a8-cdb2-4ae2-af2c-33848f15159f,https://github.com/NCI-GDC/aliquot-maf-cwl/blob/3dd621a8745ee2b91716911604bf3f096337a9b7/ensemble_aliquot_maf/ensemble_aliquot_maf_wf.cwl,Aliquot Ensemble Somatic Variant Merging and Masking,3dd621a8745ee2b91716911604bf3f096337a9b7,
3e44a213-5858-411a-80be-23104fb8066f,MAF,"TCGA-50-5942-01A-21D-1753-08,TCGA-50-5942-10A-01D-1753-08",open,56b2a13b-1539-4ef2-ae60-e5a29c673f9a.wxs.aliquot_ensemble_masked.maf.gz,a74a9766-2d6d-41b4-9cba-001c21279b1a,Simple Nucleotide Variation,masked_somatic_mutation,Illumina,21465,2022-08-01T17:04:27.025004-05:00,144f65ab618ac8c83cf8bc4ee7f32b51,2024-07-31T06:36:31.598241-05:00,3e44a213-5858-411a-80be-23104fb8066f,Masked Somatic Mutation,released,WXS,2,35.0 - 46.0,TCGA-LUAD,71891fb8-f7c3-4938-8065-d59d04bf8caf,released,56b2a13b-1539-4ef2-ae60-e5a29c673f9a,https://github.com/NCI-GDC/aliquot-maf-cwl/blob/3dd621a8745ee2b91716911604bf3f096337a9b7/ensemble_aliquot_maf/ensemble_aliquot_maf_wf.cwl,Aliquot Ensemble Somatic Variant Merging and Masking,3dd621a8745ee2b91716911604bf3f096337a9b7,
4dad599e-bbfb-42a5-b23f-13511e29cf1e,MAF,"TCGA-MP-A4T8-01A-11D-A24P-08,TCGA-MP-A4T8-10A-01D-A24P-08",open,e37f949e-f31e-4c48-abaa-27231b24694b.wxs.aliquot_ensemble_masked.maf.gz,ff750c48-1295-4cba-8e0a-582204586731,Simple Nucleotide Variation,masked_somatic_mutation,Illumina,43240,2022-08-01T16:41:10.518393-05:00,a66e62e67678a7fbe0b5a71ffef50c0b,2024-07-31T06:33:40.588869-05:00,4dad599e-bbfb-42a5-b23f-13511e29cf1e,Masked Somatic Mutation,released,WXS,2,35.0 - 46.0,TCGA-LUAD,9f00c6b1-3562-4751-a3f1-f07439fb5fac,released,e37f949e-f31e-4c48-abaa-27231b24694b,https://github.com/NCI-GDC/aliquot-maf-cwl/blob/3dd621a8745ee2b91716911604bf3f096337a9b7/ensemble_aliquot_maf/ensemble_aliquot_maf_wf.cwl,Aliquot Ensemble Somatic Variant Merging and Masking,3dd621a8745ee2b91716911604bf3f096337a9b7,
7c66bb58-dc9f-4682-815d-d253f23a0283,MAF,"TCGA-55-8302-01A-11D-2323-08,TCGA-55-8302-10A-01D-2323-08",open,6afd19e1-f1cd-436a-ab7d-2b622d3d0e25.wxs.aliquot_ensemble_masked.maf.gz,5a65f79d-1459-4eb7-8e8f-5c48f32ef02d,Simple Nucleotide Variation,masked_somatic_mutation,Illumina,223624,2022-08-01T16:43:45.859968-05:00,e2da81d71adfa62c5c3856b9e13b22ba,2024-07-31T06:32:20.791268-05:00,7c66bb58-dc9f-4682-815d-d253f23a0283,Masked Somatic Mutation,released,WXS,2,35.0 - 46.0,TCGA-LUAD,8b712636-2038-4833-b8f6-d75978c9ccf3,released,6afd19e1-f1cd-436a-ab7d-2b622d3d0e25,https://github.com/NCI-GDC/aliquot-maf-cwl/blob/3dd621a8745ee2b91716911604bf3f096337a9b7/ensemble_aliquot_maf/ensemble_aliquot_maf_wf.cwl,Aliquot Ensemble Somatic Variant Merging and Masking,3dd621a8745ee2b91716911604bf3f096337a9b7,
546e44ff-279b-4e74-bb3e-071d408856c9,MAF,"TCGA-50-6594-01A-11D-1753-08,TCGA-50-6594-11A-01D-1753-08",open,4afba480-8150-42e7-a03b-8fa54760c1e1.wxs.aliquot_ensemble_masked.maf.gz,088b5646-09bd-42e8-a2b9-8d162e13497c,Simple Nucleotide Variation,masked_somatic_mutation,Illumina,173056,2022-08-01T16:43:34.598929-05:00,c7d68650f99cb59d752aee1e882f8327,2024-07-31T06:31:43.608981-05:00,546e44ff-279b-4e74-bb3e-071d408856c9,Masked Somatic Mutation,released,WXS,2,35.0 - 46.0,TCGA-LUAD,d2949241-982e-454d-9c24-5e7d5fd1c482,released,4afba480-8150-42e7-a03b-8fa54760c1e1,https://github.com/NCI-GDC/aliquot-maf-cwl/blob/3dd621a8745ee2b91716911604bf3f096337a9b7/ensemble_aliquot_maf/ensemble_aliquot_maf_wf.cwl,Aliquot Ensemble Somatic Variant Merging and Masking,3dd621a8745ee2b91716911604bf3f096337a9b7,
c386bb76-de34-4b20-b0c9-f03a8b5047bb,MAF,"TCGA-MP-A4SY-01A-21D-A24P-08,TCGA-MP-A4SY-10A-01D-A24P-08",open,5d96a89e-554d-42d2-835e-660ba5f5a325.wxs.aliquot_ensemble_masked.maf.gz,30d42a97-afb4-40f8-933b-d479228a302b,Simple Nucleotide Variation,masked_somatic_mutation,Illumina,55549,2022-08-01T17:01:08.334445-05:00,7b927afb0cd9bc7752f34db7c45c3f49,2024-07-31T06:27:01.920267-05:00,c386bb76-de34-4b20-b0c9-f03a8b5047bb,Masked Somatic Mutation,released,WXS,2,35.0 - 46.0,TCGA-LUAD,d6673a74-5905-40ae-a8ab-0c47b1c3a41a,released,5d96a89e-554d-42d2-835e-660ba5f5a325,https://github.com/NCI-GDC/aliquot-maf-cwl/blob/3dd621a8745ee2b91716911604bf3f096337a9b7/ensemble_aliquot_maf/ensemble_aliquot_maf_wf.cwl,Aliquot Ensemble Somatic Variant Merging and Masking,3dd621a8745ee2b91716911604bf3f096337a9b7,
306d2308-a5f0-41a4-81b9-48e037117f23,MAF,"TCGA-86-A456-01A-11D-A24D-08,TCGA-86-A456-10A-01D-A24F-08",open,3a03f1cb-556e-4051-bfe8-7c2bb4fc2c30.wxs.aliquot_ensemble_masked.maf.gz,26149652-4838-4253-a378-809dcd537b92,Simple Nucleotide Variation,masked_somatic_mutation,Illumina,117744,2022-08-01T16:58:42.914196-05:00,f234c59bd86355153b578d7e5e7f7f73,2024-07-31T06:31:02.775486-05:00,306d2308-a5f0-41a4-81b9-48e037117f23,Masked Somatic Mutation,released,WXS,2,35.0 - 46.0,TCGA-LUAD,03443d10-abaa-4bb3-983f-1ccd040aa843,released,3a03f1cb-556e-4051-bfe8-7c2bb4fc2c30,https://github.com/NCI-GDC/aliquot-maf-cwl/blob/3dd621a8745ee2b91716911604bf3f096337a9b7/ensemble_aliquot_maf/ensemble_aliquot_maf_wf.cwl,Aliquot Ensemble Somatic Variant Merging and Masking,3dd621a8745ee2b91716911604bf3f096337a9b7,
81a8beea-4350-46e8-a4b6-335af0ba55c3,MAF,"TCGA-MP-A4TF-01A-11D-A25L-08,TCGA-MP-A4TF-10A-01D-A25L-08",open,cd3ed839-5f10-4388-b488-3c45b6e12822.wxs.aliquot_ensemble_masked.maf.gz,e30319db-8ce6-4d1f-a9e0-1ed18143fa24,Simple Nucleotide Variation,masked_somatic_mutation,Illumina,140710,2022-08-01T16:52:33.239561-05:00,5ffd2497b009199194c751a3546e1536,2024-07-31T06:30:21.209146-05:00,81a8beea-4350-46e8-a4b6-335af0ba55c3,Masked Somatic Mutation,released,WXS,2,35.0 - 46.0,TCGA-LUAD,e5ae19aa-4058-4ddf-9196-63001f28330d,released,cd3ed839-5f10-4388-b488-3c45b6e12822,https://github.com/NCI-GDC/aliquot-maf-cwl/blob/3dd621a8745ee2b91716911604bf3f096337a9b7/ensemble_aliquot_maf/ensemble_aliquot_maf_wf.cwl,Aliquot Ensemble Somatic Variant Merging and Masking,3dd621a8745ee2b91716911604bf3f096337a9b7,
9aed36b2-ad1b-489d-b953-f1788c85d637,MAF,"TCGA-44-A47B-01A-11D-A24D-08,TCGA-44-A47B-10A-01D-A24F-08",open,97151b4e-51dc-4d9b-a158-47eae00b84b9.wxs.aliquot_ensemble_masked.maf.gz,e491e374-baa9-403d-aa5a-aabc05fc6e37,Simple Nucleotide Variation,masked_somatic_mutation,Illumina,18990,2022-08-01T16:44:56.106580-05:00,16317d60f292b77031a8b5b7a24f83be,2024-07-31T06:26:45.631532-05:00,9aed36b2-ad1b-489d-b953-f1788c85d637,Masked Somatic Mutation,released,WXS,2,35.0 - 46.0,TCGA-LUAD,9923c8c4-ee03-4023-9494-4dacebdb30bd,released,97151b4e-51dc-4d9b-a158-47eae00b84b9,https://github.com/NCI-GDC/aliquot-maf-cwl/blob/3dd621a8745ee2b91716911604bf3f096337a9b7/ensemble_aliquot_maf/ensemble_aliquot_maf_wf.cwl,Aliquot Ensemble Somatic Variant Merging and Masking,3dd621a8745ee2b91716911604bf3f096337a9b7,
bee4438b-3fbe-4a18-ba0e-749b7c399520,MAF,"TCGA-91-6849-01A-11D-1945-08,TCGA-91-6849-11A-01D-1945-08",open,343bc0d2-67fc-4446-bfb7-1e1c57ace519.wxs.aliquot_ensemble_masked.maf.gz,2bae7fe8-fde6-472d-b294-901de32f9d3c,Simple Nucleotide Variation,masked_somatic_mutation,Illumina,40968,2022-08-01T17:02:08.286134-05:00,1232b68a5d41b351d97e33154f9f7f4f,2024-07-31T06:27:13.048623-05:00,bee4438b-3fbe-4a18-ba0e-749b7c399520,Masked Somatic Mutation,released,WXS,2,35.0 - 46.0,TCGA-LUAD,2b1ce562-44de-4815-bb4a-729b702c54b0,released,343bc0d2-67fc-4446-bfb7-1e1c57ace519,https://github.com/NCI-GDC/aliquot-maf-cwl/blob/3dd621a8745ee2b91716911604bf3f096337a9b7/ensemble_aliquot_maf/ensemble_aliquot_maf_wf.cwl,Aliquot Ensemble Somatic Variant Merging and Masking,3dd621a8745ee2b91716911604bf3f096337a9b7,
683b789b-dd99-4358-abb1-d345ddaf7cbb,MAF,"TCGA-62-8397-01A-11D-2323-08,TCGA-62-8397-10A-01D-2323-08",open,1ca71ae5-bad9-4142-b00e-d9f74250bb62.wxs.aliquot_ensemble_masked.maf.gz,28536a18-bd6f-434c-89df-2029001d7b48,Simple Nucleotide Variation,masked_somatic_mutation,Illumina,12010,2022-08-01T16:56:40.318428-05:00,b8965bfc368b521ec8e792e1d0b02eb2,2024-07-31T06:38:28.409444-05:00,683b789b-dd99-4358-abb1-d345ddaf7cbb,Masked Somatic Mutation,released,WXS,2,35.0 - 46.0,TCGA-LUAD,20eaedd0-9ba1-406a-bf34-41184e842b37,released,1ca71ae5-bad9-4142-b00e-d9f74250bb62,https://github.com/NCI-GDC/aliquot-maf-cwl/blob/3dd621a8745ee2b91716911604bf3f096337a9b7/ensemble_aliquot_maf/ensemble_aliquot_maf_wf.cwl,Aliquot Ensemble Somatic Variant Merging and Masking,3dd621a8745ee2b91716911604bf3f096337a9b7,
e5900ade-7e1e-4cd0-a857-a2571472733d,MAF,"TCGA-78-7150-01A-21D-2036-08,TCGA-78-7150-10A-01D-2036-08",open,f52a503c-8fb9-457c-addc-6b643b15d77c.wxs.aliquot_ensemble_masked.maf.gz,bf74ac9e-8998-4831-ad70-6a3913f5cf7d,Simple Nucleotide Variation,masked_somatic_mutation,Illumina,144627,2022-08-01T16:52:01.107746-05:00,1b6bf4d36ecb967991ab21292ae61a93,2024-07-31T06:27:49.625190-05:00,e5900ade-7e1e-4cd0-a857-a2571472733d,Masked Somatic Mutation,released,WXS,2,35.0 - 46.0,TCGA-LUAD,35d02f0c-ec3a-420a-a99e-d5fbe3db00ed,released,f52a503c-8fb9-457c-addc-6b643b15d77c,https://github.com/NCI-GDC/aliquot-maf-cwl/blob/3dd621a8745ee2b91716911604bf3f096337a9b7/ensemble_aliquot_maf/ensemble_aliquot_maf_wf.cwl,Aliquot Ensemble Somatic Variant Merging and Masking,3dd621a8745ee2b91716911604bf3f096337a9b7,
b80e27d4-4762-4290-b8d4-cf232350bd2e,MAF,"TCGA-MP-A4TA-01A-21D-A24P-08,TCGA-MP-A4TA-10A-01D-A24P-08",open,dd1eddb2-1c8f-4645-9938-59f251836806.wxs.aliquot_ensemble_masked.maf.gz,9a388ced-133b-47be-9bbe-6efe0ac2b747,Simple Nucleotide Variation,masked_somatic_mutation,Illumina,118211,2022-08-01T16:53:51.207140-05:00,c3e9f8883747859b77d8d46fc56ce6ae,2024-07-31T06:31:42.175268-05:00,b80e27d4-4762-4290-b8d4-cf232350bd2e,Masked Somatic Mutation,released,WXS,2,35.0 - 46.0,TCGA-LUAD,6dc5d254-c31c-4e99-a6b6-350a9eaf1689,released,dd1eddb2-1c8f-4645-9938-59f251836806,https://github.com/NCI-GDC/aliquot-maf-cwl/blob/3dd621a8745ee2b91716911604bf3f096337a9b7/ensemble_aliquot_maf/ensemble_aliquot_maf_wf.cwl,Aliquot Ensemble Somatic Variant Merging and Masking,3dd621a8745ee2b91716911604bf3f096337a9b7,
6be43ec2-ea47-4fc8-a212-d87eec7bc88c,MAF,"TCGA-17-Z013-01A-01W-0746-08,TCGA-17-Z013-11A-01W-0746-08",open,db9f2f65-f468-4bad-bbc8-a4c7ff6b0ea8.wxs.aliquot_ensemble_masked.maf.gz,65e06570-531a-4958-b24e-67966a173837,Simple Nucleotide Variation,masked_somatic_mutation,Illumina,23273,2022-08-01T16:55:10.322431-05:00,d2df5a90b2350d9b96b753afa080e4f1,2024-07-31T02:29:58.553615-05:00,6be43ec2-ea47-4fc8-a212-d87eec7bc88c,Masked Somatic Mutation,released,WXS,2,35.0 - 46.0,TCGA-LUAD,b697ef58-19cb-40f4-ab06-8e5525cf3bdf,released,db9f2f65-f468-4bad-bbc8-a4c7ff6b0ea8,https://github.com/NCI-GDC/aliquot-maf-cwl/blob/3dd621a8745ee2b91716911604bf3f096337a9b7/ensemble_aliquot_maf/ensemble_aliquot_maf_wf.cwl,Aliquot Ensemble Somatic Variant Merging and Masking,3dd621a8745ee2b91716911604bf3f096337a9b7,
a75577ce-cb7c-4f0f-8244-42289449dcc9,MAF,"TCGA-05-4389-01A-01D-1265-08,TCGA-05-4389-10A-01D-1265-08",open,1a8a2fa5-eff6-4e2d-8113-67b75e4d8134.wxs.aliquot_ensemble_masked.maf.gz,ce3896f0-f9a3-4cf6-8ad8-35c4a3948842,Simple Nucleotide Variation,masked_somatic_mutation,Illumina,81940,2022-08-01T16:54:22.844610-05:00,22b42c7d98ceea3c6eb807c1509e5b84,2024-07-31T06:35:45.574461-05:00,a75577ce-cb7c-4f0f-8244-42289449dcc9,Masked Somatic Mutation,released,WXS,2,35.0 - 46.0,TCGA-LUAD,fb6508f2-2c51-4587-b26d-bbfc28e75467,released,1a8a2fa5-eff6-4e2d-8113-67b75e4d8134,https://github.com/NCI-GDC/aliquot-maf-cwl/blob/3dd621a8745ee2b91716911604bf3f096337a9b7/ensemble_aliquot_maf/ensemble_aliquot_maf_wf.cwl,Aliquot Ensemble Somatic Variant Merging and Masking,3dd621a8745ee2b91716911604bf3f096337a9b7,
bc0056c0-4e36-45ed-9c78-20aa0a0dba7b,MAF,"TCGA-64-5815-01A-01D-1625-08,TCGA-64-5815-10A-01D-1625-08",open,782952ed-acef-475f-b35c-79f1a393c370.wxs.aliquot_ensemble_masked.maf.gz,e7606f86-1a07-46c6-842a-4bea6b425bd1,Simple Nucleotide Variation,masked_somatic_mutation,Illumina,61840,2022-08-01T17:03:05.051168-05:00,c3cd3c60e40aebd69d03e8ef0dd036b3,2024-07-31T06:27:00.589329-05:00,bc0056c0-4e36-45ed-9c78-20aa0a0dba7b,Masked Somatic Mutation,released,WXS,2,35.0 - 46.0,TCGA-LUAD,f1434f9e-03cb-47c4-ab9b-3a13de424f46,released,782952ed-acef-475f-b35c-79f1a393c370,https://github.com/NCI-GDC/aliquot-maf-cwl/blob/3dd621a8745ee2b91716911604bf3f096337a9b7/ensemble_aliquot_maf/ensemble_aliquot_maf_wf.cwl,Aliquot Ensemble Somatic Variant Merging and Masking,3dd621a8745ee2b91716911604bf3f096337a9b7,
42a46e5a-09e0-48ae-85e4-8dcc09785753,MAF,"TCGA-49-4512-01A-21D-1855-08,TCGA-49-4512-11A-01D-1855-08",open,d0d1e5e7-26c5-4b5b-b4c5-7e47b41d4c42.wxs.aliquot_ensemble_masked.maf.gz,a720aeff-88ba-4091-b3ef-8e82d5acb768,Simple Nucleotide Variation,masked_somatic_mutation,Illumina,16273,2022-08-01T16:50:00.870417-05:00,8b9d48327a25b53bbea47a49b406af71,2024-07-31T06:26:10.909738-05:00,42a46e5a-09e0-48ae-85e4-8dcc09785753,Masked Somatic Mutation,released,WXS,2,35.0 - 46.0,TCGA-LUAD,168a6d09-579d-4ecb-862c-8449ca74d488,released,d0d1e5e7-26c5-4b5b-b4c5-7e47b41d4c42,https://github.com/NCI-GDC/aliquot-maf-cwl/blob/3dd621a8745ee2b91716911604bf3f096337a9b7/ensemble_aliquot_maf/ensemble_aliquot_maf_wf.cwl,Aliquot Ensemble Somatic Variant Merging and Masking,3dd621a8745ee2b91716911604bf3f096337a9b7,
a0da73e8-15b2-4fa5-b3b5-6e875f2aa960,MAF,"TCGA-55-8206-01A-11D-2238-08,TCGA-55-8206-10A-01D-2238-08",open,478eb139-b068-4828-83da-baf2286cd424.wxs.aliquot_ensemble_masked.maf.gz,643cfafe-4823-446d-a5d2-83e66c85e2bd,Simple Nucleotide Variation,masked_somatic_mutation,Illumina,12914,2022-08-01T16:52:41.610444-05:00,1c8b673d60424c0f42f8e7f97d096871,2024-07-31T06:29:30.164806-05:00,a0da73e8-15b2-4fa5-b3b5-6e875f2aa960,Masked Somatic Mutation,released,WXS,2,35.0 - 46.0,TCGA-LUAD,faa81b91-6bfe-465f-9890-fac8a4f2c29a,released,478eb139-b068-4828-83da-baf2286cd424,https://github.com/NCI-GDC/aliquot-maf-cwl/blob/3dd621a8745ee2b91716911604bf3f096337a9b7/ensemble_aliquot_maf/ensemble_aliquot_maf_wf.cwl,Aliquot Ensemble Somatic Variant Merging and Masking,3dd621a8745ee2b91716911604bf3f096337a9b7,
3e4ee4d8-83e1-4045-9e90-dc98ac3224b3,MAF,"TCGA-86-A4P7-01A-11D-A24P-08,TCGA-86-A4P7-10A-01D-A24P-08",open,ecfd1158-6ba8-44a3-b0e1-a557190df23c.wxs.aliquot_ensemble_masked.maf.gz,9c3bc96e-31c8-4173-a840-fe9d24681450,Simple Nucleotide Variation,masked_somatic_mutation,Illumina,21777,2022-08-01T17:04:21.241086-05:00,37dcca8637d1b80375b6fd6e3f9a7ce5,2024-07-31T06:38:19.016223-05:00,3e4ee4d8-83e1-4045-9e90-dc98ac3224b3,Masked Somatic Mutation,released,WXS,2,35.0 - 46.0,TCGA-LUAD,37625244-cc7a-4d3c-85dc-78988aee93b1,released,ecfd1158-6ba8-44a3-b0e1-a557190df23c,https://github.com/NCI-GDC/aliquot-maf-cwl/blob/3dd621a8745ee2b91716911604bf3f096337a9b7/ensemble_aliquot_maf/ensemble_aliquot_maf_wf.cwl,Aliquot Ensemble Somatic Variant Merging and Masking,3dd621a8745ee2b91716911604bf3f096337a9b7,
060badaa-6432-4366-a372-f42985923d07,MAF,"TCGA-44-7662-01A-11D-2063-08,TCGA-44-7662-10A-01D-2063-08",open,3addff79-e536-4bbc-8529-a30c0e8b5b83.wxs.aliquot_ensemble_masked.maf.gz,5ff9746e-32c7-4182-9c84-24a64e344174,Simple Nucleotide Variation,masked_somatic_mutation,Illumina,185249,2022-08-01T16:48:17.584771-05:00,0058be83e403413d42224819af2b0a86,2024-07-31T06:37:12.530034-05:00,060badaa-6432-4366-a372-f42985923d07,Masked Somatic Mutation,released,WXS,2,35.0 - 46.0,TCGA-LUAD,7a680926-bbab-4690-bdc4-6c37cbce722e,released,3addff79-e536-4bbc-8529-a30c0e8b5b83,https://github.com/NCI-GDC/aliquot-maf-cwl/blob/3dd621a8745ee2b91716911604bf3f096337a9b7/ensemble_aliquot_maf/ensemble_aliquot_maf_wf.cwl,Aliquot Ensemble Somatic Variant Merging and Masking,3dd621a8745ee2b91716911604bf3f096337a9b7,
e59b5718-84f4-48d1-9e79-c7e70b5b4a25,MAF,"TCGA-L9-A50W-01A-12D-A397-08,TCGA-L9-A50W-10A-01D-A39A-08",open,9f7ab8bc-e2a2-4e20-b0c2-ab9cdc605f95.wxs.aliquot_ensemble_masked.maf.gz,f28eac3d-e262-4218-9413-198b21fc450f,Simple Nucleotide Variation,masked_somatic_mutation,Illumina,15122,2022-08-01T16:48:04.323504-05:00,3e4b3794878506c7bee3d3fe1d1888f0,2024-07-31T06:36:54.585045-05:00,e59b5718-84f4-48d1-9e79-c7e70b5b4a25,Masked Somatic Mutation,released,WXS,2,35.0 - 46.0,TCGA-LUAD,40c6882c-0042-4456-9c8f-21b8f960c4b7,released,9f7ab8bc-e2a2-4e20-b0c2-ab9cdc605f95,https://github.com/NCI-GDC/aliquot-maf-cwl/blob/3dd621a8745ee2b91716911604bf3f096337a9b7/ensemble_aliquot_maf/ensemble_aliquot_maf_wf.cwl,Aliquot Ensemble Somatic Variant Merging and Masking,3dd621a8745ee2b91716911604bf3f096337a9b7,
c75ce350-402d-4d1e-959e-e7a62c83f6c3,MAF,"TCGA-55-7727-01A-11D-2167-08,TCGA-55-7727-10A-01D-2167-08",open,9b05be39-3c52-4e17-93d6-1a9c622c73d5.wxs.aliquot_ensemble_masked.maf.gz,c2308f0f-6033-432c-8ae6-96b77b9745a2,Simple Nucleotide Variation,masked_somatic_mutation,Illumina,87839,2022-08-01T17:05:10.808531-05:00,36c59dc13e952f60bcb899f0b2bab98a,2024-07-31T06:39:11.137112-05:00,c75ce350-402d-4d1e-959e-e7a62c83f6c3,Masked Somatic Mutation,released,WXS,2,35.0 - 46.0,TCGA-LUAD,497f43c9-da95-4ef0-945b-90f455e4f53e,released,9b05be39-3c52-4e17-93d6-1a9c622c73d5,https://github.com/NCI-GDC/aliquot-maf-cwl/blob/3dd621a8745ee2b91716911604bf3f096337a9b7/ensemble_aliquot_maf/ensemble_aliquot_maf_wf.cwl,Aliquot Ensemble Somatic Variant Merging and Masking,3dd621a8745ee2b91716911604bf3f096337a9b7,
6a20cd8d-24b7-43cc-930e-06c6c7c7fb59,MAF,"TCGA-17-Z025-01A-01W-0746-08,TCGA-17-Z025-11A-01W-0746-08",open,77c1ae1d-5940-46c6-b186-9b09b5a30058.wxs.aliquot_ensemble_masked.maf.gz,cafc60bf-8e80-4227-8f89-535e07a2c6c2,Simple Nucleotide Variation,masked_somatic_mutation,Illumina,77190,2022-08-01T16:48:19.872729-05:00,2ea2ffb3b68c386c835360a5fe6e6328,2024-07-31T06:36:38.575235-05:00,6a20cd8d-24b7-43cc-930e-06c6c7c7fb59,Masked Somatic Mutation,released,WXS,2,35.0 - 46.0,TCGA-LUAD,1da1adfd-1e3e-4e12-b81f-05602fd5d490,released,77c1ae1d-5940-46c6-b186-9b09b5a30058,https://github.com/NCI-GDC/aliquot-maf-cwl/blob/3dd621a8745ee2b91716911604bf3f096337a9b7/ensemble_aliquot_maf/ensemble_aliquot_maf_wf.cwl,Aliquot Ensemble Somatic Variant Merging and Masking,3dd621a8745ee2b91716911604bf3f096337a9b7,
c53f2c29-fa87-40cd-a7b8-da1ea85523c5,MAF,"TCGA-78-7152-01A-11D-2036-08,TCGA-78-7152-10A-01D-2036-08",open,f160b20c-f7d3-406e-90e0-2406cb7ab41d.wxs.aliquot_ensemble_masked.maf.gz,34725a50-36e3-462c-90ce-33e89baa976c,Simple Nucleotide Variation,masked_somatic_mutation,Illumina,70923,2022-08-01T16:38:23.588874-05:00,8cccaaf13d9567008da28b151f4857ce,2024-07-31T06:27:04.557891-05:00,c53f2c29-fa87-40cd-a7b8-da1ea85523c5,Masked Somatic Mutation,released,WXS,2,35.0 - 46.0,TCGA-LUAD,6135d057-abdf-4818-ad3c-8292512cab6a,released,f160b20c-f7d3-406e-90e0-2406cb7ab41d,https://github.com/NCI-GDC/aliquot-maf-cwl/blob/3dd621a8745ee2b91716911604bf3f096337a9b7/ensemble_aliquot_maf/ensemble_aliquot_maf_wf.cwl,Aliquot Ensemble Somatic Variant Merging and Masking,3dd621a8745ee2b91716911604bf3f096337a9b7,
f7a36ec5-b563-4c0d-9bbf-a738c9db06c0,MAF,"TCGA-17-Z018-01A-01W-0746-08,TCGA-17-Z018-11A-01W-0746-08",open,59494bb2-eb5d-477e-9c09-86caecf3b73a.wxs.aliquot_ensemble_masked.maf.gz,9ffe1411-2376-4242-a61f-382593339104,Simple Nucleotide Variation,masked_somatic_mutation,Illumina,83128,2022-08-01T16:49:48.244256-05:00,ff38ac460b5fbbd6f40470160a5e4b5c,2024-07-31T06:27:53.501428-05:00,f7a36ec5-b563-4c0d-9bbf-a738c9db06c0,Masked Somatic Mutation,released,WXS,2,35.0 - 46.0,TCGA-LUAD,285f8e92-a1a8-4c95-89ba-61c130845173,released,59494bb2-eb5d-477e-9c09-86caecf3b73a,https://github.com/NCI-GDC/aliquot-maf-cwl/blob/3dd621a8745ee2b91716911604bf3f096337a9b7/ensemble_aliquot_maf/ensemble_aliquot_maf_wf.cwl,Aliquot Ensemble Somatic Variant Merging and Masking,3dd621a8745ee2b91716911604bf3f096337a9b7,
cc865108-ace4-4af8-87bc-ad7b3f7b0d2a,MAF,"TCGA-93-8067-01C-01D-A38P-08,TCGA-93-8067-10A-01D-2284-08",open,3497b579-9a79-4507-94f8-d6f99ef06327.wxs.aliquot_ensemble_masked.maf.gz,fce12801-9717-4806-b650-d63af40b57c4,Simple Nucleotide Variation,masked_somatic_mutation,Illumina,108498,2022-08-01T16:51:46.303390-05:00,572d85e57ab505413e28178cfec180ff,2024-07-31T06:30:22.547714-05:00,cc865108-ace4-4af8-87bc-ad7b3f7b0d2a,Masked Somatic Mutation,released,WXS,2,35.0 - 46.0,TCGA-LUAD,fce62f39-ef1f-4839-9e9d-aa3afe22915d,released,3497b579-9a79-4507-94f8-d6f99ef06327,https://github.com/NCI-GDC/aliquot-maf-cwl/blob/3dd621a8745ee2b91716911604bf3f096337a9b7/ensemble_aliquot_maf/ensemble_aliquot_maf_wf.cwl,Aliquot Ensemble Somatic Variant Merging and Masking,3dd621a8745ee2b91716911604bf3f096337a9b7,
972f35c2-a12e-4f0f-8603-d62c736d76b5,MAF,"TCGA-93-8067-01A-11D-2284-08,TCGA-93-8067-10A-01D-2284-08",open,68e4c04d-ce04-4ca0-81d6-78e684174317.wxs.aliquot_ensemble_masked.maf.gz,cef877cd-595c-44ea-a1d4-ce31e2ff34de,Simple Nucleotide Variation,masked_somatic_mutation,Illumina,193737,2022-08-01T16:52:26.667720-05:00,e4346974ccb5f651d2d57afd4864c11c,2024-07-31T06:33:26.028648-05:00,972f35c2-a12e-4f0f-8603-d62c736d76b5,Masked Somatic Mutation,released,WXS,2,35.0 - 46.0,TCGA-LUAD,755e0ad9-b7f9-4e6f-b288-bcb103114d24,released,68e4c04d-ce04-4ca0-81d6-78e684174317,https://github.com/NCI-GDC/aliquot-maf-cwl/blob/3dd621a8745ee2b91716911604bf3f096337a9b7/ensemble_aliquot_maf/ensemble_aliquot_maf_wf.cwl,Aliquot Ensemble Somatic Variant Merging and Masking,3dd621a8745ee2b91716911604bf3f096337a9b7,
f3eb5735-f240-4024-ba48-9036aa5049b3,MAF,"TCGA-93-8067-01D-01D-A38P-08,TCGA-93-8067-10A-01D-2284-08",open,8ac0b413-d138-4acf-b5aa-cbba131cde2c.wxs.aliquot_ensemble_masked.maf.gz,ccd60a72-51aa-4f3f-b0ce-b44f934994bd,Simple Nucleotide Variation,masked_somatic_mutation,Illumina,67680,2022-08-01T16:46:45.753685-05:00,b3b5cad77dca098d8426869818019c85,2024-07-31T06:34:48.171675-05:00,f3eb5735-f240-4024-ba48-9036aa5049b3,Masked Somatic Mutation,released,WXS,2,35.0 - 46.0,TCGA-LUAD,f71ba54b-8a86-41e1-846f-9451a2826d09,released,8ac0b413-d138-4acf-b5aa-cbba131cde2c,https://github.com/NCI-GDC/aliquot-maf-cwl/blob/3dd621a8745ee2b91716911604bf3f096337a9b7/ensemble_aliquot_maf/ensemble_aliquot_maf_wf.cwl,Aliquot Ensemble Somatic Variant Merging and Masking,3dd621a8745ee2b91716911604bf3f096337a9b7,
aa1d3843-145a-4e36-9494-86eb54c0bcf8,MAF,"TCGA-05-4418-01A-01D-1265-08,TCGA-05-4418-10A-01D-1265-08",open,a2eae656-2df6-40df-bc06-478163e5bdab.wxs.aliquot_ensemble_masked.maf.gz,f1582f0f-2830-4392-ad7a-838186fbe010,Simple Nucleotide Variation,masked_somatic_mutation,Illumina,98381,2022-08-01T16:42:21.060865-05:00,7a7f0276841b45aac9fded9aad3077af,2024-07-31T06:26:54.753328-05:00,aa1d3843-145a-4e36-9494-86eb54c0bcf8,Masked Somatic Mutation,released,WXS,2,35.0 - 46.0,TCGA-LUAD,692c8251-204c-4528-aa3c-b843732d8766,released,a2eae656-2df6-40df-bc06-478163e5bdab,https://github.com/NCI-GDC/aliquot-maf-cwl/blob/3dd621a8745ee2b91716911604bf3f096337a9b7/ensemble_aliquot_maf/ensemble_aliquot_maf_wf.cwl,Aliquot Ensemble Somatic Variant Merging and Masking,3dd621a8745ee2b91716911604bf3f096337a9b7,
7cc6c97b-1e0d-497e-9d18-fce6c24fb7dd,MAF,"TCGA-55-7914-01A-11D-2167-08,TCGA-55-7914-10A-01D-2167-08",open,5c5b5776-e87b-4a6d-881b-e0c4ecd38af6.wxs.aliquot_ensemble_masked.maf.gz,a2d651e7-4906-4bcd-83c1-67f82e69d0b9,Simple Nucleotide Variation,masked_somatic_mutation,Illumina,64929,2022-08-01T16:52:57.363756-05:00,7ab39b3c88381ebf4db3663e1dfdae24,2024-07-31T06:36:39.860641-05:00,7cc6c97b-1e0d-497e-9d18-fce6c24fb7dd,Masked Somatic Mutation,released,WXS,2,35.0 - 46.0,TCGA-LUAD,08e6c1e6-470c-46f7-8005-b60f0e001c3b,released,5c5b5776-e87b-4a6d-881b-e0c4ecd38af6,https://github.com/NCI-GDC/aliquot-maf-cwl/blob/3dd621a8745ee2b91716911604bf3f096337a9b7/ensemble_aliquot_maf/ensemble_aliquot_maf_wf.cwl,Aliquot Ensemble Somatic Variant Merging and Masking,3dd621a8745ee2b91716911604bf3f096337a9b7,
0a48e132-74fa-456d-a292-a958d9373e3d,MAF,"TCGA-55-1595-01A-01D-0969-08,TCGA-55-1595-11A-01D-0969-08",open,5dfa07b9-3d69-4974-9a29-336b47b0cdab.wxs.aliquot_ensemble_masked.maf.gz,7218910a-5045-4498-a5d0-fb60c136bacc,Simple Nucleotide Variation,masked_somatic_mutation,Illumina,105076,2022-08-01T17:02:48.343930-05:00,32f39a979963b8149c5091e3a2714656,2024-07-31T06:35:47.059458-05:00,0a48e132-74fa-456d-a292-a958d9373e3d,Masked Somatic Mutation,released,WXS,2,35.0 - 46.0,TCGA-LUAD,555f8aae-51b2-49d8-b157-6b9dcf38e831,released,5dfa07b9-3d69-4974-9a29-336b47b0cdab,https://github.com/NCI-GDC/aliquot-maf-cwl/blob/3dd621a8745ee2b91716911604bf3f096337a9b7/ensemble_aliquot_maf/ensemble_aliquot_maf_wf.cwl,Aliquot Ensemble Somatic Variant Merging and Masking,3dd621a8745ee2b91716911604bf3f096337a9b7,
be733141-d5f0-4e24-b512-2eaa9786d6ee,MAF,"TCGA-73-4658-01A-01D-1753-08,TCGA-73-4658-11A-01D-1753-08",open,df1cc429-8eca-449c-83c4-8f0d69613bd1.wxs.aliquot_ensemble_masked.maf.gz,faa09ed9-615a-4551-8555-749d678391ee,Simple Nucleotide Variation,masked_somatic_mutation,Illumina,108162,2022-08-01T16:54:43.522069-05:00,cf818f717036f1d0b55d1ad703d4cfe6,2024-07-31T06:36:37.373199-05:00,be733141-d5f0-4e24-b512-2eaa9786d6ee,Masked Somatic Mutation,released,WXS,2,35.0 - 46.0,TCGA-LUAD,78b3a590-dc47-408b-9f70-bb4c87c61a4d,released,df1cc429-8eca-449c-83c4-8f0d69613bd1,https://github.com/NCI-GDC/aliquot-maf-cwl/blob/3dd621a8745ee2b91716911604bf3f096337a9b7/ensemble_aliquot_maf/ensemble_aliquot_maf_wf.cwl,Aliquot Ensemble Somatic Variant Merging and Masking,3dd621a8745ee2b91716911604bf3f096337a9b7,
a2e630bf-b7a4-4f1c-af45-21183089137f,MAF,"TCGA-38-4630-01A-01D-1265-08,TCGA-38-4630-11A-01D-1265-08",open,ef0a4a4f-60a3-4ea4-b836-0547026d32c7.wxs.aliquot_ensemble_masked.maf.gz,ffd37432-2d71-4744-a903-efe1df4b1e5d,Simple Nucleotide Variation,masked_somatic_mutation,Illumina,44837,2022-08-01T16:40:23.544102-05:00,c08b3b54cdda8600291c821645246e32,2024-07-31T06:28:35.621636-05:00,a2e630bf-b7a4-4f1c-af45-21183089137f,Masked Somatic Mutation,released,WXS,2,35.0 - 46.0,TCGA-LUAD,b0f0a6d7-6ecf-4fd6-b65d-692022d0cd0d,released,ef0a4a4f-60a3-4ea4-b836-0547026d32c7,https://github.com/NCI-GDC/aliquot-maf-cwl/blob/3dd621a8745ee2b91716911604bf3f096337a9b7/ensemble_aliquot_maf/ensemble_aliquot_maf_wf.cwl,Aliquot Ensemble Somatic Variant Merging and Masking,3dd621a8745ee2b91716911604bf3f096337a9b7,
6a1c704a-961a-4fe9-842c-620227b5c785,MAF,"TCGA-55-8619-01A-11D-2393-08,TCGA-55-8619-10A-01D-2393-08",open,70b66624-d30b-4fed-b7aa-248efd0ac7c3.wxs.aliquot_ensemble_masked.maf.gz,4eea4fe0-8a6b-43ea-9eac-c53466726900,Simple Nucleotide Variation,masked_somatic_mutation,Illumina,9922,2022-08-01T16:51:16.318067-05:00,44f9ce4f68f7280682c5f3bf5abbc76a,2024-07-31T06:25:33.603258-05:00,6a1c704a-961a-4fe9-842c-620227b5c785,Masked Somatic Mutation,released,WXS,2,35.0 - 46.0,TCGA-LUAD,20949d5e-3d15-4564-bb34-b0a1c3041b54,released,70b66624-d30b-4fed-b7aa-248efd0ac7c3,https://github.com/NCI-GDC/aliquot-maf-cwl/blob/3dd621a8745ee2b91716911604bf3f096337a9b7/ensemble_aliquot_maf/ensemble_aliquot_maf_wf.cwl,Aliquot Ensemble Somatic Variant Merging and Masking,3dd621a8745ee2b91716911604bf3f096337a9b7,
6621a8f6-e61c-4c68-b042-eac761721381,MAF,"TCGA-95-7948-01A-11D-2184-08,TCGA-95-7948-10A-01D-2184-08",open,98fb39e9-baa9-45eb-9024-8066f648fa65.wxs.aliquot_ensemble_masked.maf.gz,f0979ec3-b72b-47b8-bd6f-5dedeca7f1ee,Simple Nucleotide Variation,masked_somatic_mutation,Illumina,53006,2022-08-01T16:49:03.233367-05:00,6f04d82fa1a8fc6ce4dce88c3d86528f,2024-07-31T06:31:19.107660-05:00,6621a8f6-e61c-4c68-b042-eac761721381,Masked Somatic Mutation,released,WXS,2,35.0 - 46.0,TCGA-LUAD,ffcd1738-13c6-4aab-8351-838186c2f9a1,released,98fb39e9-baa9-45eb-9024-8066f648fa65,https://github.com/NCI-GDC/aliquot-maf-cwl/blob/3dd621a8745ee2b91716911604bf3f096337a9b7/ensemble_aliquot_maf/ensemble_aliquot_maf_wf.cwl,Aliquot Ensemble Somatic Variant Merging and Masking,3dd621a8745ee2b91716911604bf3f096337a9b7,
ce22aa4c-5954-4e6a-aeaa-416839ee9376,MAF,"TCGA-44-6147-01A-11D-1753-08,TCGA-44-6147-10A-01D-1753-08",open,93ea1822-8a18-4c09-a0ab-e74225938a59.wxs.aliquot_ensemble_masked.maf.gz,7bf1d64c-bde5-4046-84fd-97e925a393b9,Simple Nucleotide Variation,masked_somatic_mutation,Illumina,62329,2022-08-01T16:40:41.478953-05:00,01ea7a815a9156f894e051c5bc02809d,2024-07-31T06:29:27.358471-05:00,ce22aa4c-5954-4e6a-aeaa-416839ee9376,Masked Somatic Mutation,released,WXS,2,35.0 - 46.0,TCGA-LUAD,d13da6b8-4b01-4cd6-b779-cda6ad9c4c44,released,93ea1822-8a18-4c09-a0ab-e74225938a59,https://github.com/NCI-GDC/aliquot-maf-cwl/blob/3dd621a8745ee2b91716911604bf3f096337a9b7/ensemble_aliquot_maf/ensemble_aliquot_maf_wf.cwl,Aliquot Ensemble Somatic Variant Merging and Masking,3dd621a8745ee2b91716911604bf3f096337a9b7,
6867f860-8669-4788-a3e3-f4e22380986f,MAF,"TCGA-91-6836-01A-21D-1855-08,TCGA-91-6836-11A-01D-1855-08",open,fe36c53b-029a-473c-9277-aa9663cb020e.wxs.aliquot_ensemble_masked.maf.gz,218d3e33-4388-443f-b870-00ba5fecd3d3,Simple Nucleotide Variation,masked_somatic_mutation,Illumina,156711,2022-08-01T16:39:41.353860-05:00,2300e0f3383c1ad336fd43267b271671,2024-07-31T06:32:11.253181-05:00,6867f860-8669-4788-a3e3-f4e22380986f,Masked Somatic Mutation,released,WXS,2,35.0 - 46.0,TCGA-LUAD,36528b4d-3b1c-4167-aa1c-5332b393fd29,released,fe36c53b-029a-473c-9277-aa9663cb020e,https://github.com/NCI-GDC/aliquot-maf-cwl/blob/3dd621a8745ee2b91716911604bf3f096337a9b7/ensemble_aliquot_maf/ensemble_aliquot_maf_wf.cwl,Aliquot Ensemble Somatic Variant Merging and Masking,3dd621a8745ee2b91716911604bf3f096337a9b7,
470b8e24-fe52-48ef-a2ff-dccc721d7a8b,MAF,"TCGA-38-4629-01A-02D-1265-08,TCGA-38-4629-11A-01D-1265-08",open,17aa2bf6-e83b-4a21-895b-af624c4da749.wxs.aliquot_ensemble_masked.maf.gz,465a3a7c-1289-401e-acd5-324c4cb3ce18,Simple Nucleotide Variation,masked_somatic_mutation,Illumina,98793,2022-08-01T16:40:33.369183-05:00,1a6a68cb604d4babd22382f53fa73b89,2024-07-31T06:30:37.007871-05:00,470b8e24-fe52-48ef-a2ff-dccc721d7a8b,Masked Somatic Mutation,released,WXS,2,35.0 - 46.0,TCGA-LUAD,59df8e18-76ba-4171-837a-bfafac1d57d1,released,17aa2bf6-e83b-4a21-895b-af624c4da749,https://github.com/NCI-GDC/aliquot-maf-cwl/blob/3dd621a8745ee2b91716911604bf3f096337a9b7/ensemble_aliquot_maf/ensemble_aliquot_maf_wf.cwl,Aliquot Ensemble Somatic Variant Merging and Masking,3dd621a8745ee2b91716911604bf3f096337a9b7,
a7f3e8f2-d3d9-4697-bb8a-de6b44132c01,MAF,"TCGA-44-6146-01B-04D-A271-08,TCGA-44-6146-10A-01D-1753-08",open,fb688467-91aa-4321-95f0-a38444338584.wxs.aliquot_ensemble_masked.maf.gz,84f507a2-636e-486c-94e6-d755c2bdd456,Simple Nucleotide Variation,masked_somatic_mutation,Illumina,18707,2022-08-01T17:02:32.724763-05:00,6b314f5dd952a4fedbbb71f70b9b8c5f,2024-07-31T06:27:07.448109-05:00,a7f3e8f2-d3d9-4697-bb8a-de6b44132c01,Masked Somatic Mutation,released,WXS,2,35.0 - 46.0,TCGA-LUAD,e813b0a9-2764-4579-92b1-ac8cfc1530a7,released,fb688467-91aa-4321-95f0-a38444338584,https://github.com/NCI-GDC/aliquot-maf-cwl/blob/3dd621a8745ee2b91716911604bf3f096337a9b7/ensemble_aliquot_maf/ensemble_aliquot_maf_wf.cwl,Aliquot Ensemble Somatic Variant Merging and Masking,3dd621a8745ee2b91716911604bf3f096337a9b7,
e0afe821-cb8e-487a-8fe5-92e7f9e3d137,MAF,"TCGA-64-1677-01A-01W-0928-08,TCGA-64-1677-10A-01W-0928-08",open,84974264-b654-4f88-bdd4-0ee18f90d7d8.wxs.aliquot_ensemble_masked.maf.gz,a88926ae-3b10-4817-97b1-b7de44228882,Simple Nucleotide Variation,masked_somatic_mutation,Illumina,76272,2022-08-01T17:05:22.593599-05:00,14f5ee4bc63f664b7be743174e3a8a36,2024-07-31T06:37:34.464421-05:00,e0afe821-cb8e-487a-8fe5-92e7f9e3d137,Masked Somatic Mutation,released,WXS,2,35.0 - 46.0,TCGA-LUAD,9118bbf0-22c8-4c59-b738-974a769a69c1,released,84974264-b654-4f88-bdd4-0ee18f90d7d8,https://github.com/NCI-GDC/aliquot-maf-cwl/blob/3dd621a8745ee2b91716911604bf3f096337a9b7/ensemble_aliquot_maf/ensemble_aliquot_maf_wf.cwl,Aliquot Ensemble Somatic Variant Merging and Masking,3dd621a8745ee2b91716911604bf3f096337a9b7,
02c37aa1-ff1e-4548-ace1-0953351e6d01,MAF,"TCGA-44-7670-01A-11D-2063-08,TCGA-44-7670-10A-01D-2063-08",open,418928d4-30ef-4e1c-ab3c-957ef4948ff8.wxs.aliquot_ensemble_masked.maf.gz,a34decd8-f3a7-404e-9f95-361dc2d6c67e,Simple Nucleotide Variation,masked_somatic_mutation,Illumina,348664,2022-08-01T16:42:51.173447-05:00,6c0b4e3f774e45d0ee6dc09ef5c70832,2024-07-31T06:34:46.860717-05:00,02c37aa1-ff1e-4548-ace1-0953351e6d01,Masked Somatic Mutation,released,WXS,2,35.0 - 46.0,TCGA-LUAD,d3ddba5b-b07d-424e-b4d6-cae78a3d8a70,released,418928d4-30ef-4e1c-ab3c-957ef4948ff8,https://github.com/NCI-GDC/aliquot-maf-cwl/blob/3dd621a8745ee2b91716911604bf3f096337a9b7/ensemble_aliquot_maf/ensemble_aliquot_maf_wf.cwl,Aliquot Ensemble Somatic Variant Merging and Masking,3dd621a8745ee2b91716911604bf3f096337a9b7,
5ae532c3-6923-4272-8286-97ace9db9437,MAF,"TCGA-86-6851-01A-11D-1945-08,TCGA-86-6851-10A-01D-1946-08",open,7f880828-1f81-4973-8efa-a052497c2b0f.wxs.aliquot_ensemble_masked.maf.gz,31a92ef3-f3af-437f-8955-2b658b55eab2,Simple Nucleotide Variation,masked_somatic_mutation,Illumina,290763,2022-08-01T16:56:11.978960-05:00,622736ba2af6b6427c9d657f6e26a8be,2024-07-31T06:38:39.145531-05:00,5ae532c3-6923-4272-8286-97ace9db9437,Masked Somatic Mutation,released,WXS,2,35.0 - 46.0,TCGA-LUAD,1bf9167a-9528-4b7e-8e10-8ed6a23c3d15,released,7f880828-1f81-4973-8efa-a052497c2b0f,https://github.com/NCI-GDC/aliquot-maf-cwl/blob/3dd621a8745ee2b91716911604bf3f096337a9b7/ensemble_aliquot_maf/ensemble_aliquot_maf_wf.cwl,Aliquot Ensemble Somatic Variant Merging and Masking,3dd621a8745ee2b91716911604bf3f096337a9b7,
bbf4c985-1565-421f-9dbb-89cd9a1c40e2,MAF,"TCGA-55-8207-01A-11D-2238-08,TCGA-55-8207-10A-01D-2238-08",open,5118f795-497e-459d-aadb-fa184e2ff416.wxs.aliquot_ensemble_masked.maf.gz,5c9fe085-50c8-4ac6-aee7-7a010b374356,Simple Nucleotide Variation,masked_somatic_mutation,Illumina,109010,2022-08-01T17:04:30.391985-05:00,a193cbc6785780015e7b7cb346b383cb,2024-07-31T06:30:41.045201-05:00,bbf4c985-1565-421f-9dbb-89cd9a1c40e2,Masked Somatic Mutation,released,WXS,2,35.0 - 46.0,TCGA-LUAD,e8677c7d-566b-43a6-b1ac-c3e0e1db87af,released,5118f795-497e-459d-aadb-fa184e2ff416,https://github.com/NCI-GDC/aliquot-maf-cwl/blob/3dd621a8745ee2b91716911604bf3f096337a9b7/ensemble_aliquot_maf/ensemble_aliquot_maf_wf.cwl,Aliquot Ensemble Somatic Variant Merging and Masking,3dd621a8745ee2b91716911604bf3f096337a9b7,
99f5aa40-a043-420d-9ec8-9f7f1a420376,MAF,"TCGA-50-5051-01A-21D-1855-08,TCGA-50-5051-10A-01D-1855-08",open,6c61a0df-1228-4052-b28c-38c44e3d4e60.wxs.aliquot_ensemble_masked.maf.gz,6745f9da-0a31-4981-92ca-d07a48b4a66a,Simple Nucleotide Variation,masked_somatic_mutation,Illumina,41901,2022-08-01T16:39:29.396462-05:00,b9d2334a464201208b3a91750ece3cf3,2024-07-31T06:26:29.462350-05:00,99f5aa40-a043-420d-9ec8-9f7f1a420376,Masked Somatic Mutation,released,WXS,2,35.0 - 46.0,TCGA-LUAD,79b5f5a7-b419-4b5b-93e5-1dd23011e60e,released,6c61a0df-1228-4052-b28c-38c44e3d4e60,https://github.com/NCI-GDC/aliquot-maf-cwl/blob/3dd621a8745ee2b91716911604bf3f096337a9b7/ensemble_aliquot_maf/ensemble_aliquot_maf_wf.cwl,Aliquot Ensemble Somatic Variant Merging and Masking,3dd621a8745ee2b91716911604bf3f096337a9b7,
ab6c6851-eef1-409a-9de6-d566cbfd31a1,MAF,"TCGA-62-A471-01A-12D-A24D-08,TCGA-62-A471-10A-01D-A24F-08",open,09a2b0ba-0978-48ff-aede-a989eafb7275.wxs.aliquot_ensemble_masked.maf.gz,4f70836c-b1cb-4e5e-a2b2-18ad80f05376,Simple Nucleotide Variation,masked_somatic_mutation,Illumina,42434,2022-08-01T17:00:16.504877-05:00,398af4d422360a1242fc53811aa5098d,2024-07-31T02:29:56.131834-05:00,ab6c6851-eef1-409a-9de6-d566cbfd31a1,Masked Somatic Mutation,released,WXS,2,35.0 - 46.0,TCGA-LUAD,7056b5b2-6458-4516-a9c9-723ae6eaa3c3,released,09a2b0ba-0978-48ff-aede-a989eafb7275,https://github.com/NCI-GDC/aliquot-maf-cwl/blob/3dd621a8745ee2b91716911604bf3f096337a9b7/ensemble_aliquot_maf/ensemble_aliquot_maf_wf.cwl,Aliquot Ensemble Somatic Variant Merging and Masking,3dd621a8745ee2b91716911604bf3f096337a9b7,
17a121d0-95bb-4caa-9472-436d9ea89f11,MAF,"TCGA-50-6590-01A-12D-1855-08,TCGA-50-6590-11A-01D-1855-08",open,73691763-129a-4710-ae38-c26ce0eaa55c.wxs.aliquot_ensemble_masked.maf.gz,ae4c2091-a7b0-4942-b09a-c542637bdcfb,Simple Nucleotide Variation,masked_somatic_mutation,Illumina,275011,2022-08-01T16:48:00.050126-05:00,c19632276d92ac3ed2a4c2709658e73e,2024-07-31T06:31:28.793503-05:00,17a121d0-95bb-4caa-9472-436d9ea89f11,Masked Somatic Mutation,released,WXS,2,35.0 - 46.0,TCGA-LUAD,25999895-51fc-45d2-b4af-fd72f3fffaa6,released,73691763-129a-4710-ae38-c26ce0eaa55c,https://github.com/NCI-GDC/aliquot-maf-cwl/blob/3dd621a8745ee2b91716911604bf3f096337a9b7/ensemble_aliquot_maf/ensemble_aliquot_maf_wf.cwl,Aliquot Ensemble Somatic Variant Merging and Masking,3dd621a8745ee2b91716911604bf3f096337a9b7,
fd356323-7ae6-4429-a8ea-a5572c44301c,MAF,"TCGA-78-7162-01A-21D-2063-08,TCGA-78-7162-11A-01D-2063-08",open,9b4ad7cb-594a-4876-b218-e4303162246f.wxs.aliquot_ensemble_masked.maf.gz,bb0acd1f-0a33-4055-8540-16a0c859b591,Simple Nucleotide Variation,masked_somatic_mutation,Illumina,30894,2022-08-01T17:01:55.219728-05:00,706e5ccafd07ddbc91a599b420649126,2024-07-31T06:33:22.301140-05:00,fd356323-7ae6-4429-a8ea-a5572c44301c,Masked Somatic Mutation,released,WXS,2,35.0 - 46.0,TCGA-LUAD,843ff240-b527-44a8-a122-2773fa793e14,released,9b4ad7cb-594a-4876-b218-e4303162246f,https://github.com/NCI-GDC/aliquot-maf-cwl/blob/3dd621a8745ee2b91716911604bf3f096337a9b7/ensemble_aliquot_maf/ensemble_aliquot_maf_wf.cwl,Aliquot Ensemble Somatic Variant Merging and Masking,3dd621a8745ee2b91716911604bf3f096337a9b7,
fce00398-a6be-4c15-80d3-f9fd3c7c5056,MAF,"TCGA-55-7911-01A-11D-2167-08,TCGA-55-7911-10A-01D-2167-08",open,a2706af2-2c35-4684-83b5-ecf3eabdbde7.wxs.aliquot_ensemble_masked.maf.gz,5bbb9cef-3443-475c-9a33-baa6abfe49a1,Simple Nucleotide Variation,masked_somatic_mutation,Illumina,84498,2022-08-01T16:38:14.185725-05:00,678175a10856be9c1681265eb2473265,2024-07-31T06:30:45.029057-05:00,fce00398-a6be-4c15-80d3-f9fd3c7c5056,Masked Somatic Mutation,released,WXS,2,35.0 - 46.0,TCGA-LUAD,9279309d-9f2e-48c8-913a-0f5bedfc802e,released,a2706af2-2c35-4684-83b5-ecf3eabdbde7,https://github.com/NCI-GDC/aliquot-maf-cwl/blob/3dd621a8745ee2b91716911604bf3f096337a9b7/ensemble_aliquot_maf/ensemble_aliquot_maf_wf.cwl,Aliquot Ensemble Somatic Variant Merging and Masking,3dd621a8745ee2b91716911604bf3f096337a9b7,
0ecdd76a-4131-4abb-a91e-add0e37e7e1a,MAF,"TCGA-17-Z053-01A-01W-0747-08,TCGA-17-Z053-11A-01W-0747-08",open,135d87f4-2943-4e79-aaac-0693b2eeeb8e.wxs.aliquot_ensemble_masked.maf.gz,ff2aeae7-de3c-4a08-ad1a-4cfcddf13318,Simple Nucleotide Variation,masked_somatic_mutation,Illumina,87881,2022-08-01T16:50:10.970100-05:00,af090a1ce51292a5465392f44f43f218,2024-07-31T06:32:52.667154-05:00,0ecdd76a-4131-4abb-a91e-add0e37e7e1a,Masked Somatic Mutation,released,WXS,2,35.0 - 46.0,TCGA-LUAD,fed370c3-df23-480b-b73c-126167dc85a4,released,135d87f4-2943-4e79-aaac-0693b2eeeb8e,https://github.com/NCI-GDC/aliquot-maf-cwl/blob/3dd621a8745ee2b91716911604bf3f096337a9b7/ensemble_aliquot_maf/ensemble_aliquot_maf_wf.cwl,Aliquot Ensemble Somatic Variant Merging and Masking,3dd621a8745ee2b91716911604bf3f096337a9b7,
33517eb8-ce28-410f-85b3-e4e14a75e4ad,MAF,"TCGA-44-5643-01A-01D-1625-08,TCGA-44-5643-10A-01D-1625-08",open,2d20c120-22b3-4c99-b5de-5cec0a7dd839.wxs.aliquot_ensemble_masked.maf.gz,cd6e8e1a-fe10-406b-a346-dc804bc757b8,Simple Nucleotide Variation,masked_somatic_mutation,Illumina,46604,2022-08-01T16:43:55.389061-05:00,f8c55adc6edf8adf8f2a1eb9c4322d61,2024-07-31T06:29:40.825954-05:00,33517eb8-ce28-410f-85b3-e4e14a75e4ad,Masked Somatic Mutation,released,WXS,2,35.0 - 46.0,TCGA-LUAD,8eedd88c-20a1-4e11-8289-d05712941518,released,2d20c120-22b3-4c99-b5de-5cec0a7dd839,https://github.com/NCI-GDC/aliquot-maf-cwl/blob/3dd621a8745ee2b91716911604bf3f096337a9b7/ensemble_aliquot_maf/ensemble_aliquot_maf_wf.cwl,Aliquot Ensemble Somatic Variant Merging and Masking,3dd621a8745ee2b91716911604bf3f096337a9b7,
bacacd29-acff-4cb9-b4dd-fbbdfed97b07,MAF,"TCGA-86-8279-01A-11D-2284-08,TCGA-86-8279-10A-01D-2284-08",open,6d9908fe-8922-43d7-a5c1-1f36a4024ec9.wxs.aliquot_ensemble_masked.maf.gz,53fa314c-6ecd-4fe9-a6a3-27d60cbcedad,Simple Nucleotide Variation,masked_somatic_mutation,Illumina,168950,2022-08-01T17:03:56.879752-05:00,78b9a2b19b5ed82c6d4777e3205e3b59,2024-07-31T06:29:36.954077-05:00,bacacd29-acff-4cb9-b4dd-fbbdfed97b07,Masked Somatic Mutation,released,WXS,2,35.0 - 46.0,TCGA-LUAD,abc6288a-0c3b-41b0-8125-486f6a03d98c,released,6d9908fe-8922-43d7-a5c1-1f36a4024ec9,https://github.com/NCI-GDC/aliquot-maf-cwl/blob/3dd621a8745ee2b91716911604bf3f096337a9b7/ensemble_aliquot_maf/ensemble_aliquot_maf_wf.cwl,Aliquot Ensemble Somatic Variant Merging and Masking,3dd621a8745ee2b91716911604bf3f096337a9b7,
68212b71-6b6f-4825-91f5-80ee54a7f679,MAF,"TCGA-75-6214-01A-41D-1945-08,TCGA-75-6214-10A-01D-1946-08",open,674ea8d3-9ab3-4f82-99e3-3fe2481e756c.wxs.aliquot_ensemble_masked.maf.gz,3f9a59e6-221b-46c5-bc41-11f67085c785,Simple Nucleotide Variation,masked_somatic_mutation,Illumina,231788,2022-08-01T16:43:43.380109-05:00,68db04b0e58c34387e176df06edde45a,2024-07-31T06:33:47.215482-05:00,68212b71-6b6f-4825-91f5-80ee54a7f679,Masked Somatic Mutation,released,WXS,2,35.0 - 46.0,TCGA-LUAD,754adb96-d50f-4e1b-bdbc-1cc856872796,released,674ea8d3-9ab3-4f82-99e3-3fe2481e756c,https://github.com/NCI-GDC/aliquot-maf-cwl/blob/3dd621a8745ee2b91716911604bf3f096337a9b7/ensemble_aliquot_maf/ensemble_aliquot_maf_wf.cwl,Aliquot Ensemble Somatic Variant Merging and Masking,3dd621a8745ee2b91716911604bf3f096337a9b7,
2c2f463b-28fd-44e5-94e4-a3562fdb221e,MAF,"TCGA-S2-AA1A-01A-12D-A397-08,TCGA-S2-AA1A-10A-01D-A39A-08",open,7eee3182-a4c8-4ccb-9894-547dd9a7111a.wxs.aliquot_ensemble_masked.maf.gz,6a276bb6-bf23-4ec5-9a5a-17b405b642ed,Simple Nucleotide Variation,masked_somatic_mutation,Illumina,41346,2022-08-01T16:52:19.273804-05:00,883ea952f4b3f72bd2fb345e4bfbdb88,2024-07-31T06:32:45.934066-05:00,2c2f463b-28fd-44e5-94e4-a3562fdb221e,Masked Somatic Mutation,released,WXS,2,35.0 - 46.0,TCGA-LUAD,977eca7f-b89f-444a-8148-6e1e9cff6ea2,released,7eee3182-a4c8-4ccb-9894-547dd9a7111a,https://github.com/NCI-GDC/aliquot-maf-cwl/blob/3dd621a8745ee2b91716911604bf3f096337a9b7/ensemble_aliquot_maf/ensemble_aliquot_maf_wf.cwl,Aliquot Ensemble Somatic Variant Merging and Masking,3dd621a8745ee2b91716911604bf3f096337a9b7,
f56b0c73-f6b2-4c84-84f2-d2f3e817da7c,MAF,"TCGA-86-8585-01A-11D-2393-08,TCGA-86-8585-10A-01D-2393-08",open,29705d55-0d2a-445e-9ecf-0b91e48d9c79.wxs.aliquot_ensemble_masked.maf.gz,6c369836-4e23-49c5-b148-961660babe9c,Simple Nucleotide Variation,masked_somatic_mutation,Illumina,189626,2022-08-01T16:53:02.952534-05:00,2a1f0ab99933bb441bf3acb3daa1366b,2024-07-31T06:33:19.556101-05:00,f56b0c73-f6b2-4c84-84f2-d2f3e817da7c,Masked Somatic Mutation,released,WXS,2,35.0 - 46.0,TCGA-LUAD,ebac0f52-5163-4ee1-90ad-b1462efa6330,released,29705d55-0d2a-445e-9ecf-0b91e48d9c79,https://github.com/NCI-GDC/aliquot-maf-cwl/blob/3dd621a8745ee2b91716911604bf3f096337a9b7/ensemble_aliquot_maf/ensemble_aliquot_maf_wf.cwl,Aliquot Ensemble Somatic Variant Merging and Masking,3dd621a8745ee2b91716911604bf3f096337a9b7,
3fce5f60-2af0-4b06-bc86-800f42d8e33e,MAF,"TCGA-50-5066-01A-01D-1625-08,TCGA-50-5066-10A-01D-1625-08",open,b59f8f51-d09c-403b-8ad2-98c9bd65cfb5.wxs.aliquot_ensemble_masked.maf.gz,e253e087-97ee-4397-9b0d-4f390411b971,Simple Nucleotide Variation,masked_somatic_mutation,Illumina,84786,2022-08-01T16:45:46.414841-05:00,4d8bed1f2c3024fdf3c1b6e0d332a051,2024-07-31T06:36:03.279244-05:00,3fce5f60-2af0-4b06-bc86-800f42d8e33e,Masked Somatic Mutation,released,WXS,2,35.0 - 46.0,TCGA-LUAD,596984b7-bd86-4ee7-804d-9e6b20a2d43e,released,b59f8f51-d09c-403b-8ad2-98c9bd65cfb5,https://github.com/NCI-GDC/aliquot-maf-cwl/blob/3dd621a8745ee2b91716911604bf3f096337a9b7/ensemble_aliquot_maf/ensemble_aliquot_maf_wf.cwl,Aliquot Ensemble Somatic Variant Merging and Masking,3dd621a8745ee2b91716911604bf3f096337a9b7,
a97f8364-bf7a-4ba6-aae2-400a226c01b0,MAF,"TCGA-50-5066-02A-11D-2107-08,TCGA-50-5066-10A-01D-1625-08",open,7fff37c4-934c-404b-b4a6-00045f08053b.wxs.aliquot_ensemble_masked.maf.gz,757f97da-e0e1-47dd-aa74-b1d031696f6c,Simple Nucleotide Variation,masked_somatic_mutation,Illumina,120333,2022-08-01T16:55:54.079523-05:00,55e80484d068e192c8c52cbcb63be87e,2024-07-31T06:31:56.055009-05:00,a97f8364-bf7a-4ba6-aae2-400a226c01b0,Masked Somatic Mutation,released,WXS,2,35.0 - 46.0,TCGA-LUAD,b9e1b0de-0f05-4d48-a672-75758a4b6740,released,7fff37c4-934c-404b-b4a6-00045f08053b,https://github.com/NCI-GDC/aliquot-maf-cwl/blob/3dd621a8745ee2b91716911604bf3f096337a9b7/ensemble_aliquot_maf/ensemble_aliquot_maf_wf.cwl,Aliquot Ensemble Somatic Variant Merging and Masking,3dd621a8745ee2b91716911604bf3f096337a9b7,
902cb049-bebf-4684-8002-eaf909b26323,MAF,"TCGA-MP-A4TD-01A-32D-A25L-08,TCGA-MP-A4TD-10A-01D-A25L-08",open,3c2fc414-420c-4190-941e-26a14a62cfc2.wxs.aliquot_ensemble_masked.maf.gz,c64099fe-6d12-4d4b-8715-8252d8ab12c1,Simple Nucleotide Variation,masked_somatic_mutation,Illumina,31225,2022-08-01T16:45:35.534441-05:00,0ef6b44a88b73dc5479df17f30b4a863,2024-07-31T06:31:39.449291-05:00,902cb049-bebf-4684-8002-eaf909b26323,Masked Somatic Mutation,released,WXS,2,35.0 - 46.0,TCGA-LUAD,50a5313b-1df1-4baf-a596-e31925fff597,released,3c2fc414-420c-4190-941e-26a14a62cfc2,https://github.com/NCI-GDC/aliquot-maf-cwl/blob/3dd621a8745ee2b91716911604bf3f096337a9b7/ensemble_aliquot_maf/ensemble_aliquot_maf_wf.cwl,Aliquot Ensemble Somatic Variant Merging and Masking,3dd621a8745ee2b91716911604bf3f096337a9b7,
32b9c4d4-be15-4693-9881-fcb35c781264,MAF,"TCGA-55-A492-01A-11D-A24D-08,TCGA-55-A492-10A-01D-A24F-08",open,70f02542-6746-493c-bc6f-12aae8b6ea62.wxs.aliquot_ensemble_masked.maf.gz,83d13767-4216-449a-a7d0-f284978bd36d,Simple Nucleotide Variation,masked_somatic_mutation,Illumina,96729,2022-08-01T16:58:53.043360-05:00,5ba2312daef9c8dec37212ef9cbd3ad0,2024-07-31T06:30:15.189580-05:00,32b9c4d4-be15-4693-9881-fcb35c781264,Masked Somatic Mutation,released,WXS,2,35.0 - 46.0,TCGA-LUAD,019ac545-5dab-4693-99f6-708347902fa7,released,70f02542-6746-493c-bc6f-12aae8b6ea62,https://github.com/NCI-GDC/aliquot-maf-cwl/blob/3dd621a8745ee2b91716911604bf3f096337a9b7/ensemble_aliquot_maf/ensemble_aliquot_maf_wf.cwl,Aliquot Ensemble Somatic Variant Merging and Masking,3dd621a8745ee2b91716911604bf3f096337a9b7,
754193ef-252a-4e6e-a409-fd18e5c204f8,MAF,"TCGA-44-6775-01A-11D-A271-08,TCGA-44-6775-10A-01D-1855-08",open,1e1db7e6-ca67-4c95-b9ca-824ecb607bd9.wxs.aliquot_ensemble_masked.maf.gz,fd860641-8043-4462-abb0-95ae6bd34479,Simple Nucleotide Variation,masked_somatic_mutation,Illumina,24651,2022-08-01T16:48:32.143534-05:00,d7c556a18f26823f1e0fb9825790d362,2024-07-31T06:28:50.699349-05:00,754193ef-252a-4e6e-a409-fd18e5c204f8,Masked Somatic Mutation,released,WXS,2,35.0 - 46.0,TCGA-LUAD,3d901ca6-8dff-4050-b6b4-2d56a1d5a07a,released,1e1db7e6-ca67-4c95-b9ca-824ecb607bd9,https://github.com/NCI-GDC/aliquot-maf-cwl/blob/3dd621a8745ee2b91716911604bf3f096337a9b7/ensemble_aliquot_maf/ensemble_aliquot_maf_wf.cwl,Aliquot Ensemble Somatic Variant Merging and Masking,3dd621a8745ee2b91716911604bf3f096337a9b7,
2f7cbb23-a6af-4410-93fa-88900bfe8ea7,MAF,"TCGA-17-Z027-01A-01W-0746-08,TCGA-17-Z027-11A-01W-0746-08",open,be27e5a0-7124-4c6d-a5e4-59331bdc1cb0.wxs.aliquot_ensemble_masked.maf.gz,df264d38-5241-4edf-aaac-06aa284d84e9,Simple Nucleotide Variation,masked_somatic_mutation,Illumina,34870,2022-08-01T16:54:00.606312-05:00,1819da94597fc0f84ddd280cda3316f4,2024-07-31T06:26:06.621884-05:00,2f7cbb23-a6af-4410-93fa-88900bfe8ea7,Masked Somatic Mutation,released,WXS,2,35.0 - 46.0,TCGA-LUAD,d8b75304-3fa1-432d-933c-d663f94f5948,released,be27e5a0-7124-4c6d-a5e4-59331bdc1cb0,https://github.com/NCI-GDC/aliquot-maf-cwl/blob/3dd621a8745ee2b91716911604bf3f096337a9b7/ensemble_aliquot_maf/ensemble_aliquot_maf_wf.cwl,Aliquot Ensemble Somatic Variant Merging and Masking,3dd621a8745ee2b91716911604bf3f096337a9b7,
ad708c2d-e1b7-4e08-be32-b71c26310c41,MAF,"TCGA-55-8506-01A-11D-2393-08,TCGA-55-8506-10A-01D-2393-08",open,3cfdf0dc-e83a-4001-87d6-89d570936fcc.wxs.aliquot_ensemble_masked.maf.gz,99c29bcd-d73e-404e-939a-f00c04b48943,Simple Nucleotide Variation,masked_somatic_mutation,Illumina,581208,2022-08-01T16:52:23.867790-05:00,9f1c60a648cf8483e4a5a3de7d026d67,2024-07-31T06:38:23.106859-05:00,ad708c2d-e1b7-4e08-be32-b71c26310c41,Masked Somatic Mutation,released,WXS,2,35.0 - 46.0,TCGA-LUAD,3ce3494f-3b6a-401d-9f9e-317e0a1d6792,released,3cfdf0dc-e83a-4001-87d6-89d570936fcc,https://github.com/NCI-GDC/aliquot-maf-cwl/blob/3dd621a8745ee2b91716911604bf3f096337a9b7/ensemble_aliquot_maf/ensemble_aliquot_maf_wf.cwl,Aliquot Ensemble Somatic Variant Merging and Masking,3dd621a8745ee2b91716911604bf3f096337a9b7,
aa57de4e-7f8f-4c9c-a185-4ab87bb9e438,MAF,"TCGA-05-5428-01A-01D-1625-08,TCGA-05-5428-10A-01D-1625-08",open,5eaa4117-0c17-40a6-94a9-ad229a8e5250.wxs.aliquot_ensemble_masked.maf.gz,6d8d7290-119c-4dd5-8809-abcc745a7dd4,Simple Nucleotide Variation,masked_somatic_mutation,Illumina,126003,2022-08-01T16:49:56.379024-05:00,7f7ee3dc6b053da4e74f0e661e2884cf,2024-07-31T06:36:24.724648-05:00,aa57de4e-7f8f-4c9c-a185-4ab87bb9e438,Masked Somatic Mutation,released,WXS,2,35.0 - 46.0,TCGA-LUAD,97246fb9-4a62-4398-a835-86a57c410f12,released,5eaa4117-0c17-40a6-94a9-ad229a8e5250,https://github.com/NCI-GDC/aliquot-maf-cwl/blob/3dd621a8745ee2b91716911604bf3f096337a9b7/ensemble_aliquot_maf/ensemble_aliquot_maf_wf.cwl,Aliquot Ensemble Somatic Variant Merging and Masking,3dd621a8745ee2b91716911604bf3f096337a9b7,
40d5190b-b6ed-4616-9981-a3b7eb2d7c2b,MAF,"TCGA-35-4122-01A-01D-1105-08,TCGA-35-4122-10A-01D-1105-08",open,6313be87-755f-4626-9b99-6e72d1866693.wxs.aliquot_ensemble_masked.maf.gz,e4825924-108c-4762-82c8-2a2617b0c8be,Simple Nucleotide Variation,masked_somatic_mutation,Illumina,107308,2022-08-01T16:42:54.745975-05:00,4d3fc58401653dfd0cf7c95a2751f2c4,2024-07-31T06:26:44.345706-05:00,40d5190b-b6ed-4616-9981-a3b7eb2d7c2b,Masked Somatic Mutation,released,WXS,2,35.0 - 46.0,TCGA-LUAD,34346ee2-3508-4e41-974c-245f45a6c2ac,released,6313be87-755f-4626-9b99-6e72d1866693,https://github.com/NCI-GDC/aliquot-maf-cwl/blob/3dd621a8745ee2b91716911604bf3f096337a9b7/ensemble_aliquot_maf/ensemble_aliquot_maf_wf.cwl,Aliquot Ensemble Somatic Variant Merging and Masking,3dd621a8745ee2b91716911604bf3f096337a9b7,
1005879f-0532-4dac-9b6c-7abeb335c778,MAF,"TCGA-55-6642-01A-11D-1855-08,TCGA-55-6642-11A-01D-1855-08",open,32c34928-e19c-4f50-989b-ba32f2f946bd.wxs.aliquot_ensemble_masked.maf.gz,f50ac0d2-c05f-4fd6-91d6-ed02484caed8,Simple Nucleotide Variation,masked_somatic_mutation,Illumina,46119,2022-08-01T16:46:29.102931-05:00,ab59867c7821b5027a1860550cd9908d,2024-07-31T06:29:23.400779-05:00,1005879f-0532-4dac-9b6c-7abeb335c778,Masked Somatic Mutation,released,WXS,2,35.0 - 46.0,TCGA-LUAD,b29582e2-544d-4be3-821b-a6ebe931d324,released,32c34928-e19c-4f50-989b-ba32f2f946bd,https://github.com/NCI-GDC/aliquot-maf-cwl/blob/3dd621a8745ee2b91716911604bf3f096337a9b7/ensemble_aliquot_maf/ensemble_aliquot_maf_wf.cwl,Aliquot Ensemble Somatic Variant Merging and Masking,3dd621a8745ee2b91716911604bf3f096337a9b7,
c3cc60c0-f902-4da8-b5fe-282004a710b0,MAF,"TCGA-69-8253-01A-11D-2284-08,TCGA-69-8253-10A-01D-2284-08",open,2df6bd0b-430b-4804-a673-9439102f66bd.wxs.aliquot_ensemble_masked.maf.gz,4bc82a11-5d61-4677-954d-955e8e60b3b8,Simple Nucleotide Variation,masked_somatic_mutation,Illumina,54581,2022-08-01T17:03:11.805816-05:00,3f410d8b58ce1dde108481ff009a96bf,2024-07-31T06:27:15.700048-05:00,c3cc60c0-f902-4da8-b5fe-282004a710b0,Masked Somatic Mutation,released,WXS,2,35.0 - 46.0,TCGA-LUAD,ffc28baa-4661-468d-a806-10be9a3108a1,released,2df6bd0b-430b-4804-a673-9439102f66bd,https://github.com/NCI-GDC/aliquot-maf-cwl/blob/3dd621a8745ee2b91716911604bf3f096337a9b7/ensemble_aliquot_maf/ensemble_aliquot_maf_wf.cwl,Aliquot Ensemble Somatic Variant Merging and Masking,3dd621a8745ee2b91716911604bf3f096337a9b7,
082e03c5-f49f-455e-9e6d-b477b962deca,MAF,"TCGA-05-4249-01A-01D-1105-08,TCGA-05-4249-10A-01D-1105-08",open,e1a5102c-e7b6-49fd-b4a2-32a10936ab55.wxs.aliquot_ensemble_masked.maf.gz,82949276-625f-4ab7-a6fa-aa4c482d5677,Simple Nucleotide Variation,masked_somatic_mutation,Illumina,109310,2022-08-01T16:48:38.186550-05:00,b3273fad1f613a0f969c832114cb1558,2024-07-31T06:31:05.447231-05:00,082e03c5-f49f-455e-9e6d-b477b962deca,Masked Somatic Mutation,released,WXS,2,35.0 - 46.0,TCGA-LUAD,d0e9c0aa-3360-4343-b098-454689e24a26,released,e1a5102c-e7b6-49fd-b4a2-32a10936ab55,https://github.com/NCI-GDC/aliquot-maf-cwl/blob/3dd621a8745ee2b91716911604bf3f096337a9b7/ensemble_aliquot_maf/ensemble_aliquot_maf_wf.cwl,Aliquot Ensemble Somatic Variant Merging and Masking,3dd621a8745ee2b91716911604bf3f096337a9b7,
8c1e1479-7719-4391-b758-89526fe6bb26,MAF,"TCGA-44-7669-01A-21D-2063-08,TCGA-44-7669-10A-01D-2063-08",open,4f32b0dd-1d38-4f67-9ea1-cd5a6fff7895.wxs.aliquot_ensemble_masked.maf.gz,cb425e9f-f045-457f-af81-0f610171d753,Simple Nucleotide Variation,masked_somatic_mutation,Illumina,154058,2022-08-01T16:52:35.321806-05:00,65972bafb287ae275c03db5e1e9c1aaa,2024-07-31T06:33:32.610156-05:00,8c1e1479-7719-4391-b758-89526fe6bb26,Masked Somatic Mutation,released,WXS,2,35.0 - 46.0,TCGA-LUAD,24d78551-765a-4556-9e31-2a35a3fe80c2,released,4f32b0dd-1d38-4f67-9ea1-cd5a6fff7895,https://github.com/NCI-GDC/aliquot-maf-cwl/blob/3dd621a8745ee2b91716911604bf3f096337a9b7/ensemble_aliquot_maf/ensemble_aliquot_maf_wf.cwl,Aliquot Ensemble Somatic Variant Merging and Masking,3dd621a8745ee2b91716911604bf3f096337a9b7,
edf20538-8946-4b5d-963a-c6e86b8ff11e,MAF,"TCGA-62-8395-01A-11D-2323-08,TCGA-62-8395-10A-01D-2323-08",open,e5f3a9e2-129f-4907-9896-a06522bfa165.wxs.aliquot_ensemble_masked.maf.gz,ca54ba30-2795-4629-8924-00a3bae9f73f,Simple Nucleotide Variation,masked_somatic_mutation,Illumina,29957,2022-08-01T17:05:37.709809-05:00,bb3accffffb38fd38b19541101085e79,2024-07-31T06:38:11.864916-05:00,edf20538-8946-4b5d-963a-c6e86b8ff11e,Masked Somatic Mutation,released,WXS,2,35.0 - 46.0,TCGA-LUAD,961bbf69-bece-433c-9cdc-c859d830d5d6,released,e5f3a9e2-129f-4907-9896-a06522bfa165,https://github.com/NCI-GDC/aliquot-maf-cwl/blob/3dd621a8745ee2b91716911604bf3f096337a9b7/ensemble_aliquot_maf/ensemble_aliquot_maf_wf.cwl,Aliquot Ensemble Somatic Variant Merging and Masking,3dd621a8745ee2b91716911604bf3f096337a9b7,
0d7c5d18-2f64-4313-b8dc-e7a492269744,MAF,"TCGA-55-8085-01A-11D-2238-08,TCGA-55-8085-10A-01D-2238-08",open,ca4e1463-5536-460f-9dfb-5cf07edf4e56.wxs.aliquot_ensemble_masked.maf.gz,3dfd0396-3221-4608-9b89-f5fba75378e4,Simple Nucleotide Variation,masked_somatic_mutation,Illumina,91942,2022-08-01T16:50:49.164402-05:00,d0005c8e415b61ea94270fcf3d1f46f3,2024-07-31T06:36:12.666260-05:00,0d7c5d18-2f64-4313-b8dc-e7a492269744,Masked Somatic Mutation,released,WXS,2,35.0 - 46.0,TCGA-LUAD,b207a685-8ec7-48ad-8cfc-0aaafb8bf537,released,ca4e1463-5536-460f-9dfb-5cf07edf4e56,https://github.com/NCI-GDC/aliquot-maf-cwl/blob/3dd621a8745ee2b91716911604bf3f096337a9b7/ensemble_aliquot_maf/ensemble_aliquot_maf_wf.cwl,Aliquot Ensemble Somatic Variant Merging and Masking,3dd621a8745ee2b91716911604bf3f096337a9b7,
45731335-5a61-4e1c-9d19-673daa536742,MAF,"TCGA-05-5429-01A-01D-1625-08,TCGA-05-5429-10A-01D-1625-08",open,0ff570c3-f2f3-46fc-bd84-5054a3b87975.wxs.aliquot_ensemble_masked.maf.gz,819c4e78-db9d-4e41-b809-f39829d20758,Simple Nucleotide Variation,masked_somatic_mutation,Illumina,14704,2022-08-01T16:48:15.397605-05:00,f3635ebd8b21ef9617423c34ea79dcdb,2024-07-31T06:37:11.190373-05:00,45731335-5a61-4e1c-9d19-673daa536742,Masked Somatic Mutation,released,WXS,2,35.0 - 46.0,TCGA-LUAD,32af48d9-af6c-4aff-9fa9-ffb4de174d51,released,0ff570c3-f2f3-46fc-bd84-5054a3b87975,https://github.com/NCI-GDC/aliquot-maf-cwl/blob/3dd621a8745ee2b91716911604bf3f096337a9b7/ensemble_aliquot_maf/ensemble_aliquot_maf_wf.cwl,Aliquot Ensemble Somatic Variant Merging and Masking,3dd621a8745ee2b91716911604bf3f096337a9b7,
e26d6530-33a4-4f91-9d84-40ad0f2b5ea3,MAF,"TCGA-86-A4P8-01A-11D-A24P-08,TCGA-86-A4P8-10A-01D-A24P-08",open,6f9e9418-1056-4c47-b559-d4b08cbe4d33.wxs.aliquot_ensemble_masked.maf.gz,c8f6c16a-781a-4c40-9d10-fd8d2e2df9a2,Simple Nucleotide Variation,masked_somatic_mutation,Illumina,1142,2022-08-01T16:49:05.704096-05:00,94010b2cec2ad678879f3d2b9458e211,2024-07-31T06:27:48.376190-05:00,e26d6530-33a4-4f91-9d84-40ad0f2b5ea3,Masked Somatic Mutation,released,WXS,2,35.0 - 46.0,TCGA-LUAD,d75e1d7d-f827-4701-a093-a330da555dbb,released,6f9e9418-1056-4c47-b559-d4b08cbe4d33,https://github.com/NCI-GDC/aliquot-maf-cwl/blob/3dd621a8745ee2b91716911604bf3f096337a9b7/ensemble_aliquot_maf/ensemble_aliquot_maf_wf.cwl,Aliquot Ensemble Somatic Variant Merging and Masking,3dd621a8745ee2b91716911604bf3f096337a9b7,
4152e8ad-21fa-4d37-9ddf-1e7dc7cd0745,MAF,"TCGA-44-4112-01A-31D-A27T-08,TCGA-44-4112-10A-01D-1458-08",open,bc54cdb9-e105-4688-af63-1cb5cf9b3661.wxs.aliquot_ensemble_masked.maf.gz,12d14b3b-dd89-4d8f-8dcd-6aa049339d11,Simple Nucleotide Variation,masked_somatic_mutation,Illumina,161115,2022-08-01T16:52:28.434662-05:00,3ce54437fe6dc2587396b2c5a87c3024,2024-07-31T06:36:34.820784-05:00,4152e8ad-21fa-4d37-9ddf-1e7dc7cd0745,Masked Somatic Mutation,released,WXS,2,35.0 - 46.0,TCGA-LUAD,a6717cb0-8653-436e-a5f8-ee9968da4d75,released,bc54cdb9-e105-4688-af63-1cb5cf9b3661,https://github.com/NCI-GDC/aliquot-maf-cwl/blob/3dd621a8745ee2b91716911604bf3f096337a9b7/ensemble_aliquot_maf/ensemble_aliquot_maf_wf.cwl,Aliquot Ensemble Somatic Variant Merging and Masking,3dd621a8745ee2b91716911604bf3f096337a9b7,
9f0da6b3-341b-43d6-8220-c328eccb99ee,MAF,"TCGA-44-4112-01A-01D-1458-08,TCGA-44-4112-10A-01D-1458-08",open,b755717a-4def-4ca8-8371-936741696bc7.wxs.aliquot_ensemble_masked.maf.gz,e981c130-6f20-42ad-bebf-3c9dc9a0acf4,Simple Nucleotide Variation,masked_somatic_mutation,Illumina,144492,2022-08-01T16:50:23.766305-05:00,fd487c49a1e858a89d65cdca8a6f24bd,2024-07-31T06:26:46.935288-05:00,9f0da6b3-341b-43d6-8220-c328eccb99ee,Masked Somatic Mutation,released,WXS,2,35.0 - 46.0,TCGA-LUAD,2043c161-16c0-4a37-a07a-8e919eed2e95,released,b755717a-4def-4ca8-8371-936741696bc7,https://github.com/NCI-GDC/aliquot-maf-cwl/blob/3dd621a8745ee2b91716911604bf3f096337a9b7/ensemble_aliquot_maf/ensemble_aliquot_maf_wf.cwl,Aliquot Ensemble Somatic Variant Merging and Masking,3dd621a8745ee2b91716911604bf3f096337a9b7,
f8a15a3a-3de9-4d52-8db3-c4c8eed7d188,MAF,"TCGA-44-8117-01A-11D-2238-08,TCGA-44-8117-10A-01D-2238-08",open,416a2436-c5f4-4fae-a3e2-f1c3729b16fe.wxs.aliquot_ensemble_masked.maf.gz,d6463d09-51dc-4f96-877c-751e7fddc66f,Simple Nucleotide Variation,masked_somatic_mutation,Illumina,251927,2022-08-01T16:46:32.253042-05:00,d3b590f3fa342bf462d1d134ca991448,2024-07-31T06:35:44.343278-05:00,f8a15a3a-3de9-4d52-8db3-c4c8eed7d188,Masked Somatic Mutation,released,WXS,2,35.0 - 46.0,TCGA-LUAD,7ef2c656-631a-4b47-8ab0-524142776b3b,released,416a2436-c5f4-4fae-a3e2-f1c3729b16fe,https://github.com/NCI-GDC/aliquot-maf-cwl/blob/3dd621a8745ee2b91716911604bf3f096337a9b7/ensemble_aliquot_maf/ensemble_aliquot_maf_wf.cwl,Aliquot Ensemble Somatic Variant Merging and Masking,3dd621a8745ee2b91716911604bf3f096337a9b7,
a5705599-51bd-4f67-83ba-a1e1a1bdd62f,MAF,"TCGA-05-4397-01A-01D-1265-08,TCGA-05-4397-10A-01D-1265-08",open,c8b0380b-818a-4689-a1dc-5bbecc611b7f.wxs.aliquot_ensemble_masked.maf.gz,a06bf87d-dcfc-4a60-8a37-7e3f1f6c6997,Simple Nucleotide Variation,masked_somatic_mutation,Illumina,284598,2022-08-01T17:01:28.942952-05:00,2202a567e50cb171a9f7ae42f1102b51,2024-07-31T06:37:40.290844-05:00,a5705599-51bd-4f67-83ba-a1e1a1bdd62f,Masked Somatic Mutation,released,WXS,2,35.0 - 46.0,TCGA-LUAD,1223c4a6-3008-4cdb-ac71-385d46acb936,released,c8b0380b-818a-4689-a1dc-5bbecc611b7f,https://github.com/NCI-GDC/aliquot-maf-cwl/blob/3dd621a8745ee2b91716911604bf3f096337a9b7/ensemble_aliquot_maf/ensemble_aliquot_maf_wf.cwl,Aliquot Ensemble Somatic Variant Merging and Masking,3dd621a8745ee2b91716911604bf3f096337a9b7,
9a09f5eb-719e-4b40-a83f-cc609c5252c6,MAF,"TCGA-69-A59K-01A-11D-A25L-08,TCGA-69-A59K-10A-01D-A25L-08",open,64a87a6e-49fe-4416-8272-38833006c015.wxs.aliquot_ensemble_masked.maf.gz,cf69f19e-4f4f-48fc-ac09-ea34658ba288,Simple Nucleotide Variation,masked_somatic_mutation,Illumina,155145,2022-08-01T16:46:19.033159-05:00,cc0667b6353ce4dbc3b9667bee257edb,2024-07-31T06:35:13.698910-05:00,9a09f5eb-719e-4b40-a83f-cc609c5252c6,Masked Somatic Mutation,released,WXS,2,35.0 - 46.0,TCGA-LUAD,cedcb383-7e28-44fe-94ab-e38e21572b56,released,64a87a6e-49fe-4416-8272-38833006c015,https://github.com/NCI-GDC/aliquot-maf-cwl/blob/3dd621a8745ee2b91716911604bf3f096337a9b7/ensemble_aliquot_maf/ensemble_aliquot_maf_wf.cwl,Aliquot Ensemble Somatic Variant Merging and Masking,3dd621a8745ee2b91716911604bf3f096337a9b7,
67929cd7-8ce6-4fae-b44e-9c123366666e,MAF,"TCGA-75-7025-01A-12D-1945-08,TCGA-75-7025-10A-01D-1946-08",open,0f9f350b-96b1-4e90-a103-624ab3289891.wxs.aliquot_ensemble_masked.maf.gz,ac283660-018a-4fb4-8368-49199a0c6e4b,Simple Nucleotide Variation,masked_somatic_mutation,Illumina,14192,2022-08-01T16:51:04.089092-05:00,c9258771ed5b7a11e487dc3f4cb6380f,2024-07-31T06:29:05.726542-05:00,67929cd7-8ce6-4fae-b44e-9c123366666e,Masked Somatic Mutation,released,WXS,2,35.0 - 46.0,TCGA-LUAD,d13f1ce1-1aed-495a-bf62-e3d8244e7281,released,0f9f350b-96b1-4e90-a103-624ab3289891,https://github.com/NCI-GDC/aliquot-maf-cwl/blob/3dd621a8745ee2b91716911604bf3f096337a9b7/ensemble_aliquot_maf/ensemble_aliquot_maf_wf.cwl,Aliquot Ensemble Somatic Variant Merging and Masking,3dd621a8745ee2b91716911604bf3f096337a9b7,
74d1cc4f-9efa-4e3c-b6f4-8ba5808dc022,MAF,"TCGA-MN-A4N1-01A-11D-A24P-08,TCGA-MN-A4N1-10A-01D-A24P-08",open,49a8516e-b2a5-4ed9-8994-95f72b1263e4.wxs.aliquot_ensemble_masked.maf.gz,687993b3-39b4-4a86-a1c8-7e09238a9f1d,Simple Nucleotide Variation,masked_somatic_mutation,Illumina,147467,2022-08-01T16:50:29.279993-05:00,7d018e1bcc39ef81a9eb55ceb0007ed2,2024-07-31T06:25:51.379095-05:00,74d1cc4f-9efa-4e3c-b6f4-8ba5808dc022,Masked Somatic Mutation,released,WXS,2,35.0 - 46.0,TCGA-LUAD,f81a0345-e092-4b8c-b950-4a7e19875c56,released,49a8516e-b2a5-4ed9-8994-95f72b1263e4,https://github.com/NCI-GDC/aliquot-maf-cwl/blob/3dd621a8745ee2b91716911604bf3f096337a9b7/ensemble_aliquot_maf/ensemble_aliquot_maf_wf.cwl,Aliquot Ensemble Somatic Variant Merging and Masking,3dd621a8745ee2b91716911604bf3f096337a9b7,
b57794b8-77dd-42a3-931b-5ca6e6ca3030,MAF,"TCGA-49-4490-01A-21D-1855-08,TCGA-49-4490-11A-01D-1855-08",open,a41c93c6-e79d-4852-953a-c0597f74d0c7.wxs.aliquot_ensemble_masked.maf.gz,521a53e6-96e3-426c-8ee6-60f9bbe4981a,Simple Nucleotide Variation,masked_somatic_mutation,Illumina,18160,2022-08-01T16:47:26.976509-05:00,87e1f03ae5e027d508a8425c156f260e,2024-07-31T06:33:57.186403-05:00,b57794b8-77dd-42a3-931b-5ca6e6ca3030,Masked Somatic Mutation,released,WXS,2,35.0 - 46.0,TCGA-LUAD,106cf90b-492f-4612-b0f6-4bfc11af7bfd,released,a41c93c6-e79d-4852-953a-c0597f74d0c7,https://github.com/NCI-GDC/aliquot-maf-cwl/blob/3dd621a8745ee2b91716911604bf3f096337a9b7/ensemble_aliquot_maf/ensemble_aliquot_maf_wf.cwl,Aliquot Ensemble Somatic Variant Merging and Masking,3dd621a8745ee2b91716911604bf3f096337a9b7,
02ddde9e-c1d4-443b-95fa-1cb9ebcf30b6,MAF,"TCGA-44-3918-01A-01D-A271-08,TCGA-44-3918-10A-01D-A271-08",open,433f9e13-9954-4055-8d1a-e0353dc1e878.wxs.aliquot_ensemble_masked.maf.gz,ec1b4384-55c7-4de2-87b2-0d523af47462,Simple Nucleotide Variation,masked_somatic_mutation,Illumina,299706,2022-08-01T16:53:36.463097-05:00,ff37c2f650785ee9097be332e1a21054,2024-07-31T02:30:04.786198-05:00,02ddde9e-c1d4-443b-95fa-1cb9ebcf30b6,Masked Somatic Mutation,released,WXS,2,35.0 - 46.0,TCGA-LUAD,ad97dbe0-718a-451c-97b5-4323c78d5da3,released,433f9e13-9954-4055-8d1a-e0353dc1e878,https://github.com/NCI-GDC/aliquot-maf-cwl/blob/3dd621a8745ee2b91716911604bf3f096337a9b7/ensemble_aliquot_maf/ensemble_aliquot_maf_wf.cwl,Aliquot Ensemble Somatic Variant Merging and Masking,3dd621a8745ee2b91716911604bf3f096337a9b7,
a97a7f5f-1cfb-475e-93f3-aef0583da7ea,MAF,"TCGA-55-6970-01A-11D-1945-08,TCGA-55-6970-11A-01D-1945-08",open,bc6315e3-b3cf-4474-8335-cb98e500833e.wxs.aliquot_ensemble_masked.maf.gz,d6d5b3f9-94fc-4c82-a200-70ba26aec7f2,Simple Nucleotide Variation,masked_somatic_mutation,Illumina,61383,2022-08-01T17:04:05.779098-05:00,b63e7dd7fdfd978ff5d425d0d6df8906,2024-07-31T06:35:48.432979-05:00,a97a7f5f-1cfb-475e-93f3-aef0583da7ea,Masked Somatic Mutation,released,WXS,2,35.0 - 46.0,TCGA-LUAD,6954e4ac-e6f1-4e09-89c8-4b0020b72da0,released,bc6315e3-b3cf-4474-8335-cb98e500833e,https://github.com/NCI-GDC/aliquot-maf-cwl/blob/3dd621a8745ee2b91716911604bf3f096337a9b7/ensemble_aliquot_maf/ensemble_aliquot_maf_wf.cwl,Aliquot Ensemble Somatic Variant Merging and Masking,3dd621a8745ee2b91716911604bf3f096337a9b7,
368ec743-957f-4599-8627-aa1a8e871056,MAF,"TCGA-05-4395-01A-01D-1265-08,TCGA-05-4395-10A-01D-1265-08",open,83798b8a-d1bf-4e49-927c-b584f9dc576f.wxs.aliquot_ensemble_masked.maf.gz,53b33e94-01ab-404d-aa4b-6835d65ace10,Simple Nucleotide Variation,masked_somatic_mutation,Illumina,94825,2022-08-01T16:43:37.075342-05:00,78a6dfca16d9ebf84637d8068aa932b5,2024-07-31T06:32:02.886231-05:00,368ec743-957f-4599-8627-aa1a8e871056,Masked Somatic Mutation,released,WXS,2,35.0 - 46.0,TCGA-LUAD,84c7c10b-d1a6-40d2-8050-c267c299fed1,released,83798b8a-d1bf-4e49-927c-b584f9dc576f,https://github.com/NCI-GDC/aliquot-maf-cwl/blob/3dd621a8745ee2b91716911604bf3f096337a9b7/ensemble_aliquot_maf/ensemble_aliquot_maf_wf.cwl,Aliquot Ensemble Somatic Variant Merging and Masking,3dd621a8745ee2b91716911604bf3f096337a9b7,
6f90c03c-96f5-47dc-85fa-279c634b257e,MAF,"TCGA-MP-A4T9-01A-11D-A24P-08,TCGA-MP-A4T9-10A-01D-A24P-08",open,d866327c-a734-4386-b4ca-7a30353baaa8.wxs.aliquot_ensemble_masked.maf.gz,654a3ff2-f897-4d10-9310-65a1676d9ab2,Simple Nucleotide Variation,masked_somatic_mutation,Illumina,16331,2022-08-01T16:40:29.892970-05:00,4d75bb3cd129e1080614fd5b0e10e799,2024-07-31T06:32:56.687671-05:00,6f90c03c-96f5-47dc-85fa-279c634b257e,Masked Somatic Mutation,released,WXS,2,35.0 - 46.0,TCGA-LUAD,e3bb0de8-e7ec-416a-a34b-24e351a816a4,released,d866327c-a734-4386-b4ca-7a30353baaa8,https://github.com/NCI-GDC/aliquot-maf-cwl/blob/3dd621a8745ee2b91716911604bf3f096337a9b7/ensemble_aliquot_maf/ensemble_aliquot_maf_wf.cwl,Aliquot Ensemble Somatic Variant Merging and Masking,3dd621a8745ee2b91716911604bf3f096337a9b7,
c1448109-b5b1-40cb-9427-099322af712f,MAF,"TCGA-78-7161-01A-11D-2036-08,TCGA-78-7161-10A-01D-2036-08",open,5e1e9429-dfc2-47b0-963d-9b3152864ee8.wxs.aliquot_ensemble_masked.maf.gz,4623a711-232f-4150-8fff-1c77390ebad3,Simple Nucleotide Variation,masked_somatic_mutation,Illumina,64818,2022-08-01T17:05:31.740053-05:00,aa1a2b42d7b61fcfac949e1dd036c6c4,2024-07-31T06:38:48.945121-05:00,c1448109-b5b1-40cb-9427-099322af712f,Masked Somatic Mutation,released,WXS,2,35.0 - 46.0,TCGA-LUAD,478d2960-2b25-4c07-8dbe-ebceb152e1da,released,5e1e9429-dfc2-47b0-963d-9b3152864ee8,https://github.com/NCI-GDC/aliquot-maf-cwl/blob/3dd621a8745ee2b91716911604bf3f096337a9b7/ensemble_aliquot_maf/ensemble_aliquot_maf_wf.cwl,Aliquot Ensemble Somatic Variant Merging and Masking,3dd621a8745ee2b91716911604bf3f096337a9b7,
7c4c42d3-93a5-4222-9d7f-baee2ccb9694,MAF,"TCGA-64-1679-01A-21D-2063-08,TCGA-64-1679-10A-01D-2063-08",open,6eb5d46b-ab8b-47f0-a36e-e73f9e05542e.wxs.aliquot_ensemble_masked.maf.gz,59162a5a-5a92-4e40-914c-5066920eed7e,Simple Nucleotide Variation,masked_somatic_mutation,Illumina,165500,2022-08-01T16:41:45.147669-05:00,428a906528382b5c57248ed6bd3c9810,2024-07-31T06:26:12.663912-05:00,7c4c42d3-93a5-4222-9d7f-baee2ccb9694,Masked Somatic Mutation,released,WXS,2,35.0 - 46.0,TCGA-LUAD,2cd59546-4733-4a16-81f9-3de4a03ccf9c,released,6eb5d46b-ab8b-47f0-a36e-e73f9e05542e,https://github.com/NCI-GDC/aliquot-maf-cwl/blob/3dd621a8745ee2b91716911604bf3f096337a9b7/ensemble_aliquot_maf/ensemble_aliquot_maf_wf.cwl,Aliquot Ensemble Somatic Variant Merging and Masking,3dd621a8745ee2b91716911604bf3f096337a9b7,
f412cb0d-3502-40eb-aad0-f0ca27986ae0,MAF,"TCGA-69-7760-01A-11D-2167-08,TCGA-69-7760-10A-01D-2167-08",open,59ee2866-a2d5-4544-804b-005bf4aee445.wxs.aliquot_ensemble_masked.maf.gz,1ea87651-7eef-4333-aabe-14dbe47f339a,Simple Nucleotide Variation,masked_somatic_mutation,Illumina,29410,2022-08-01T16:46:06.013976-05:00,e0e2f59bce3ba277c786eb6f1de6ba5c,2024-07-31T06:30:53.003268-05:00,f412cb0d-3502-40eb-aad0-f0ca27986ae0,Masked Somatic Mutation,released,WXS,2,35.0 - 46.0,TCGA-LUAD,0257fb46-1d58-4a9e-a781-36b8741c10dc,released,59ee2866-a2d5-4544-804b-005bf4aee445,https://github.com/NCI-GDC/aliquot-maf-cwl/blob/3dd621a8745ee2b91716911604bf3f096337a9b7/ensemble_aliquot_maf/ensemble_aliquot_maf_wf.cwl,Aliquot Ensemble Somatic Variant Merging and Masking,3dd621a8745ee2b91716911604bf3f096337a9b7,
8412af57-4d6f-44eb-be68-7c175c6b4be7,MAF,"TCGA-75-5126-01A-01D-1753-08,TCGA-75-5126-10A-01D-1753-08",open,08b3fa43-ccda-4429-86aa-c61fe590c20b.wxs.aliquot_ensemble_masked.maf.gz,b7e54072-ab6e-40dd-9fb5-2faf2bc2ee55,Simple Nucleotide Variation,masked_somatic_mutation,Illumina,198470,2022-08-01T17:00:38.998705-05:00,5a375a4eac044166c8599ffe19920eba,2024-07-31T06:37:51.142892-05:00,8412af57-4d6f-44eb-be68-7c175c6b4be7,Masked Somatic Mutation,released,WXS,2,35.0 - 46.0,TCGA-LUAD,8f10c617-ff07-4e28-9039-2717b7bb4d5e,released,08b3fa43-ccda-4429-86aa-c61fe590c20b,https://github.com/NCI-GDC/aliquot-maf-cwl/blob/3dd621a8745ee2b91716911604bf3f096337a9b7/ensemble_aliquot_maf/ensemble_aliquot_maf_wf.cwl,Aliquot Ensemble Somatic Variant Merging and Masking,3dd621a8745ee2b91716911604bf3f096337a9b7,
dd5b1acd-5149-4251-829d-111dbcbc1111,MAF,"TCGA-55-5899-01A-11D-1625-08,TCGA-55-5899-10A-01D-1625-08",open,683228c7-dcd6-430f-88f5-a1afeacb5ffe.wxs.aliquot_ensemble_masked.maf.gz,76d5cc82-1926-4289-aa33-f3640d42d81b,Simple Nucleotide Variation,masked_somatic_mutation,Illumina,155466,2022-08-01T16:50:19.782694-05:00,7292a2c9d4ac58c56bfddaa42e3aabdc,2024-07-31T06:36:08.634882-05:00,dd5b1acd-5149-4251-829d-111dbcbc1111,Masked Somatic Mutation,released,WXS,2,35.0 - 46.0,TCGA-LUAD,b4dce3e0-db46-4329-942a-f6f0a5884280,released,683228c7-dcd6-430f-88f5-a1afeacb5ffe,https://github.com/NCI-GDC/aliquot-maf-cwl/blob/3dd621a8745ee2b91716911604bf3f096337a9b7/ensemble_aliquot_maf/ensemble_aliquot_maf_wf.cwl,Aliquot Ensemble Somatic Variant Merging and Masking,3dd621a8745ee2b91716911604bf3f096337a9b7,
d2403fa7-e05e-4622-aa92-8d4da98e3dc0,MAF,"TCGA-99-8033-01A-11D-2238-08,TCGA-99-8033-10A-01D-2238-08",open,79c5f4d6-a845-4b38-a0e0-f356a19e58ee.wxs.aliquot_ensemble_masked.maf.gz,802d4012-5215-427e-95e1-3c9e8c3ea7dc,Simple Nucleotide Variation,masked_somatic_mutation,Illumina,61026,2022-08-01T16:37:58.348680-05:00,719e91538b1ebaf79e565a9739d92470,2024-07-31T06:27:38.530943-05:00,d2403fa7-e05e-4622-aa92-8d4da98e3dc0,Masked Somatic Mutation,released,WXS,2,35.0 - 46.0,TCGA-LUAD,07a0729e-4973-4cce-8ecc-f171b25d1a35,released,79c5f4d6-a845-4b38-a0e0-f356a19e58ee,https://github.com/NCI-GDC/aliquot-maf-cwl/blob/3dd621a8745ee2b91716911604bf3f096337a9b7/ensemble_aliquot_maf/ensemble_aliquot_maf_wf.cwl,Aliquot Ensemble Somatic Variant Merging and Masking,3dd621a8745ee2b91716911604bf3f096337a9b7,
76fb3ed7-96c6-497f-8a8b-3253c0d2f3da,MAF,"TCGA-99-8028-01A-11D-2238-08,TCGA-99-8028-10A-01D-2238-08",open,48330638-0c8a-4ddd-81fc-7ed215d1869b.wxs.aliquot_ensemble_masked.maf.gz,8a9e5997-f967-4283-93ea-3efdc0a0999d,Simple Nucleotide Variation,masked_somatic_mutation,Illumina,125478,2022-08-01T16:42:32.885015-05:00,168d0f33716f1603df300ee35b9e3d36,2024-07-31T06:34:13.637711-05:00,76fb3ed7-96c6-497f-8a8b-3253c0d2f3da,Masked Somatic Mutation,released,WXS,2,35.0 - 46.0,TCGA-LUAD,1a3220fb-5c33-4dc6-8a6d-92c5a7e7e217,released,48330638-0c8a-4ddd-81fc-7ed215d1869b,https://github.com/NCI-GDC/aliquot-maf-cwl/blob/3dd621a8745ee2b91716911604bf3f096337a9b7/ensemble_aliquot_maf/ensemble_aliquot_maf_wf.cwl,Aliquot Ensemble Somatic Variant Merging and Masking,3dd621a8745ee2b91716911604bf3f096337a9b7,
358c3717-fbaf-4d29-abe1-3a64e3f95880,MAF,"TCGA-55-6975-01A-11D-1945-08,TCGA-55-6975-11A-01D-1945-08",open,f5f0de46-8e12-4e9d-a9d4-509db39369da.wxs.aliquot_ensemble_masked.maf.gz,37c2cb03-7b4d-4c76-8f45-6959d7f2f06e,Simple Nucleotide Variation,masked_somatic_mutation,Illumina,28904,2022-08-01T16:45:39.028233-05:00,e51f6ba24c2176f5d49472c824d5a397,2024-07-31T06:26:25.502241-05:00,358c3717-fbaf-4d29-abe1-3a64e3f95880,Masked Somatic Mutation,released,WXS,2,35.0 - 46.0,TCGA-LUAD,63d2a08e-8989-4422-be5d-b22d4a96f9ea,released,f5f0de46-8e12-4e9d-a9d4-509db39369da,https://github.com/NCI-GDC/aliquot-maf-cwl/blob/3dd621a8745ee2b91716911604bf3f096337a9b7/ensemble_aliquot_maf/ensemble_aliquot_maf_wf.cwl,Aliquot Ensemble Somatic Variant Merging and Masking,3dd621a8745ee2b91716911604bf3f096337a9b7,
22bafb55-4327-4fbc-8443-0587fb49d8fd,MAF,"TCGA-97-8552-01A-11D-2393-08,TCGA-97-8552-10A-01D-2393-08",open,c534284e-9bde-42ff-87c3-effe204a4030.wxs.aliquot_ensemble_masked.maf.gz,cfd62839-6b6e-44aa-b3bc-0d1b8e06e40b,Simple Nucleotide Variation,masked_somatic_mutation,Illumina,11836,2022-08-01T16:44:04.404187-05:00,bd4d49a2350c2f61ef48c1a577545cec,2024-07-31T02:27:20.323357-05:00,22bafb55-4327-4fbc-8443-0587fb49d8fd,Masked Somatic Mutation,released,WXS,2,35.0 - 46.0,TCGA-LUAD,38d32a9d-858a-4c80-a5b1-8ddd144be4c7,released,c534284e-9bde-42ff-87c3-effe204a4030,https://github.com/NCI-GDC/aliquot-maf-cwl/blob/3dd621a8745ee2b91716911604bf3f096337a9b7/ensemble_aliquot_maf/ensemble_aliquot_maf_wf.cwl,Aliquot Ensemble Somatic Variant Merging and Masking,3dd621a8745ee2b91716911604bf3f096337a9b7,
cd44bad1-37f5-4191-8915-7da80c02f565,MAF,"TCGA-50-6591-01A-11D-1753-08,TCGA-50-6591-11A-01D-1753-08",open,ade64044-3918-4bdc-a392-3e0663bc4424.wxs.aliquot_ensemble_masked.maf.gz,c5a5df39-0488-499b-839e-35dcba9a0dbd,Simple Nucleotide Variation,masked_somatic_mutation,Illumina,22583,2022-08-01T16:48:02.306465-05:00,8706ed9f97b88380a42531d1a8a32877,2024-07-31T06:37:09.936834-05:00,cd44bad1-37f5-4191-8915-7da80c02f565,Masked Somatic Mutation,released,WXS,2,35.0 - 46.0,TCGA-LUAD,e528acb1-571e-4003-8a8d-df135ab9eeef,released,ade64044-3918-4bdc-a392-3e0663bc4424,https://github.com/NCI-GDC/aliquot-maf-cwl/blob/3dd621a8745ee2b91716911604bf3f096337a9b7/ensemble_aliquot_maf/ensemble_aliquot_maf_wf.cwl,Aliquot Ensemble Somatic Variant Merging and Masking,3dd621a8745ee2b91716911604bf3f096337a9b7,
590f514e-a6a5-4a9c-a653-5709525281ea,MAF,"TCGA-93-A4JN-01A-11D-A24P-08,TCGA-93-A4JN-10A-01D-A24P-08",open,413940e1-c35b-41ca-a381-381deff762f9.wxs.aliquot_ensemble_masked.maf.gz,4ca58192-8b7b-451a-aa86-26177905e9ad,Simple Nucleotide Variation,masked_somatic_mutation,Illumina,27062,2022-08-01T16:41:39.573244-05:00,8089530c004173cc72039486b11d69c5,2024-07-31T06:29:52.442282-05:00,590f514e-a6a5-4a9c-a653-5709525281ea,Masked Somatic Mutation,released,WXS,2,35.0 - 46.0,TCGA-LUAD,f6442c14-0a9d-4b20-bb0a-300efe8c855f,released,413940e1-c35b-41ca-a381-381deff762f9,https://github.com/NCI-GDC/aliquot-maf-cwl/blob/3dd621a8745ee2b91716911604bf3f096337a9b7/ensemble_aliquot_maf/ensemble_aliquot_maf_wf.cwl,Aliquot Ensemble Somatic Variant Merging and Masking,3dd621a8745ee2b91716911604bf3f096337a9b7,
597cdc66-17b0-496a-b51d-778df192aca7,MAF,"TCGA-95-A4VP-01A-21D-A25L-08,TCGA-95-A4VP-10A-01D-A25L-08",open,3e9c84da-741e-4647-bc34-a17b4e637f0e.wxs.aliquot_ensemble_masked.maf.gz,6a234016-18f8-4e0f-8408-ede5d49024bb,Simple Nucleotide Variation,masked_somatic_mutation,Illumina,41810,2022-08-01T16:49:31.260510-05:00,8a58ed63b53cc85d9f9a82c13ab53785,2024-07-31T06:35:27.284763-05:00,597cdc66-17b0-496a-b51d-778df192aca7,Masked Somatic Mutation,released,WXS,2,35.0 - 46.0,TCGA-LUAD,0d8fbd7d-e8bd-4a80-a173-d566ed748959,released,3e9c84da-741e-4647-bc34-a17b4e637f0e,https://github.com/NCI-GDC/aliquot-maf-cwl/blob/3dd621a8745ee2b91716911604bf3f096337a9b7/ensemble_aliquot_maf/ensemble_aliquot_maf_wf.cwl,Aliquot Ensemble Somatic Variant Merging and Masking,3dd621a8745ee2b91716911604bf3f096337a9b7,
3c95d846-6ef5-4810-a389-7444d4873fef,MAF,"TCGA-50-5049-01A-01D-1625-08,TCGA-50-5049-10A-01D-1625-08",open,ddb4676c-ef89-4187-9aee-8960d4782bd0.wxs.aliquot_ensemble_masked.maf.gz,04d28bf4-8ebe-45c1-a372-d9db15d4ce93,Simple Nucleotide Variation,masked_somatic_mutation,Illumina,241727,2022-08-01T16:43:09.135956-05:00,fc60734d33497cda4c4b14c6ade3f49f,2024-07-31T06:34:54.435159-05:00,3c95d846-6ef5-4810-a389-7444d4873fef,Masked Somatic Mutation,released,WXS,2,35.0 - 46.0,TCGA-LUAD,be2effed-cc04-4c87-acee-c8418673b0fe,released,ddb4676c-ef89-4187-9aee-8960d4782bd0,https://github.com/NCI-GDC/aliquot-maf-cwl/blob/3dd621a8745ee2b91716911604bf3f096337a9b7/ensemble_aliquot_maf/ensemble_aliquot_maf_wf.cwl,Aliquot Ensemble Somatic Variant Merging and Masking,3dd621a8745ee2b91716911604bf3f096337a9b7,
df6156a5-6f74-4dce-8f2e-8f98550c6b6c,MAF,"TCGA-97-7554-01A-11D-2036-08,TCGA-97-7554-10A-01D-2036-08",open,90ea3402-5438-48d7-8195-7207a5b4ab98.wxs.aliquot_ensemble_masked.maf.gz,a80aa2bd-665b-4049-9f36-babf4e5d5a62,Simple Nucleotide Variation,masked_somatic_mutation,Illumina,149801,2022-08-01T16:44:49.165473-05:00,3f3cc9c255d2048f1f1c17628f7a270c,2024-07-31T06:31:32.540710-05:00,df6156a5-6f74-4dce-8f2e-8f98550c6b6c,Masked Somatic Mutation,released,WXS,2,35.0 - 46.0,TCGA-LUAD,f8e20f7b-12fb-4bb9-8cb1-1029f25dd39e,released,90ea3402-5438-48d7-8195-7207a5b4ab98,https://github.com/NCI-GDC/aliquot-maf-cwl/blob/3dd621a8745ee2b91716911604bf3f096337a9b7/ensemble_aliquot_maf/ensemble_aliquot_maf_wf.cwl,Aliquot Ensemble Somatic Variant Merging and Masking,3dd621a8745ee2b91716911604bf3f096337a9b7,
7fa9482e-04e2-4a9d-b245-ed37eb5d0ba1,MAF,"TCGA-50-5045-01A-01D-1625-08,TCGA-50-5045-10A-01D-1625-08",open,dfb7c0a5-0c5f-46e8-9f0c-f7c53330322b.wxs.aliquot_ensemble_masked.maf.gz,baebf568-fe8e-484e-83a6-c260ad0ca90b,Simple Nucleotide Variation,masked_somatic_mutation,Illumina,93475,2022-08-01T16:48:24.498301-05:00,f09df6294353e6ec561590347584518c,2024-07-31T06:35:04.996998-05:00,7fa9482e-04e2-4a9d-b245-ed37eb5d0ba1,Masked Somatic Mutation,released,WXS,2,35.0 - 46.0,TCGA-LUAD,2e7f1d05-5ed4-4e8a-a3c1-b9cd7400f295,released,dfb7c0a5-0c5f-46e8-9f0c-f7c53330322b,https://github.com/NCI-GDC/aliquot-maf-cwl/blob/3dd621a8745ee2b91716911604bf3f096337a9b7/ensemble_aliquot_maf/ensemble_aliquot_maf_wf.cwl,Aliquot Ensemble Somatic Variant Merging and Masking,3dd621a8745ee2b91716911604bf3f096337a9b7,
ce45d80b-ae25-4619-9f31-81183ad14a79,MAF,"TCGA-50-6673-01A-11D-1945-08,TCGA-50-6673-11A-02D-1945-08",open,c981f20f-e70c-410b-b9a3-e731e1d14e84.wxs.aliquot_ensemble_masked.maf.gz,94338f09-14f0-403d-9f74-f190468a0fe1,Simple Nucleotide Variation,masked_somatic_mutation,Illumina,23625,2022-08-01T16:40:02.092042-05:00,582308da9e8c8c77956a131016f86ef6,2024-07-31T06:27:21.487156-05:00,ce45d80b-ae25-4619-9f31-81183ad14a79,Masked Somatic Mutation,released,WXS,2,35.0 - 46.0,TCGA-LUAD,1cd4c945-5d56-4dc8-9902-a5d9db0ec47d,released,c981f20f-e70c-410b-b9a3-e731e1d14e84,https://github.com/NCI-GDC/aliquot-maf-cwl/blob/3dd621a8745ee2b91716911604bf3f096337a9b7/ensemble_aliquot_maf/ensemble_aliquot_maf_wf.cwl,Aliquot Ensemble Somatic Variant Merging and Masking,3dd621a8745ee2b91716911604bf3f096337a9b7,
46b86010-698f-4bdf-ad39-94668dadfffd,MAF,"TCGA-17-Z021-01A-01W-0746-08,TCGA-17-Z021-11A-01W-0746-08",open,d74b882c-ee9e-4f4d-bbcb-a1cd3e92c63b.wxs.aliquot_ensemble_masked.maf.gz,7e87a1e5-e078-4764-9db9-3cffe1adcc01,Simple Nucleotide Variation,masked_somatic_mutation,Illumina,43993,2022-08-01T16:38:16.318641-05:00,9f3555e31d0c81e11b673a81a73ba7e3,2024-07-31T06:25:00.620672-05:00,46b86010-698f-4bdf-ad39-94668dadfffd,Masked Somatic Mutation,released,WXS,2,35.0 - 46.0,TCGA-LUAD,32832c25-99c3-404b-ba1f-bc0179c2053e,released,d74b882c-ee9e-4f4d-bbcb-a1cd3e92c63b,https://github.com/NCI-GDC/aliquot-maf-cwl/blob/3dd621a8745ee2b91716911604bf3f096337a9b7/ensemble_aliquot_maf/ensemble_aliquot_maf_wf.cwl,Aliquot Ensemble Somatic Variant Merging and Masking,3dd621a8745ee2b91716911604bf3f096337a9b7,
182b62f5-d632-41ed-ac95-e35492481e0f,MAF,"TCGA-17-Z001-01A-01W-0746-08,TCGA-17-Z001-11A-01W-0746-08",open,a4afb459-8fc1-4b3e-95fe-5dbf41009fff.wxs.aliquot_ensemble_masked.maf.gz,5572dfc1-ea3a-4401-be60-9887cd57ee00,Simple Nucleotide Variation,masked_somatic_mutation,Illumina,67937,2022-08-01T16:41:33.771576-05:00,8ea13f003a06e238e483219b7f31086a,2024-07-31T06:34:04.107258-05:00,182b62f5-d632-41ed-ac95-e35492481e0f,Masked Somatic Mutation,released,WXS,2,35.0 - 46.0,TCGA-LUAD,b14f2ea3-c79f-4911-b581-b04e2c7aeda1,released,a4afb459-8fc1-4b3e-95fe-5dbf41009fff,https://github.com/NCI-GDC/aliquot-maf-cwl/blob/3dd621a8745ee2b91716911604bf3f096337a9b7/ensemble_aliquot_maf/ensemble_aliquot_maf_wf.cwl,Aliquot Ensemble Somatic Variant Merging and Masking,3dd621a8745ee2b91716911604bf3f096337a9b7,
4b20d50c-f569-4703-93ec-584c267e3fdf,MAF,"TCGA-L9-A743-01A-43D-A397-08,TCGA-L9-A743-10A-01D-A39A-08",open,0ef89e1c-653a-4be0-a6a3-b427f2dd2d00.wxs.aliquot_ensemble_masked.maf.gz,2fa4a244-be81-4108-8fb5-92e26f7d47d6,Simple Nucleotide Variation,masked_somatic_mutation,Illumina,40923,2022-08-01T16:40:15.198939-05:00,77acb3d5dd96431fecb52984038bc01b,2024-07-31T06:25:23.995742-05:00,4b20d50c-f569-4703-93ec-584c267e3fdf,Masked Somatic Mutation,released,WXS,2,35.0 - 46.0,TCGA-LUAD,5aa4be45-500d-4878-a8b4-c115ef8e09f1,released,0ef89e1c-653a-4be0-a6a3-b427f2dd2d00,https://github.com/NCI-GDC/aliquot-maf-cwl/blob/3dd621a8745ee2b91716911604bf3f096337a9b7/ensemble_aliquot_maf/ensemble_aliquot_maf_wf.cwl,Aliquot Ensemble Somatic Variant Merging and Masking,3dd621a8745ee2b91716911604bf3f096337a9b7,
b7950351-3e23-423f-b59d-4a3a0d411fa9,MAF,"TCGA-55-8511-01A-11D-2393-08,TCGA-55-8511-10A-01D-2393-08",open,55899746-38e3-4a9c-87c2-dac4de6b693e.wxs.aliquot_ensemble_masked.maf.gz,7a5dbd97-0fe2-42c8-a041-aabca30b93a6,Simple Nucleotide Variation,masked_somatic_mutation,Illumina,181446,2022-08-01T16:45:58.003186-05:00,a3cf421c328fe76f00ca5b345a58e832,2024-07-31T06:27:11.598292-05:00,b7950351-3e23-423f-b59d-4a3a0d411fa9,Masked Somatic Mutation,released,WXS,2,35.0 - 46.0,TCGA-LUAD,1d2abd9a-fd8d-438d-9ecb-1221c6b0cdb9,released,55899746-38e3-4a9c-87c2-dac4de6b693e,https://github.com/NCI-GDC/aliquot-maf-cwl/blob/3dd621a8745ee2b91716911604bf3f096337a9b7/ensemble_aliquot_maf/ensemble_aliquot_maf_wf.cwl,Aliquot Ensemble Somatic Variant Merging and Masking,3dd621a8745ee2b91716911604bf3f096337a9b7,
663280fe-02ec-4470-b033-3f45b7364c6a,MAF,"TCGA-44-6776-01A-11D-1855-08,TCGA-44-6776-10A-01D-1855-08",open,67691429-74f6-40fb-9c68-f408138b1dad.wxs.aliquot_ensemble_masked.maf.gz,f6a0a7a3-33ea-42ef-8fba-1355679fc516,Simple Nucleotide Variation,masked_somatic_mutation,Illumina,67279,2022-08-01T16:39:22.007571-05:00,ff1caf77ee0c5ec47da54efda630ad93,2024-07-31T06:32:05.467277-05:00,663280fe-02ec-4470-b033-3f45b7364c6a,Masked Somatic Mutation,released,WXS,2,35.0 - 46.0,TCGA-LUAD,c0d0b927-a1f4-43de-9b77-e5517327f812,released,67691429-74f6-40fb-9c68-f408138b1dad,https://github.com/NCI-GDC/aliquot-maf-cwl/blob/3dd621a8745ee2b91716911604bf3f096337a9b7/ensemble_aliquot_maf/ensemble_aliquot_maf_wf.cwl,Aliquot Ensemble Somatic Variant Merging and Masking,3dd621a8745ee2b91716911604bf3f096337a9b7,
0344b01e-7430-4200-81cb-d48a3a8998ac,MAF,"TCGA-95-7947-01A-11D-2184-08,TCGA-95-7947-10A-01D-2184-08",open,5387a7a6-6882-476e-a57c-fffca53b11e2.wxs.aliquot_ensemble_masked.maf.gz,805ede7f-cc91-465f-b86a-8001ae3bd868,Simple Nucleotide Variation,masked_somatic_mutation,Illumina,185535,2022-08-01T17:02:13.180043-05:00,b81f6c9af7f026883ada30db64ac3235,2024-07-31T06:34:32.207037-05:00,0344b01e-7430-4200-81cb-d48a3a8998ac,Masked Somatic Mutation,released,WXS,2,35.0 - 46.0,TCGA-LUAD,ed22eee2-ea51-41f3-a364-316580ec30f1,released,5387a7a6-6882-476e-a57c-fffca53b11e2,https://github.com/NCI-GDC/aliquot-maf-cwl/blob/3dd621a8745ee2b91716911604bf3f096337a9b7/ensemble_aliquot_maf/ensemble_aliquot_maf_wf.cwl,Aliquot Ensemble Somatic Variant Merging and Masking,3dd621a8745ee2b91716911604bf3f096337a9b7,
9f710d18-73e3-4576-8397-345d60eaa9e5,MAF,"TCGA-97-8172-01A-11D-2284-08,TCGA-97-8172-10A-01D-2284-08",open,ae3ab4b5-d0a4-473d-8e34-d4ca663cd27a.wxs.aliquot_ensemble_masked.maf.gz,e2c681eb-82b3-4b8d-9649-33fd30ef4a79,Simple Nucleotide Variation,masked_somatic_mutation,Illumina,85417,2022-08-01T17:00:46.190907-05:00,1d4d7554f3baeb31b12a98cd7515090a,2024-07-31T06:30:58.636306-05:00,9f710d18-73e3-4576-8397-345d60eaa9e5,Masked Somatic Mutation,released,WXS,2,35.0 - 46.0,TCGA-LUAD,21491319-3e4a-40ee-a451-832f31e12347,released,ae3ab4b5-d0a4-473d-8e34-d4ca663cd27a,https://github.com/NCI-GDC/aliquot-maf-cwl/blob/3dd621a8745ee2b91716911604bf3f096337a9b7/ensemble_aliquot_maf/ensemble_aliquot_maf_wf.cwl,Aliquot Ensemble Somatic Variant Merging and Masking,3dd621a8745ee2b91716911604bf3f096337a9b7,
0182902d-bb3b-4b9d-bb2a-1b00c14e3b11,MAF,"TCGA-44-6146-01A-11D-A271-08,TCGA-44-6146-10A-01D-1753-08",open,0196bd59-8bff-46da-a06a-4114fb1ffdb6.wxs.aliquot_ensemble_masked.maf.gz,b3fc02ea-a3d5-49e6-97bb-118f1108a655,Simple Nucleotide Variation,masked_somatic_mutation,Illumina,18509,2022-08-01T17:02:23.367389-05:00,88876125a4450b855cf3d151a116d7c5,2024-07-31T06:30:19.634439-05:00,0182902d-bb3b-4b9d-bb2a-1b00c14e3b11,Masked Somatic Mutation,released,WXS,2,35.0 - 46.0,TCGA-LUAD,27bc0dd3-3292-4669-9c19-e080770eadb9,released,0196bd59-8bff-46da-a06a-4114fb1ffdb6,https://github.com/NCI-GDC/aliquot-maf-cwl/blob/3dd621a8745ee2b91716911604bf3f096337a9b7/ensemble_aliquot_maf/ensemble_aliquot_maf_wf.cwl,Aliquot Ensemble Somatic Variant Merging and Masking,3dd621a8745ee2b91716911604bf3f096337a9b7,
32b00d18-e064-44d7-ada0-78ff1a8160b7,MAF,"TCGA-91-7771-01A-11D-2167-08,TCGA-91-7771-10A-01D-2167-08",open,80e03a98-f4e8-42a8-9b6e-5b502222690b.wxs.aliquot_ensemble_masked.maf.gz,8663aa77-d77c-4df1-83cd-1858fb1740c2,Simple Nucleotide Variation,masked_somatic_mutation,Illumina,67508,2022-08-01T17:01:40.154904-05:00,a1b796391f8737d014d9e48ad3817d0b,2024-07-31T06:26:41.339648-05:00,32b00d18-e064-44d7-ada0-78ff1a8160b7,Masked Somatic Mutation,released,WXS,2,35.0 - 46.0,TCGA-LUAD,0b40c0c2-e370-433e-a386-8563532cb692,released,80e03a98-f4e8-42a8-9b6e-5b502222690b,https://github.com/NCI-GDC/aliquot-maf-cwl/blob/3dd621a8745ee2b91716911604bf3f096337a9b7/ensemble_aliquot_maf/ensemble_aliquot_maf_wf.cwl,Aliquot Ensemble Somatic Variant Merging and Masking,3dd621a8745ee2b91716911604bf3f096337a9b7,
b7e50c64-0f35-4c1f-82cd-140b64b0b4b8,MAF,"TCGA-78-7633-01A-11D-2063-08,TCGA-78-7633-10A-01D-2063-08",open,a34b1b60-ae5a-46a4-b0a2-f6d2366e4f9b.wxs.aliquot_ensemble_masked.maf.gz,578b9688-cfae-4bbb-aa2c-4ddefc5e3498,Simple Nucleotide Variation,masked_somatic_mutation,Illumina,38151,2022-08-01T16:49:23.035818-05:00,ad1b2d80f0e15dbad57a2c2848166eef,2024-07-31T06:33:36.615883-05:00,b7e50c64-0f35-4c1f-82cd-140b64b0b4b8,Masked Somatic Mutation,released,WXS,2,35.0 - 46.0,TCGA-LUAD,ba452dca-20ce-4c8c-9a08-bbd54537cc29,released,a34b1b60-ae5a-46a4-b0a2-f6d2366e4f9b,https://github.com/NCI-GDC/aliquot-maf-cwl/blob/3dd621a8745ee2b91716911604bf3f096337a9b7/ensemble_aliquot_maf/ensemble_aliquot_maf_wf.cwl,Aliquot Ensemble Somatic Variant Merging and Masking,3dd621a8745ee2b91716911604bf3f096337a9b7,
6d565875-6f49-4f18-9f4b-eb35996e0478,MAF,"TCGA-55-7573-01A-11D-2036-08,TCGA-55-7573-11A-01D-2036-08",open,373968cd-7c79-4afb-90ab-454820370a50.wxs.aliquot_ensemble_masked.maf.gz,9b3f677c-279a-444d-a4ab-fd2025ef8657,Simple Nucleotide Variation,masked_somatic_mutation,Illumina,20279,2022-08-01T16:49:20.962075-05:00,3340dcb05e718a39cab5d185d13e821a,2024-07-31T06:25:48.483259-05:00,6d565875-6f49-4f18-9f4b-eb35996e0478,Masked Somatic Mutation,released,WXS,2,35.0 - 46.0,TCGA-LUAD,5ad9e514-f756-463d-a853-9524cf55c2f9,released,373968cd-7c79-4afb-90ab-454820370a50,https://github.com/NCI-GDC/aliquot-maf-cwl/blob/3dd621a8745ee2b91716911604bf3f096337a9b7/ensemble_aliquot_maf/ensemble_aliquot_maf_wf.cwl,Aliquot Ensemble Somatic Variant Merging and Masking,3dd621a8745ee2b91716911604bf3f096337a9b7,
f50e5b1c-99bc-4e7e-8f39-5f421c4ea2fd,MAF,"TCGA-97-8177-01A-11D-2284-08,TCGA-97-8177-10A-01D-2284-08",open,54c096ab-2dd8-4b48-a9b8-2254714ee5ea.wxs.aliquot_ensemble_masked.maf.gz,817ea36a-d75d-4248-9d68-b16202c13ded,Simple Nucleotide Variation,masked_somatic_mutation,Illumina,15120,2022-08-01T17:03:29.483980-05:00,5ecd9bcdb76af66098bb8f06519fc604,2024-07-31T06:32:22.205324-05:00,f50e5b1c-99bc-4e7e-8f39-5f421c4ea2fd,Masked Somatic Mutation,released,WXS,2,35.0 - 46.0,TCGA-LUAD,32273931-9311-47eb-9bc0-59d93959901c,released,54c096ab-2dd8-4b48-a9b8-2254714ee5ea,https://github.com/NCI-GDC/aliquot-maf-cwl/blob/3dd621a8745ee2b91716911604bf3f096337a9b7/ensemble_aliquot_maf/ensemble_aliquot_maf_wf.cwl,Aliquot Ensemble Somatic Variant Merging and Masking,3dd621a8745ee2b91716911604bf3f096337a9b7,
c55bd532-2a60-4066-9be0-5f6d1e54cb05,MAF,"TCGA-50-6592-01A-11D-1753-08,TCGA-50-6592-11A-01D-1753-08",open,b9e30476-a9de-4dfa-8e62-75aaee9847d3.wxs.aliquot_ensemble_masked.maf.gz,080de6f7-35c4-421b-9794-4c280edadee4,Simple Nucleotide Variation,masked_somatic_mutation,Illumina,97543,2022-08-01T16:44:02.375928-05:00,e321bdeca8c9bc5cd1d816dad6979be5,2024-07-31T06:27:06.035549-05:00,c55bd532-2a60-4066-9be0-5f6d1e54cb05,Masked Somatic Mutation,released,WXS,2,35.0 - 46.0,TCGA-LUAD,df09ab43-6f20-48d2-a209-cb0e6afd08ac,released,b9e30476-a9de-4dfa-8e62-75aaee9847d3,https://github.com/NCI-GDC/aliquot-maf-cwl/blob/3dd621a8745ee2b91716911604bf3f096337a9b7/ensemble_aliquot_maf/ensemble_aliquot_maf_wf.cwl,Aliquot Ensemble Somatic Variant Merging and Masking,3dd621a8745ee2b91716911604bf3f096337a9b7,
de548eba-a556-440e-a7d1-8a116bfb5cbd,MAF,"TCGA-91-A4BD-01A-11D-A24D-08,TCGA-91-A4BD-10A-01D-A24F-08",open,29ef1b63-e1a7-405b-98a9-026de5d27ec2.wxs.aliquot_ensemble_masked.maf.gz,a7454fcf-4974-406c-a141-b75115952fe6,Simple Nucleotide Variation,masked_somatic_mutation,Illumina,10157,2022-08-01T17:03:59.532006-05:00,70697dab68ac8a9fefd75544b30e38a1,2024-07-31T06:37:04.265170-05:00,de548eba-a556-440e-a7d1-8a116bfb5cbd,Masked Somatic Mutation,released,WXS,2,35.0 - 46.0,TCGA-LUAD,8517e10a-2070-4a21-ac60-f3ac3c438af1,released,29ef1b63-e1a7-405b-98a9-026de5d27ec2,https://github.com/NCI-GDC/aliquot-maf-cwl/blob/3dd621a8745ee2b91716911604bf3f096337a9b7/ensemble_aliquot_maf/ensemble_aliquot_maf_wf.cwl,Aliquot Ensemble Somatic Variant Merging and Masking,3dd621a8745ee2b91716911604bf3f096337a9b7,
ad79d2d6-8895-4d5a-9293-bd019d9ceed2,MAF,"TCGA-55-A48Y-01A-11D-A24D-08,TCGA-55-A48Y-10A-01D-A24F-08",open,a97bc7f2-55c5-44b8-b615-796c5e35b2a6.wxs.aliquot_ensemble_masked.maf.gz,64b2b3b6-417b-4a34-a149-e662a2f48383,Simple Nucleotide Variation,masked_somatic_mutation,Illumina,126992,2022-08-01T16:39:17.145916-05:00,e32fb1ba645b071c188d6e2ad9c2958e,2024-07-31T06:31:47.966773-05:00,ad79d2d6-8895-4d5a-9293-bd019d9ceed2,Masked Somatic Mutation,released,WXS,2,35.0 - 46.0,TCGA-LUAD,5993cece-d2a6-4419-b434-bcd8d8d95163,released,a97bc7f2-55c5-44b8-b615-796c5e35b2a6,https://github.com/NCI-GDC/aliquot-maf-cwl/blob/3dd621a8745ee2b91716911604bf3f096337a9b7/ensemble_aliquot_maf/ensemble_aliquot_maf_wf.cwl,Aliquot Ensemble Somatic Variant Merging and Masking,3dd621a8745ee2b91716911604bf3f096337a9b7,
08dc3e42-c96a-4550-9f7e-f3ae3b4f728b,MAF,"TCGA-97-8176-01A-11D-2393-08,TCGA-97-8176-10B-01D-2393-08",open,717fc03c-19da-4112-8d65-1df5f9b01d6f.wxs.aliquot_ensemble_masked.maf.gz,b982a512-1ca3-424b-9334-ae23a7939c8c,Simple Nucleotide Variation,masked_somatic_mutation,Illumina,55021,2022-08-01T16:40:10.061665-05:00,23caaf40bb74fe5229e5a8b5555f8545,2024-07-31T06:26:01.054723-05:00,08dc3e42-c96a-4550-9f7e-f3ae3b4f728b,Masked Somatic Mutation,released,WXS,2,35.0 - 46.0,TCGA-LUAD,bf24dd71-7b66-4c4c-90df-5e58a461e21d,released,717fc03c-19da-4112-8d65-1df5f9b01d6f,https://github.com/NCI-GDC/aliquot-maf-cwl/blob/3dd621a8745ee2b91716911604bf3f096337a9b7/ensemble_aliquot_maf/ensemble_aliquot_maf_wf.cwl,Aliquot Ensemble Somatic Variant Merging and Masking,3dd621a8745ee2b91716911604bf3f096337a9b7,
b248ecb0-657d-4437-9b9e-0a9ce1c46990,MAF,"TCGA-55-7284-01B-11D-2238-08,TCGA-55-7284-10A-01D-2238-08",open,cf821435-ea32-4fb4-b0c5-5c3207cb2763.wxs.aliquot_ensemble_masked.maf.gz,04db1fe5-ac83-4f8a-a479-b169a2f9a9cc,Simple Nucleotide Variation,masked_somatic_mutation,Illumina,19497,2022-08-01T16:58:55.472638-05:00,09d66a319870afaac30c0d4fb913fef5,2024-07-31T06:37:08.459287-05:00,b248ecb0-657d-4437-9b9e-0a9ce1c46990,Masked Somatic Mutation,released,WXS,2,35.0 - 46.0,TCGA-LUAD,721afdbb-5f30-4f0f-9989-376034d77b18,released,cf821435-ea32-4fb4-b0c5-5c3207cb2763,https://github.com/NCI-GDC/aliquot-maf-cwl/blob/3dd621a8745ee2b91716911604bf3f096337a9b7/ensemble_aliquot_maf/ensemble_aliquot_maf_wf.cwl,Aliquot Ensemble Somatic Variant Merging and Masking,3dd621a8745ee2b91716911604bf3f096337a9b7,
8ebd754b-e02d-4b3e-b5bf-adb55191ccfc,MAF,"TCGA-50-5931-01A-11D-1753-08,TCGA-50-5931-11A-01D-1753-08",open,80a79cd5-e342-434d-b996-464c32f6efac.wxs.aliquot_ensemble_masked.maf.gz,9caa4a47-572e-4435-90d1-889cd321353e,Simple Nucleotide Variation,masked_somatic_mutation,Illumina,104682,2022-08-01T16:42:36.301156-05:00,da5ab69c4fa9fbe11d92210902d0521e,2024-07-31T06:30:42.407677-05:00,8ebd754b-e02d-4b3e-b5bf-adb55191ccfc,Masked Somatic Mutation,released,WXS,2,35.0 - 46.0,TCGA-LUAD,a4724807-afe9-4230-866e-62f1985b138d,released,80a79cd5-e342-434d-b996-464c32f6efac,https://github.com/NCI-GDC/aliquot-maf-cwl/blob/3dd621a8745ee2b91716911604bf3f096337a9b7/ensemble_aliquot_maf/ensemble_aliquot_maf_wf.cwl,Aliquot Ensemble Somatic Variant Merging and Masking,3dd621a8745ee2b91716911604bf3f096337a9b7,
b3e2dcfc-552c-41fc-855b-b7e7e1019df0,MAF,"TCGA-55-8089-01A-11D-2238-08,TCGA-55-8089-10A-01D-2238-08",open,67b52888-d1ea-40f9-b4dd-38ccb8aa949f.wxs.aliquot_ensemble_masked.maf.gz,461a6ef9-019a-411c-b9fd-b1ea6c56c137,Simple Nucleotide Variation,masked_somatic_mutation,Illumina,407841,2022-08-01T17:00:18.637635-05:00,e53dd56b175de41f43328971e7b6dcbf,2024-07-31T06:38:30.840469-05:00,b3e2dcfc-552c-41fc-855b-b7e7e1019df0,Masked Somatic Mutation,released,WXS,2,35.0 - 46.0,TCGA-LUAD,cdf43697-e17c-4562-9f95-ff155e75339e,released,67b52888-d1ea-40f9-b4dd-38ccb8aa949f,https://github.com/NCI-GDC/aliquot-maf-cwl/blob/3dd621a8745ee2b91716911604bf3f096337a9b7/ensemble_aliquot_maf/ensemble_aliquot_maf_wf.cwl,Aliquot Ensemble Somatic Variant Merging and Masking,3dd621a8745ee2b91716911604bf3f096337a9b7,
71379a24-2b0a-4898-8f23-a773d1809cfc,MAF,"TCGA-44-5644-01A-21D-2036-08,TCGA-44-5644-10A-01D-2036-08",open,6ccf6b28-a355-4fe5-b8f6-8f510381a6f4.wxs.aliquot_ensemble_masked.maf.gz,faf6d786-022a-4f94-94fb-52bb792ff3b5,Simple Nucleotide Variation,masked_somatic_mutation,Illumina,309733,2022-08-01T16:56:58.076395-05:00,a0741d4eef1eeeb5aa36aca5085b2985,2024-07-31T06:35:52.604473-05:00,71379a24-2b0a-4898-8f23-a773d1809cfc,Masked Somatic Mutation,released,WXS,2,35.0 - 46.0,TCGA-LUAD,7edc09a6-0f1e-4aa0-a67c-3d1822b8ec1d,released,6ccf6b28-a355-4fe5-b8f6-8f510381a6f4,https://github.com/NCI-GDC/aliquot-maf-cwl/blob/3dd621a8745ee2b91716911604bf3f096337a9b7/ensemble_aliquot_maf/ensemble_aliquot_maf_wf.cwl,Aliquot Ensemble Somatic Variant Merging and Masking,3dd621a8745ee2b91716911604bf3f096337a9b7,
0d970f54-4b95-42c1-8349-2b48e74840df,MAF,"TCGA-55-8512-01A-11D-2393-08,TCGA-55-8512-10A-01D-2393-08",open,8a271f82-7006-4b6e-bc5e-8eb8138d7cd3.wxs.aliquot_ensemble_masked.maf.gz,956f307a-7623-4574-bbe9-48ec26446cd3,Simple Nucleotide Variation,masked_somatic_mutation,Illumina,17628,2022-08-01T16:59:23.615639-05:00,747684a513b51c8be90c5013d3b78cc7,2024-07-31T06:30:46.337905-05:00,0d970f54-4b95-42c1-8349-2b48e74840df,Masked Somatic Mutation,released,WXS,2,35.0 - 46.0,TCGA-LUAD,061dd568-20d7-49d6-a541-1bfa9c3b2cc6,released,8a271f82-7006-4b6e-bc5e-8eb8138d7cd3,https://github.com/NCI-GDC/aliquot-maf-cwl/blob/3dd621a8745ee2b91716911604bf3f096337a9b7/ensemble_aliquot_maf/ensemble_aliquot_maf_wf.cwl,Aliquot Ensemble Somatic Variant Merging and Masking,3dd621a8745ee2b91716911604bf3f096337a9b7,
f835c7f5-8be9-4a5d-a07d-df568a883dac,MAF,"TCGA-75-5125-01A-01D-1753-08,TCGA-75-5125-10A-01D-1753-08",open,0ced268a-0c3c-4204-bf7b-d6ed35fb9423.wxs.aliquot_ensemble_masked.maf.gz,e2960e9f-c73e-4ce2-9bb9-befd91e0171c,Simple Nucleotide Variation,masked_somatic_mutation,Illumina,61156,2022-08-01T16:52:09.662796-05:00,382ff596ffc4b32751b08ec1c39c5274,2024-07-31T06:28:37.118172-05:00,f835c7f5-8be9-4a5d-a07d-df568a883dac,Masked Somatic Mutation,released,WXS,2,35.0 - 46.0,TCGA-LUAD,9785beba-3b8a-4e86-a880-938601396b2a,released,0ced268a-0c3c-4204-bf7b-d6ed35fb9423,https://github.com/NCI-GDC/aliquot-maf-cwl/blob/3dd621a8745ee2b91716911604bf3f096337a9b7/ensemble_aliquot_maf/ensemble_aliquot_maf_wf.cwl,Aliquot Ensemble Somatic Variant Merging and Masking,3dd621a8745ee2b91716911604bf3f096337a9b7,
5ebaff32-1172-4b1b-bb0d-bf0b71b8c5fd,MAF,"TCGA-64-1680-01A-02W-0928-08,TCGA-64-1680-10A-01D-1040-01",open,b1b055bf-b91a-4aeb-88a8-ef30662b2c22.wxs.aliquot_ensemble_masked.maf.gz,3ca1b97a-905c-41d3-9cc8-9bff1d11cbea,Simple Nucleotide Variation,masked_somatic_mutation,Illumina,18745,2022-08-01T16:50:46.901572-05:00,67e10d322dac24231c5e905d672e0f7c,2024-07-31T06:32:51.299254-05:00,5ebaff32-1172-4b1b-bb0d-bf0b71b8c5fd,Masked Somatic Mutation,released,WXS,2,35.0 - 46.0,TCGA-LUAD,e735e1d1-c9d0-4b8e-a56f-3c1903f97d36,released,b1b055bf-b91a-4aeb-88a8-ef30662b2c22,https://github.com/NCI-GDC/aliquot-maf-cwl/blob/3dd621a8745ee2b91716911604bf3f096337a9b7/ensemble_aliquot_maf/ensemble_aliquot_maf_wf.cwl,Aliquot Ensemble Somatic Variant Merging and Masking,3dd621a8745ee2b91716911604bf3f096337a9b7,
95db3ed6-4817-46bf-bad4-5f7ae09c5374,MAF,"TCGA-75-5146-01A-01D-1625-08,TCGA-75-5146-10A-01D-1625-08",open,62a24d2d-9e15-4884-b569-76bbbe81439c.wxs.aliquot_ensemble_masked.maf.gz,b9e180da-3348-436b-9875-e630ab94a56a,Simple Nucleotide Variation,masked_somatic_mutation,Illumina,63040,2022-08-01T17:00:23.050519-05:00,1482ffb0a12a7751c4099ea736b9efe9,2024-07-31T06:38:33.581373-05:00,95db3ed6-4817-46bf-bad4-5f7ae09c5374,Masked Somatic Mutation,released,WXS,2,35.0 - 46.0,TCGA-LUAD,b45ff3a8-f914-4689-bc64-99debb6506c5,released,62a24d2d-9e15-4884-b569-76bbbe81439c,https://github.com/NCI-GDC/aliquot-maf-cwl/blob/3dd621a8745ee2b91716911604bf3f096337a9b7/ensemble_aliquot_maf/ensemble_aliquot_maf_wf.cwl,Aliquot Ensemble Somatic Variant Merging and Masking,3dd621a8745ee2b91716911604bf3f096337a9b7,
cf79a7ae-62aa-495c-8b2d-befd3b88cd20,MAF,"TCGA-64-1680-01A-02D-0969-08,TCGA-64-1680-10A-01D-1040-01",open,95e69daf-2637-4494-a39e-a554a51aba69.wxs.aliquot_ensemble_masked.maf.gz,9eaa2529-f1b0-4f0e-aa83-733a173e121d,Simple Nucleotide Variation,masked_somatic_mutation,Illumina,21110,2022-08-01T16:48:40.428079-05:00,ed23e264a958d65eb220b8ca2129573d,2024-07-31T06:27:41.379247-05:00,cf79a7ae-62aa-495c-8b2d-befd3b88cd20,Masked Somatic Mutation,released,WXS,2,35.0 - 46.0,TCGA-LUAD,44ddcf60-66db-4f20-b292-77c7b2539c13,released,95e69daf-2637-4494-a39e-a554a51aba69,https://github.com/NCI-GDC/aliquot-maf-cwl/blob/3dd621a8745ee2b91716911604bf3f096337a9b7/ensemble_aliquot_maf/ensemble_aliquot_maf_wf.cwl,Aliquot Ensemble Somatic Variant Merging and Masking,3dd621a8745ee2b91716911604bf3f096337a9b7,
3a79de6c-d4e3-4ca5-b862-8800f01d9116,MAF,"TCGA-75-6211-01A-11D-1753-08,TCGA-75-6211-10A-01D-1753-08",open,dc65e332-d7be-47f1-9fa0-b9933bc8873e.wxs.aliquot_ensemble_masked.maf.gz,58e2dbe3-4296-4d8f-911f-07690393474f,Simple Nucleotide Variation,masked_somatic_mutation,Illumina,120916,2022-08-01T16:44:53.825735-05:00,e06fc5fb3468e7aca33c006aaa1474da,2024-07-31T06:28:42.678733-05:00,3a79de6c-d4e3-4ca5-b862-8800f01d9116,Masked Somatic Mutation,released,WXS,2,35.0 - 46.0,TCGA-LUAD,9f6013b3-0e00-4dae-a5e7-56271312ac9f,released,dc65e332-d7be-47f1-9fa0-b9933bc8873e,https://github.com/NCI-GDC/aliquot-maf-cwl/blob/3dd621a8745ee2b91716911604bf3f096337a9b7/ensemble_aliquot_maf/ensemble_aliquot_maf_wf.cwl,Aliquot Ensemble Somatic Variant Merging and Masking,3dd621a8745ee2b91716911604bf3f096337a9b7,
873e2d89-7b01-4e6a-8221-5440fdd0a295,MAF,"TCGA-75-6212-01A-11D-1753-08,TCGA-75-6212-10A-01D-1753-08",open,76e4d4b5-4964-43b7-8008-d160245f5c5d.wxs.aliquot_ensemble_masked.maf.gz,9d68161d-f396-4a90-8db1-db65ff148889,Simple Nucleotide Variation,masked_somatic_mutation,Illumina,10260,2022-08-01T16:44:31.767984-05:00,cffb3da8905618287d49e155835a3297,2024-07-31T06:35:31.199633-05:00,873e2d89-7b01-4e6a-8221-5440fdd0a295,Masked Somatic Mutation,released,WXS,2,35.0 - 46.0,TCGA-LUAD,9b89f5f5-d3dd-4aee-88db-32b36df59b29,released,76e4d4b5-4964-43b7-8008-d160245f5c5d,https://github.com/NCI-GDC/aliquot-maf-cwl/blob/3dd621a8745ee2b91716911604bf3f096337a9b7/ensemble_aliquot_maf/ensemble_aliquot_maf_wf.cwl,Aliquot Ensemble Somatic Variant Merging and Masking,3dd621a8745ee2b91716911604bf3f096337a9b7,
a1db85df-3a19-415e-a683-113cf66f5e1c,MAF,"TCGA-55-6987-01A-11D-1945-08,TCGA-55-6987-11A-01D-1945-08",open,3d9e5bdf-3ea1-4e25-b7cd-bf799b4394b7.wxs.aliquot_ensemble_masked.maf.gz,11518cdc-f8a5-4e8e-b71e-eddaa3a204d6,Simple Nucleotide Variation,masked_somatic_mutation,Illumina,58038,2022-08-01T16:43:33.251079-05:00,3c9fbe70141998431364ae7f4da75094,2024-07-31T06:35:12.522766-05:00,a1db85df-3a19-415e-a683-113cf66f5e1c,Masked Somatic Mutation,released,WXS,2,35.0 - 46.0,TCGA-LUAD,0d1b8640-8d50-484b-a797-5a4329d10ed4,released,3d9e5bdf-3ea1-4e25-b7cd-bf799b4394b7,https://github.com/NCI-GDC/aliquot-maf-cwl/blob/3dd621a8745ee2b91716911604bf3f096337a9b7/ensemble_aliquot_maf/ensemble_aliquot_maf_wf.cwl,Aliquot Ensemble Somatic Variant Merging and Masking,3dd621a8745ee2b91716911604bf3f096337a9b7,
df9d3002-d7e2-4134-9fe0-622601e81127,MAF,"TCGA-55-6980-01A-11D-1945-08,TCGA-55-6980-11A-01D-1945-08",open,90f9b25b-9148-45a6-831d-ef73be8653d0.wxs.aliquot_ensemble_masked.maf.gz,9410cbfe-203b-428d-b50b-3a3e0f13c5be,Simple Nucleotide Variation,masked_somatic_mutation,Illumina,8611,2022-08-01T16:59:44.288168-05:00,187172ec2c324c743e295ee587bdcff6,2024-07-31T06:36:36.023201-05:00,df9d3002-d7e2-4134-9fe0-622601e81127,Masked Somatic Mutation,released,WXS,2,35.0 - 46.0,TCGA-LUAD,349858f5-0ac3-4305-bfbf-8723adf30efe,released,90f9b25b-9148-45a6-831d-ef73be8653d0,https://github.com/NCI-GDC/aliquot-maf-cwl/blob/3dd621a8745ee2b91716911604bf3f096337a9b7/ensemble_aliquot_maf/ensemble_aliquot_maf_wf.cwl,Aliquot Ensemble Somatic Variant Merging and Masking,3dd621a8745ee2b91716911604bf3f096337a9b7,
1fe4a9e6-d31a-48bd-9c07-db32e3feb237,MAF,"TCGA-93-A4JP-01E-01D-A38P-08,TCGA-93-A4JP-10A-01D-A24P-08",open,51d88957-9eb0-4f40-bb9e-cfb995b83d90.wxs.aliquot_ensemble_masked.maf.gz,7a2816dd-8839-44f2-b6bf-2f6e9b018211,Simple Nucleotide Variation,masked_somatic_mutation,Illumina,38862,2022-08-01T16:42:27.501853-05:00,601ed3b12759c0e861fc585ac814a89b,2024-07-31T06:32:41.967462-05:00,1fe4a9e6-d31a-48bd-9c07-db32e3feb237,Masked Somatic Mutation,released,WXS,2,35.0 - 46.0,TCGA-LUAD,a95f9d4a-72eb-4519-95b7-c739e9724d9c,released,51d88957-9eb0-4f40-bb9e-cfb995b83d90,https://github.com/NCI-GDC/aliquot-maf-cwl/blob/3dd621a8745ee2b91716911604bf3f096337a9b7/ensemble_aliquot_maf/ensemble_aliquot_maf_wf.cwl,Aliquot Ensemble Somatic Variant Merging and Masking,3dd621a8745ee2b91716911604bf3f096337a9b7,
85b4f6c7-6bc7-4faa-b579-174c8a5574c3,MAF,"TCGA-97-A4M6-01A-11D-A24P-08,TCGA-97-A4M6-10A-01D-A24P-08",open,1b02e400-814b-4cee-a05c-fa6e31441b84.wxs.aliquot_ensemble_masked.maf.gz,e66879d7-06d4-4f69-b422-0e176188d639,Simple Nucleotide Variation,masked_somatic_mutation,Illumina,14944,2022-08-01T16:44:16.949544-05:00,faeb2ae59f7453f011453ffc550988e2,2024-07-31T06:31:33.904447-05:00,85b4f6c7-6bc7-4faa-b579-174c8a5574c3,Masked Somatic Mutation,released,WXS,2,35.0 - 46.0,TCGA-LUAD,8d74fea1-b95c-4ec7-880b-45888f2f26b7,released,1b02e400-814b-4cee-a05c-fa6e31441b84,https://github.com/NCI-GDC/aliquot-maf-cwl/blob/3dd621a8745ee2b91716911604bf3f096337a9b7/ensemble_aliquot_maf/ensemble_aliquot_maf_wf.cwl,Aliquot Ensemble Somatic Variant Merging and Masking,3dd621a8745ee2b91716911604bf3f096337a9b7,
1f2ff351-e12c-4493-ae70-ba531a83c479,MAF,"TCGA-86-8055-01A-11D-2238-08,TCGA-86-8055-10A-01D-2238-08",open,1c0621b6-795f-4a9c-9e69-efaf9e7ca72c.wxs.aliquot_ensemble_masked.maf.gz,80a24039-c6c6-4ab3-9a31-7f27d423bf6a,Simple Nucleotide Variation,masked_somatic_mutation,Illumina,20526,2022-08-01T16:58:46.167198-05:00,4996dcc05d9f5f0b4cdbfb3e776816af,2024-07-31T06:36:51.619267-05:00,1f2ff351-e12c-4493-ae70-ba531a83c479,Masked Somatic Mutation,released,WXS,2,35.0 - 46.0,TCGA-LUAD,405d85cb-e434-4b29-8526-850f46ed6bf2,released,1c0621b6-795f-4a9c-9e69-efaf9e7ca72c,https://github.com/NCI-GDC/aliquot-maf-cwl/blob/3dd621a8745ee2b91716911604bf3f096337a9b7/ensemble_aliquot_maf/ensemble_aliquot_maf_wf.cwl,Aliquot Ensemble Somatic Variant Merging and Masking,3dd621a8745ee2b91716911604bf3f096337a9b7,
84191788-91d5-481d-b6d6-0d8b7600f357,MAF,"TCGA-05-5423-01A-01D-1625-08,TCGA-05-5423-10A-01D-1625-08",open,be4084a7-0ccd-4852-82a0-673c174fa444.wxs.aliquot_ensemble_masked.maf.gz,386b64ba-75d6-423f-b6ac-f42e70ff0381,Simple Nucleotide Variation,masked_somatic_mutation,Illumina,53329,2022-08-01T16:57:54.960352-05:00,ee55848c368b8a2c41ae3342fa4009a9,2024-07-31T06:32:59.259258-05:00,84191788-91d5-481d-b6d6-0d8b7600f357,Masked Somatic Mutation,released,WXS,2,35.0 - 46.0,TCGA-LUAD,c890cb51-90cb-4ec8-aca7-71f9fde8fa68,released,be4084a7-0ccd-4852-82a0-673c174fa444,https://github.com/NCI-GDC/aliquot-maf-cwl/blob/3dd621a8745ee2b91716911604bf3f096337a9b7/ensemble_aliquot_maf/ensemble_aliquot_maf_wf.cwl,Aliquot Ensemble Somatic Variant Merging and Masking,3dd621a8745ee2b91716911604bf3f096337a9b7,
a042668f-e877-4eee-9540-f14ded1fed45,MAF,"TCGA-55-A57B-01A-12D-A397-08,TCGA-55-A57B-10A-01D-A39A-08",open,5ddbdc9e-468e-4d98-bddd-3dd0d4c73be3.wxs.aliquot_ensemble_masked.maf.gz,e5845882-1262-497f-a6da-10034ca9ea40,Simple Nucleotide Variation,masked_somatic_mutation,Illumina,18996,2022-08-01T16:39:01.623259-05:00,9da41222e081e8218f195bffddc298bf,2024-07-31T06:31:24.705462-05:00,a042668f-e877-4eee-9540-f14ded1fed45,Masked Somatic Mutation,released,WXS,2,35.0 - 46.0,TCGA-LUAD,b2ba4919-1a72-45e6-9c20-e62e5e632e2f,released,5ddbdc9e-468e-4d98-bddd-3dd0d4c73be3,https://github.com/NCI-GDC/aliquot-maf-cwl/blob/3dd621a8745ee2b91716911604bf3f096337a9b7/ensemble_aliquot_maf/ensemble_aliquot_maf_wf.cwl,Aliquot Ensemble Somatic Variant Merging and Masking,3dd621a8745ee2b91716911604bf3f096337a9b7,
1b4b6b87-378a-4901-b977-9b572b6a823f,MAF,"TCGA-L9-A443-01A-12D-A24D-08,TCGA-L9-A443-10A-01D-A24F-08",open,0e04cf94-b259-4de3-b601-f34041282fe5.wxs.aliquot_ensemble_masked.maf.gz,f397f45c-2d01-4726-809a-7caad09ddc2a,Simple Nucleotide Variation,masked_somatic_mutation,Illumina,84184,2022-08-01T16:59:47.731408-05:00,12becbd84868d9a0904698bc409aae9b,2024-07-31T02:28:18.981612-05:00,1b4b6b87-378a-4901-b977-9b572b6a823f,Masked Somatic Mutation,released,WXS,2,35.0 - 46.0,TCGA-LUAD,923aeea2-4d0a-4ad1-b94a-2efe7c3af9ef,released,0e04cf94-b259-4de3-b601-f34041282fe5,https://github.com/NCI-GDC/aliquot-maf-cwl/blob/3dd621a8745ee2b91716911604bf3f096337a9b7/ensemble_aliquot_maf/ensemble_aliquot_maf_wf.cwl,Aliquot Ensemble Somatic Variant Merging and Masking,3dd621a8745ee2b91716911604bf3f096337a9b7,
c9bc7ccd-e3e7-417a-beca-c1ed91c33975,MAF,"TCGA-44-6775-01A-31D-A27T-08,TCGA-44-6775-10A-01D-1855-08",open,ddb9bc44-165f-4704-9e92-5da47e89b3e7.wxs.aliquot_ensemble_masked.maf.gz,158856cd-ff73-48e8-a0c2-e53bbb9d6477,Simple Nucleotide Variation,masked_somatic_mutation,Illumina,26864,2022-08-01T16:52:30.995657-05:00,39f969d327d79964e447f1acbcd1dfd2,2024-07-31T06:36:07.315251-05:00,c9bc7ccd-e3e7-417a-beca-c1ed91c33975,Masked Somatic Mutation,released,WXS,2,35.0 - 46.0,TCGA-LUAD,f1a1bd20-7241-4454-b2c7-42f56fa7e5cf,released,ddb9bc44-165f-4704-9e92-5da47e89b3e7,https://github.com/NCI-GDC/aliquot-maf-cwl/blob/3dd621a8745ee2b91716911604bf3f096337a9b7/ensemble_aliquot_maf/ensemble_aliquot_maf_wf.cwl,Aliquot Ensemble Somatic Variant Merging and Masking,3dd621a8745ee2b91716911604bf3f096337a9b7,
e5c91e83-ea12-440d-a64c-0536b76fc20a,MAF,"TCGA-44-7671-01A-11D-2063-08,TCGA-44-7671-10A-01D-2063-08",open,eaad93c1-4b61-4033-9369-77b43139fcec.wxs.aliquot_ensemble_masked.maf.gz,3fa214a0-5d75-4e2f-b815-2af2c829adb3,Simple Nucleotide Variation,masked_somatic_mutation,Illumina,81928,2022-08-01T16:39:44.144047-05:00,4555bab03ea4ccbe30f3aceac9be4c2f,2024-07-31T06:28:01.207656-05:00,e5c91e83-ea12-440d-a64c-0536b76fc20a,Masked Somatic Mutation,released,WXS,2,35.0 - 46.0,TCGA-LUAD,2c6e2704-b220-4563-a321-51c9ca34126a,released,eaad93c1-4b61-4033-9369-77b43139fcec,https://github.com/NCI-GDC/aliquot-maf-cwl/blob/3dd621a8745ee2b91716911604bf3f096337a9b7/ensemble_aliquot_maf/ensemble_aliquot_maf_wf.cwl,Aliquot Ensemble Somatic Variant Merging and Masking,3dd621a8745ee2b91716911604bf3f096337a9b7,
7da26466-6b9e-483d-af5b-94803e6e4a51,MAF,"TCGA-05-4422-01A-01D-1265-08,TCGA-05-4422-10A-01D-1265-08",open,9bec378d-6375-4b08-9b90-e50d095e07e6.wxs.aliquot_ensemble_masked.maf.gz,125ef937-a204-4ed7-a11c-0aa28aad1c8f,Simple Nucleotide Variation,masked_somatic_mutation,Illumina,17573,2022-08-01T17:03:42.402799-05:00,9a32765411406a259cf985e319922f23,2024-07-31T06:31:14.731562-05:00,7da26466-6b9e-483d-af5b-94803e6e4a51,Masked Somatic Mutation,released,WXS,2,35.0 - 46.0,TCGA-LUAD,6c64bd79-fd3f-4833-a33b-b68c9b8b268b,released,9bec378d-6375-4b08-9b90-e50d095e07e6,https://github.com/NCI-GDC/aliquot-maf-cwl/blob/3dd621a8745ee2b91716911604bf3f096337a9b7/ensemble_aliquot_maf/ensemble_aliquot_maf_wf.cwl,Aliquot Ensemble Somatic Variant Merging and Masking,3dd621a8745ee2b91716911604bf3f096337a9b7,
a6c2020b-da2b-41bc-bfa8-74a299a9ddb2,MAF,"TCGA-55-6978-01A-11D-1945-08,TCGA-55-6978-11A-01D-1945-08",open,4dc5f72c-383e-40a2-bb86-326477b4a0ae.wxs.aliquot_ensemble_masked.maf.gz,2112bed0-48ef-4bec-99c8-2576085f76da,Simple Nucleotide Variation,masked_somatic_mutation,Illumina,11633,2022-08-01T17:02:02.538732-05:00,4476bedb3b81a431c6f9cb342fcd8968,2024-07-31T06:32:06.940811-05:00,a6c2020b-da2b-41bc-bfa8-74a299a9ddb2,Masked Somatic Mutation,released,WXS,2,35.0 - 46.0,TCGA-LUAD,5d674ed7-a962-4b97-b655-f27ccf7000bd,released,4dc5f72c-383e-40a2-bb86-326477b4a0ae,https://github.com/NCI-GDC/aliquot-maf-cwl/blob/3dd621a8745ee2b91716911604bf3f096337a9b7/ensemble_aliquot_maf/ensemble_aliquot_maf_wf.cwl,Aliquot Ensemble Somatic Variant Merging and Masking,3dd621a8745ee2b91716911604bf3f096337a9b7,
5d72331e-bf31-49b2-9564-0f64dac55943,MAF,"TCGA-44-2656-01A-02D-0969-08,TCGA-44-2656-10A-01D-0969-08",open,3dd81d97-d573-4c22-b9a6-87304f937c86.wxs.aliquot_ensemble_masked.maf.gz,58b0026e-9e48-4f08-9627-e04678c14d31,Simple Nucleotide Variation,masked_somatic_mutation,Illumina,277556,2022-08-01T16:47:46.561993-05:00,fe2b60180815e2244f15afc743c59551,2024-07-31T06:25:32.126986-05:00,5d72331e-bf31-49b2-9564-0f64dac55943,Masked Somatic Mutation,released,WXS,2,35.0 - 46.0,TCGA-LUAD,95ff267e-67c7-459f-98ee-8c21f80cf54e,released,3dd81d97-d573-4c22-b9a6-87304f937c86,https://github.com/NCI-GDC/aliquot-maf-cwl/blob/3dd621a8745ee2b91716911604bf3f096337a9b7/ensemble_aliquot_maf/ensemble_aliquot_maf_wf.cwl,Aliquot Ensemble Somatic Variant Merging and Masking,3dd621a8745ee2b91716911604bf3f096337a9b7,
132cd160-b702-47f4-a6a7-6e9c02c26586,MAF,"TCGA-44-2656-01A-02W-0928-08,TCGA-44-2656-10A-01D-0969-08",open,7a55ad7e-8bb0-4260-9eb9-1f12ae28e24c.wxs.aliquot_ensemble_masked.maf.gz,2b1c4ba4-08b1-42e9-a80b-70314c762563,Simple Nucleotide Variation,masked_somatic_mutation,Illumina,243449,2022-08-01T16:47:39.694811-05:00,7733676bff17bc50369f6a820a8b1f4b,2024-07-31T06:36:59.806905-05:00,132cd160-b702-47f4-a6a7-6e9c02c26586,Masked Somatic Mutation,released,WXS,2,35.0 - 46.0,TCGA-LUAD,b7d2e7f6-26d0-43e9-824f-f6af06b2bde7,released,7a55ad7e-8bb0-4260-9eb9-1f12ae28e24c,https://github.com/NCI-GDC/aliquot-maf-cwl/blob/3dd621a8745ee2b91716911604bf3f096337a9b7/ensemble_aliquot_maf/ensemble_aliquot_maf_wf.cwl,Aliquot Ensemble Somatic Variant Merging and Masking,3dd621a8745ee2b91716911604bf3f096337a9b7,
d11b9ed4-e69b-4d10-a44c-84879e609198,MAF,"TCGA-44-2656-01A-12D-A27T-08,TCGA-44-2656-10A-01D-0969-08",open,fecc7968-964a-4b80-8490-20fa72aef1c2.wxs.aliquot_ensemble_masked.maf.gz,546f54c6-f5f8-4391-8bc9-1b1438cf7a90,Simple Nucleotide Variation,masked_somatic_mutation,Illumina,264881,2022-08-01T16:42:46.265024-05:00,e1f8db2677f9d36b7369826a1bc51380,2024-07-31T06:27:37.051292-05:00,d11b9ed4-e69b-4d10-a44c-84879e609198,Masked Somatic Mutation,released,WXS,2,35.0 - 46.0,TCGA-LUAD,df6471dd-bd61-42f2-9211-129990fd2b0d,released,fecc7968-964a-4b80-8490-20fa72aef1c2,https://github.com/NCI-GDC/aliquot-maf-cwl/blob/3dd621a8745ee2b91716911604bf3f096337a9b7/ensemble_aliquot_maf/ensemble_aliquot_maf_wf.cwl,Aliquot Ensemble Somatic Variant Merging and Masking,3dd621a8745ee2b91716911604bf3f096337a9b7,
2f6ef881-200b-4bc4-960c-fce2a6609da2,MAF,"TCGA-78-7159-01A-11D-2036-08,TCGA-78-7159-10A-01D-2036-08",open,3ad830a1-e586-4423-adeb-859a09225081.wxs.aliquot_ensemble_masked.maf.gz,0f4c2e95-92ef-4fea-abb3-7f9c708d67c4,Simple Nucleotide Variation,masked_somatic_mutation,Illumina,101542,2022-08-01T17:02:20.269993-05:00,ac18ce4879ec8abdfbc8c82fbac1247d,2024-07-31T02:30:03.572053-05:00,2f6ef881-200b-4bc4-960c-fce2a6609da2,Masked Somatic Mutation,released,WXS,2,35.0 - 46.0,TCGA-LUAD,83563150-1dfb-45c5-a917-d02ba40c9ea7,released,3ad830a1-e586-4423-adeb-859a09225081,https://github.com/NCI-GDC/aliquot-maf-cwl/blob/3dd621a8745ee2b91716911604bf3f096337a9b7/ensemble_aliquot_maf/ensemble_aliquot_maf_wf.cwl,Aliquot Ensemble Somatic Variant Merging and Masking,3dd621a8745ee2b91716911604bf3f096337a9b7,
b8796b76-d1b1-4bbf-b6b1-f06cb3b3ee53,MAF,"TCGA-L9-A444-01A-21D-A24D-08,TCGA-L9-A444-10A-01D-A24F-08",open,0307f560-777b-4492-bffd-8eacae8da208.wxs.aliquot_ensemble_masked.maf.gz,82347170-3108-4bb5-ba76-1863c5bb0b84,Simple Nucleotide Variation,masked_somatic_mutation,Illumina,177452,2022-08-01T17:03:38.823000-05:00,15abf19085c20edbb890f9489c98fc0c,2024-07-31T06:38:24.313489-05:00,b8796b76-d1b1-4bbf-b6b1-f06cb3b3ee53,Masked Somatic Mutation,released,WXS,2,35.0 - 46.0,TCGA-LUAD,fdf3e280-856d-4b63-9c5f-1c0d99aa4f66,released,0307f560-777b-4492-bffd-8eacae8da208,https://github.com/NCI-GDC/aliquot-maf-cwl/blob/3dd621a8745ee2b91716911604bf3f096337a9b7/ensemble_aliquot_maf/ensemble_aliquot_maf_wf.cwl,Aliquot Ensemble Somatic Variant Merging and Masking,3dd621a8745ee2b91716911604bf3f096337a9b7,
d9b6674d-cad6-40bc-8902-036b8c1dfdc1,MAF,"TCGA-NJ-A4YQ-01A-11D-A25L-08,TCGA-NJ-A4YQ-10A-01D-A25L-08",open,201b845c-183a-43b1-8fae-1cd17a3dcedd.wxs.aliquot_ensemble_masked.maf.gz,915c7b12-d3e3-4ffb-bbff-93bd05bdeee1,Simple Nucleotide Variation,masked_somatic_mutation,Illumina,342668,2022-08-01T16:44:27.477960-05:00,d751f1244073949f7a32418e28802e94,2024-07-31T06:29:32.705641-05:00,d9b6674d-cad6-40bc-8902-036b8c1dfdc1,Masked Somatic Mutation,released,WXS,2,35.0 - 46.0,TCGA-LUAD,6fec9926-30f2-422d-8f13-e37df5de70b0,released,201b845c-183a-43b1-8fae-1cd17a3dcedd,https://github.com/NCI-GDC/aliquot-maf-cwl/blob/3dd621a8745ee2b91716911604bf3f096337a9b7/ensemble_aliquot_maf/ensemble_aliquot_maf_wf.cwl,Aliquot Ensemble Somatic Variant Merging and Masking,3dd621a8745ee2b91716911604bf3f096337a9b7,
1efa25a1-2998-4d61-a02c-f112e98322c4,MAF,"TCGA-86-7714-01A-12D-2167-08,TCGA-86-7714-10A-01D-2167-08",open,d79c2668-6f1e-4736-ac9e-08e7fa58321d.wxs.aliquot_ensemble_masked.maf.gz,1c744072-4cb3-41f7-b9c0-e5c55755d691,Simple Nucleotide Variation,masked_somatic_mutation,Illumina,32187,2022-08-01T16:39:46.652120-05:00,19b8875ab887e6cbbb9bb635625d8edd,2024-07-31T06:32:30.627300-05:00,1efa25a1-2998-4d61-a02c-f112e98322c4,Masked Somatic Mutation,released,WXS,2,35.0 - 46.0,TCGA-LUAD,4311c494-d34f-41b2-9ff8-48260a5cd11f,released,d79c2668-6f1e-4736-ac9e-08e7fa58321d,https://github.com/NCI-GDC/aliquot-maf-cwl/blob/3dd621a8745ee2b91716911604bf3f096337a9b7/ensemble_aliquot_maf/ensemble_aliquot_maf_wf.cwl,Aliquot Ensemble Somatic Variant Merging and Masking,3dd621a8745ee2b91716911604bf3f096337a9b7,
44a776b7-0eb2-463c-ab1d-80c654278f56,MAF,"TCGA-L9-A7SV-01A-11D-A397-08,TCGA-L9-A7SV-10A-01D-A39A-08",open,e6954da3-287b-4a5f-b4de-e690fb8ed425.wxs.aliquot_ensemble_masked.maf.gz,27a7ee3c-7c75-43ff-aae1-f5fc51eddc69,Simple Nucleotide Variation,masked_somatic_mutation,Illumina,502236,2022-08-01T16:53:13.824537-05:00,983bbd30e5e0dec61181fb0285c9a394,2024-07-31T06:36:04.584175-05:00,44a776b7-0eb2-463c-ab1d-80c654278f56,Masked Somatic Mutation,released,WXS,2,35.0 - 46.0,TCGA-LUAD,42f63bc1-9802-406d-bf73-75f851147609,released,e6954da3-287b-4a5f-b4de-e690fb8ed425,https://github.com/NCI-GDC/aliquot-maf-cwl/blob/3dd621a8745ee2b91716911604bf3f096337a9b7/ensemble_aliquot_maf/ensemble_aliquot_maf_wf.cwl,Aliquot Ensemble Somatic Variant Merging and Masking,3dd621a8745ee2b91716911604bf3f096337a9b7,
68b6cec2-1bbc-40c4-a374-e27915b124af,MAF,"TCGA-55-8620-01A-11D-2393-08,TCGA-55-8620-10A-01D-2393-08",open,df4ec609-f306-4e2e-a658-7604b16b2618.wxs.aliquot_ensemble_masked.maf.gz,b3c32d09-664d-426f-bb1c-4f767a9cb152,Simple Nucleotide Variation,masked_somatic_mutation,Illumina,169135,2022-08-01T16:40:52.156801-05:00,0706d571ca1ed4c9ea1b42aa0d5b3203,2024-07-31T06:29:07.126599-05:00,68b6cec2-1bbc-40c4-a374-e27915b124af,Masked Somatic Mutation,released,WXS,2,35.0 - 46.0,TCGA-LUAD,b2b01ec4-fbe8-4e8d-97a3-97c614d53bf1,released,df4ec609-f306-4e2e-a658-7604b16b2618,https://github.com/NCI-GDC/aliquot-maf-cwl/blob/3dd621a8745ee2b91716911604bf3f096337a9b7/ensemble_aliquot_maf/ensemble_aliquot_maf_wf.cwl,Aliquot Ensemble Somatic Variant Merging and Masking,3dd621a8745ee2b91716911604bf3f096337a9b7,
09400a18-aff7-4b9d-ac61-c65239c28b11,MAF,"TCGA-91-6830-01A-11D-1945-08,TCGA-91-6830-11A-01D-1945-08",open,2b20c8bb-861b-4137-b7a8-02d1ab03c646.wxs.aliquot_ensemble_masked.maf.gz,40383c71-9478-4279-9ca8-0b0f69ab2158,Simple Nucleotide Variation,masked_somatic_mutation,Illumina,74377,2022-08-01T16:46:54.581943-05:00,dad48cc839fd5935f443644072f825b8,2024-07-31T06:32:36.042710-05:00,09400a18-aff7-4b9d-ac61-c65239c28b11,Masked Somatic Mutation,released,WXS,2,35.0 - 46.0,TCGA-LUAD,efd05582-fb30-4769-a3fd-03fef13721f5,released,2b20c8bb-861b-4137-b7a8-02d1ab03c646,https://github.com/NCI-GDC/aliquot-maf-cwl/blob/3dd621a8745ee2b91716911604bf3f096337a9b7/ensemble_aliquot_maf/ensemble_aliquot_maf_wf.cwl,Aliquot Ensemble Somatic Variant Merging and Masking,3dd621a8745ee2b91716911604bf3f096337a9b7,
09287c06-1227-471d-856c-157ef1266de9,MAF,"TCGA-78-7163-01A-12D-2063-08,TCGA-78-7163-11A-01D-2063-08",open,b8b8bf7b-f10d-46b3-af06-1521640924f4.wxs.aliquot_ensemble_masked.maf.gz,739c70f3-99a1-4f25-be4f-a051e467095f,Simple Nucleotide Variation,masked_somatic_mutation,Illumina,8853,2022-08-01T16:42:40.302228-05:00,1ef4f341ef290b20a7ca62981a64f71c,2024-07-31T06:34:30.919661-05:00,09287c06-1227-471d-856c-157ef1266de9,Masked Somatic Mutation,released,WXS,2,35.0 - 46.0,TCGA-LUAD,25e4e8c2-6d86-4c18-a569-b696a5de0318,released,b8b8bf7b-f10d-46b3-af06-1521640924f4,https://github.com/NCI-GDC/aliquot-maf-cwl/blob/3dd621a8745ee2b91716911604bf3f096337a9b7/ensemble_aliquot_maf/ensemble_aliquot_maf_wf.cwl,Aliquot Ensemble Somatic Variant Merging and Masking,3dd621a8745ee2b91716911604bf3f096337a9b7,
5bd51e0a-3c35-4343-88fd-e481ec420ded,MAF,"TCGA-78-8648-01A-11D-2393-08,TCGA-78-8648-10A-01D-2393-08",open,9c40ab9e-1aea-4e58-a3de-c656409e96f0.wxs.aliquot_ensemble_masked.maf.gz,0f3d58f1-8e35-4bb6-bf05-a306b925107c,Simple Nucleotide Variation,masked_somatic_mutation,Illumina,3735,2022-08-01T16:39:13.747908-05:00,4cbeef6395c5d9c09f1a43528606af87,2024-07-31T06:31:45.041639-05:00,5bd51e0a-3c35-4343-88fd-e481ec420ded,Masked Somatic Mutation,released,WXS,2,35.0 - 46.0,TCGA-LUAD,35a5bdcd-890a-4585-9749-1906121c7d2d,released,9c40ab9e-1aea-4e58-a3de-c656409e96f0,https://github.com/NCI-GDC/aliquot-maf-cwl/blob/3dd621a8745ee2b91716911604bf3f096337a9b7/ensemble_aliquot_maf/ensemble_aliquot_maf_wf.cwl,Aliquot Ensemble Somatic Variant Merging and Masking,3dd621a8745ee2b91716911604bf3f096337a9b7,
0e62c7ad-6285-4329-a824-affb4f06d811,MAF,"TCGA-80-5608-01A-31D-1945-08,TCGA-80-5608-10A-01D-1946-08",open,f2211559-06a3-477c-9f87-98abd30bca15.wxs.aliquot_ensemble_masked.maf.gz,91a7b7e0-acd8-4a71-a988-4610d0588352,Simple Nucleotide Variation,masked_somatic_mutation,Illumina,62714,2022-08-01T17:00:42.919793-05:00,459b486255112b102a2a4dce2f6c91f6,2024-07-31T06:38:46.143154-05:00,0e62c7ad-6285-4329-a824-affb4f06d811,Masked Somatic Mutation,released,WXS,2,35.0 - 46.0,TCGA-LUAD,7175659a-2bbe-46ad-908d-8e4ca071c585,released,f2211559-06a3-477c-9f87-98abd30bca15,https://github.com/NCI-GDC/aliquot-maf-cwl/blob/3dd621a8745ee2b91716911604bf3f096337a9b7/ensemble_aliquot_maf/ensemble_aliquot_maf_wf.cwl,Aliquot Ensemble Somatic Variant Merging and Masking,3dd621a8745ee2b91716911604bf3f096337a9b7,
0604fe41-2ade-4a62-add8-b8888508de8f,MAF,"TCGA-17-Z044-01A-01W-0746-08,TCGA-17-Z044-11A-01W-0746-08",open,b42ab2e1-8902-4842-ae17-8ac156a8aaf7.wxs.aliquot_ensemble_masked.maf.gz,3569201b-c8d3-46cc-b10b-5cc9118cea7f,Simple Nucleotide Variation,masked_somatic_mutation,Illumina,45807,2022-08-01T16:56:27.180804-05:00,789d102a49ddbb0c2301a26fd121da5c,2024-07-31T06:36:55.841234-05:00,0604fe41-2ade-4a62-add8-b8888508de8f,Masked Somatic Mutation,released,WXS,2,35.0 - 46.0,TCGA-LUAD,67ebafcb-1cec-4fa7-9aa4-7bd9781f8757,released,b42ab2e1-8902-4842-ae17-8ac156a8aaf7,https://github.com/NCI-GDC/aliquot-maf-cwl/blob/3dd621a8745ee2b91716911604bf3f096337a9b7/ensemble_aliquot_maf/ensemble_aliquot_maf_wf.cwl,Aliquot Ensemble Somatic Variant Merging and Masking,3dd621a8745ee2b91716911604bf3f096337a9b7,
bc8d0e74-296a-4e60-becd-fc5b67e2d0b6,MAF,"TCGA-17-Z010-01A-01W-0746-08,TCGA-17-Z010-11A-01W-0746-08",open,5a0f7171-ee07-4a43-b7a5-60f14584ffe1.wxs.aliquot_ensemble_masked.maf.gz,c080b1f4-aa1d-4d81-9cea-ac3384219d58,Simple Nucleotide Variation,masked_somatic_mutation,Illumina,95453,2022-08-01T16:47:12.067354-05:00,5b26d86a60fc833d4f9f2124bb7d2870,2024-07-31T06:36:42.737441-05:00,bc8d0e74-296a-4e60-becd-fc5b67e2d0b6,Masked Somatic Mutation,released,WXS,2,35.0 - 46.0,TCGA-LUAD,f7b79cef-c537-4721-948a-208296b306c9,released,5a0f7171-ee07-4a43-b7a5-60f14584ffe1,https://github.com/NCI-GDC/aliquot-maf-cwl/blob/3dd621a8745ee2b91716911604bf3f096337a9b7/ensemble_aliquot_maf/ensemble_aliquot_maf_wf.cwl,Aliquot Ensemble Somatic Variant Merging and Masking,3dd621a8745ee2b91716911604bf3f096337a9b7,
3cda202f-8669-48a7-a8ff-82f92284e7ea,MAF,"TCGA-97-7547-01A-11D-2036-08,TCGA-97-7547-10A-01D-2036-08",open,a0df81cf-c644-43c0-a2e5-60c7a9fa5b12.wxs.aliquot_ensemble_masked.maf.gz,f74a3d91-f2d5-4951-a808-835b8b3460f4,Simple Nucleotide Variation,masked_somatic_mutation,Illumina,61170,2022-08-01T16:51:42.065442-05:00,e9dfdbbde2e8a1be29b3d158979ad5a1,2024-07-31T06:35:49.907212-05:00,3cda202f-8669-48a7-a8ff-82f92284e7ea,Masked Somatic Mutation,released,WXS,2,35.0 - 46.0,TCGA-LUAD,bd5d21c2-9c2a-457e-88fb-7beebbca68ce,released,a0df81cf-c644-43c0-a2e5-60c7a9fa5b12,https://github.com/NCI-GDC/aliquot-maf-cwl/blob/3dd621a8745ee2b91716911604bf3f096337a9b7/ensemble_aliquot_maf/ensemble_aliquot_maf_wf.cwl,Aliquot Ensemble Somatic Variant Merging and Masking,3dd621a8745ee2b91716911604bf3f096337a9b7,
7c930283-5dad-45fb-86b6-b6452c0d3c29,MAF,"TCGA-44-4112-01A-01D-1105-08,TCGA-44-4112-10A-01D-1458-08",open,bf57b828-d8cd-401c-9bfa-35adedcbe916.wxs.aliquot_ensemble_masked.maf.gz,da2982db-a872-4eef-b31e-d6229e722c7b,Simple Nucleotide Variation,masked_somatic_mutation,Illumina,139357,2022-08-01T16:52:49.561561-05:00,2f98b30b22594bf5f4924f37d08390ff,2024-07-31T06:36:57.211232-05:00,7c930283-5dad-45fb-86b6-b6452c0d3c29,Masked Somatic Mutation,released,WXS,2,35.0 - 46.0,TCGA-LUAD,998a75e5-fc16-4f57-967b-b46e8a5b0be1,released,bf57b828-d8cd-401c-9bfa-35adedcbe916,https://github.com/NCI-GDC/aliquot-maf-cwl/blob/3dd621a8745ee2b91716911604bf3f096337a9b7/ensemble_aliquot_maf/ensemble_aliquot_maf_wf.cwl,Aliquot Ensemble Somatic Variant Merging and Masking,3dd621a8745ee2b91716911604bf3f096337a9b7,
deeee256-b133-4a0b-ac1f-ce9a4e4929e4,MAF,"TCGA-53-A4EZ-01A-12D-A24P-08,TCGA-53-A4EZ-10A-01D-A24P-08",open,5cf654d0-0686-4272-8135-1d7f67ed39e1.wxs.aliquot_ensemble_masked.maf.gz,5922be79-0f76-469b-95c3-8e7a29238dc3,Simple Nucleotide Variation,masked_somatic_mutation,Illumina,169918,2022-08-01T16:44:20.952110-05:00,0d660886ee3a7eb9ac5e5b88681029fe,2024-07-31T06:28:48.144744-05:00,deeee256-b133-4a0b-ac1f-ce9a4e4929e4,Masked Somatic Mutation,released,WXS,2,35.0 - 46.0,TCGA-LUAD,521dbd61-9fac-4722-8b0f-7ba19328f6af,released,5cf654d0-0686-4272-8135-1d7f67ed39e1,https://github.com/NCI-GDC/aliquot-maf-cwl/blob/3dd621a8745ee2b91716911604bf3f096337a9b7/ensemble_aliquot_maf/ensemble_aliquot_maf_wf.cwl,Aliquot Ensemble Somatic Variant Merging and Masking,3dd621a8745ee2b91716911604bf3f096337a9b7,
c8755d74-d76b-44da-8a70-e00545e9de66,MAF,"TCGA-75-5122-01A-01D-1753-08,TCGA-75-5122-10A-01D-1753-08",open,ea41d101-66ef-46fd-854f-4dc83825bd31.wxs.aliquot_ensemble_masked.maf.gz,44d3089d-676a-4819-a39f-49cac06fdadf,Simple Nucleotide Variation,masked_somatic_mutation,Illumina,46936,2022-08-01T16:44:18.550105-05:00,8f03685cb69236493c1fc6d153f3eda1,2024-07-31T06:33:51.744081-05:00,c8755d74-d76b-44da-8a70-e00545e9de66,Masked Somatic Mutation,released,WXS,2,35.0 - 46.0,TCGA-LUAD,5c9df6ec-0234-4836-9cc4-39758545d8d6,released,ea41d101-66ef-46fd-854f-4dc83825bd31,https://github.com/NCI-GDC/aliquot-maf-cwl/blob/3dd621a8745ee2b91716911604bf3f096337a9b7/ensemble_aliquot_maf/ensemble_aliquot_maf_wf.cwl,Aliquot Ensemble Somatic Variant Merging and Masking,3dd621a8745ee2b91716911604bf3f096337a9b7,
42976f01-b92f-4136-b17f-17ab049bebab,MAF,"TCGA-86-8669-01A-11D-2393-08,TCGA-86-8669-10A-01D-2393-08",open,52aa7cf8-590e-4207-ac94-4d9b4408a877.wxs.aliquot_ensemble_masked.maf.gz,9bf47399-3a85-4615-9e1d-02242f439d14,Simple Nucleotide Variation,masked_somatic_mutation,Illumina,52912,2022-08-01T17:00:31.241399-05:00,a195c6ca193b54522cfde5211d601780,2024-07-31T06:34:02.674787-05:00,42976f01-b92f-4136-b17f-17ab049bebab,Masked Somatic Mutation,released,WXS,2,35.0 - 46.0,TCGA-LUAD,6f031bdf-7091-4da6-915c-3da0a0df8aef,released,52aa7cf8-590e-4207-ac94-4d9b4408a877,https://github.com/NCI-GDC/aliquot-maf-cwl/blob/3dd621a8745ee2b91716911604bf3f096337a9b7/ensemble_aliquot_maf/ensemble_aliquot_maf_wf.cwl,Aliquot Ensemble Somatic Variant Merging and Masking,3dd621a8745ee2b91716911604bf3f096337a9b7,
2baaf2a0-99ab-4e08-b408-0ec354dae20f,MAF,"TCGA-44-A47A-01A-21D-A24D-08,TCGA-44-A47A-10A-01D-A24F-08",open,5bb8fba9-106c-4b35-9cfc-00253560b361.wxs.aliquot_ensemble_masked.maf.gz,3d9486fa-2d81-4495-b9e9-db9d00ab6c9e,Simple Nucleotide Variation,masked_somatic_mutation,Illumina,75990,2022-08-01T16:53:17.817862-05:00,c7a30ed3b5501a4773eb0403dcff9ba1,2024-07-31T06:34:57.063480-05:00,2baaf2a0-99ab-4e08-b408-0ec354dae20f,Masked Somatic Mutation,released,WXS,2,35.0 - 46.0,TCGA-LUAD,0c4f42ca-9747-4f18-88c3-04f8441a27f7,released,5bb8fba9-106c-4b35-9cfc-00253560b361,https://github.com/NCI-GDC/aliquot-maf-cwl/blob/3dd621a8745ee2b91716911604bf3f096337a9b7/ensemble_aliquot_maf/ensemble_aliquot_maf_wf.cwl,Aliquot Ensemble Somatic Variant Merging and Masking,3dd621a8745ee2b91716911604bf3f096337a9b7,
14000be0-5734-48d9-94e9-b68c31356a46,MAF,"TCGA-17-Z057-01A-01W-0747-08,TCGA-17-Z057-11A-01W-0747-08",open,68b66c75-720c-42be-acf8-7bffa12da8a0.wxs.aliquot_ensemble_masked.maf.gz,60fe32f4-1295-48ed-bb81-ad7bde8934dd,Simple Nucleotide Variation,masked_somatic_mutation,Illumina,132130,2022-08-01T16:45:14.931343-05:00,5105a9692765cf1ef016b5826a29a55d,2024-07-31T06:25:59.573592-05:00,14000be0-5734-48d9-94e9-b68c31356a46,Masked Somatic Mutation,released,WXS,2,35.0 - 46.0,TCGA-LUAD,f7db4f1c-2409-4001-bd81-13892a839387,released,68b66c75-720c-42be-acf8-7bffa12da8a0,https://github.com/NCI-GDC/aliquot-maf-cwl/blob/3dd621a8745ee2b91716911604bf3f096337a9b7/ensemble_aliquot_maf/ensemble_aliquot_maf_wf.cwl,Aliquot Ensemble Somatic Variant Merging and Masking,3dd621a8745ee2b91716911604bf3f096337a9b7,
7c1ee4b7-387a-4b4a-9e2f-bfe892cf5d70,MAF,"TCGA-38-4632-01A-01D-1753-08,TCGA-38-4632-11A-01D-1753-08",open,f8fd0d06-afd3-4149-90f0-ea91710dc914.wxs.aliquot_ensemble_masked.maf.gz,86983d8b-e90d-4ccc-84be-9b318198558a,Simple Nucleotide Variation,masked_somatic_mutation,Illumina,171341,2022-08-01T17:05:24.676397-05:00,9609b87e34960e0a1baab2e3d1d85d15,2024-07-31T06:28:30.271290-05:00,7c1ee4b7-387a-4b4a-9e2f-bfe892cf5d70,Masked Somatic Mutation,released,WXS,2,35.0 - 46.0,TCGA-LUAD,9d7ae49c-b17d-498a-aee5-5be608c70609,released,f8fd0d06-afd3-4149-90f0-ea91710dc914,https://github.com/NCI-GDC/aliquot-maf-cwl/blob/3dd621a8745ee2b91716911604bf3f096337a9b7/ensemble_aliquot_maf/ensemble_aliquot_maf_wf.cwl,Aliquot Ensemble Somatic Variant Merging and Masking,3dd621a8745ee2b91716911604bf3f096337a9b7,
c1da8b3c-9372-482c-b448-6c4948f7bdfd,MAF,"TCGA-99-8025-01A-11D-2238-08,TCGA-99-8025-10A-01D-2238-08",open,f9bf3014-14d5-469f-a101-acf2f5e128ee.wxs.aliquot_ensemble_masked.maf.gz,a8e7d66f-9478-4030-b132-55c02e9c7cd1,Simple Nucleotide Variation,masked_somatic_mutation,Illumina,169353,2022-08-01T16:56:37.425430-05:00,8b646b92472120434f58e94d08213ecb,2024-07-31T06:33:03.233750-05:00,c1da8b3c-9372-482c-b448-6c4948f7bdfd,Masked Somatic Mutation,released,WXS,2,35.0 - 46.0,TCGA-LUAD,01305f10-47b4-4bf2-b7b7-ff514b64af7e,released,f9bf3014-14d5-469f-a101-acf2f5e128ee,https://github.com/NCI-GDC/aliquot-maf-cwl/blob/3dd621a8745ee2b91716911604bf3f096337a9b7/ensemble_aliquot_maf/ensemble_aliquot_maf_wf.cwl,Aliquot Ensemble Somatic Variant Merging and Masking,3dd621a8745ee2b91716911604bf3f096337a9b7,
ff23cba2-1621-4097-a452-dd90fed10435,MAF,"TCGA-NJ-A55R-01A-11D-A25L-08,TCGA-NJ-A55R-10A-01D-A25L-08",open,096e533c-7ed1-4fc6-b537-dea6f846b468.wxs.aliquot_ensemble_masked.maf.gz,923d663b-5d3c-46f2-8df4-2026988c3d94,Simple Nucleotide Variation,masked_somatic_mutation,Illumina,95313,2022-08-01T16:39:11.840812-05:00,cdf1b2662456547e6a7ed68aad2c8d65,2024-07-31T06:28:10.980673-05:00,ff23cba2-1621-4097-a452-dd90fed10435,Masked Somatic Mutation,released,WXS,2,35.0 - 46.0,TCGA-LUAD,5eaff31f-37b5-4f7e-b024-324f2c11aa68,released,096e533c-7ed1-4fc6-b537-dea6f846b468,https://github.com/NCI-GDC/aliquot-maf-cwl/blob/3dd621a8745ee2b91716911604bf3f096337a9b7/ensemble_aliquot_maf/ensemble_aliquot_maf_wf.cwl,Aliquot Ensemble Somatic Variant Merging and Masking,3dd621a8745ee2b91716911604bf3f096337a9b7,
2f5be210-1503-4a47-9b50-77ecc20ae7eb,MAF,"TCGA-95-8039-01A-11D-2238-08,TCGA-95-8039-10A-01D-2238-08",open,9a9facde-8f8f-41b5-b4dd-928e7f6e31ec.wxs.aliquot_ensemble_masked.maf.gz,78548b13-0285-4ed7-9d5c-e68b3f983980,Simple Nucleotide Variation,masked_somatic_mutation,Illumina,38452,2022-08-01T16:48:21.707093-05:00,cab4287d7aaa1e4ca30fa189bc4b2a55,2024-07-31T06:35:29.890045-05:00,2f5be210-1503-4a47-9b50-77ecc20ae7eb,Masked Somatic Mutation,released,WXS,2,35.0 - 46.0,TCGA-LUAD,984f52cf-9c89-47c3-baa4-e546a271a853,released,9a9facde-8f8f-41b5-b4dd-928e7f6e31ec,https://github.com/NCI-GDC/aliquot-maf-cwl/blob/3dd621a8745ee2b91716911604bf3f096337a9b7/ensemble_aliquot_maf/ensemble_aliquot_maf_wf.cwl,Aliquot Ensemble Somatic Variant Merging and Masking,3dd621a8745ee2b91716911604bf3f096337a9b7,
5ee9ff69-bbba-4d72-a9f4-e2e4b282799e,MAF,"TCGA-86-8075-01A-11D-2238-08,TCGA-86-8075-10A-01D-2238-08",open,9fb8bda1-9ca8-480d-9c64-08114554bf71.wxs.aliquot_ensemble_masked.maf.gz,5f9d8cb1-9fe9-483b-ad0c-23fd62257e03,Simple Nucleotide Variation,masked_somatic_mutation,Illumina,20338,2022-08-01T16:43:41.012046-05:00,7b685df23ab242bcf99c0e61d317a046,2024-07-31T06:32:26.325859-05:00,5ee9ff69-bbba-4d72-a9f4-e2e4b282799e,Masked Somatic Mutation,released,WXS,2,35.0 - 46.0,TCGA-LUAD,0dbfe8d9-9827-4adc-bb68-6aae33809e01,released,9fb8bda1-9ca8-480d-9c64-08114554bf71,https://github.com/NCI-GDC/aliquot-maf-cwl/blob/3dd621a8745ee2b91716911604bf3f096337a9b7/ensemble_aliquot_maf/ensemble_aliquot_maf_wf.cwl,Aliquot Ensemble Somatic Variant Merging and Masking,3dd621a8745ee2b91716911604bf3f096337a9b7,
fcb7d2b1-add0-4e0c-8b76-db00bab3bd18,MAF,"TCGA-L9-A8F4-01A-11D-A397-08,TCGA-L9-A8F4-10A-01D-A39A-08",open,73608a3f-2456-4d89-a9d0-38bfbd8e0393.wxs.aliquot_ensemble_masked.maf.gz,a24dd479-76dd-4d30-bb9f-4c8375719023,Simple Nucleotide Variation,masked_somatic_mutation,Illumina,260407,2022-08-01T17:05:04.542941-05:00,423b54537b87c0e269afbe67133c0698,2024-07-31T06:39:09.689016-05:00,fcb7d2b1-add0-4e0c-8b76-db00bab3bd18,Masked Somatic Mutation,released,WXS,2,35.0 - 46.0,TCGA-LUAD,cdae75aa-3dc1-4ec7-bf4c-95ab9e508a1f,released,73608a3f-2456-4d89-a9d0-38bfbd8e0393,https://github.com/NCI-GDC/aliquot-maf-cwl/blob/3dd621a8745ee2b91716911604bf3f096337a9b7/ensemble_aliquot_maf/ensemble_aliquot_maf_wf.cwl,Aliquot Ensemble Somatic Variant Merging and Masking,3dd621a8745ee2b91716911604bf3f096337a9b7,
b4d85984-3b12-401e-b3be-9534c044462e,MAF,"TCGA-17-Z026-01A-01W-0746-08,TCGA-17-Z026-11A-01W-0746-08",open,a73bcae9-ebcc-4ac4-8390-a454eaa9e7c5.wxs.aliquot_ensemble_masked.maf.gz,2fde6771-cacd-4961-96db-6dc9b5ba073b,Simple Nucleotide Variation,masked_somatic_mutation,Illumina,310046,2022-08-01T16:51:28.636460-05:00,b7d982f96fa019ca9f4d197eebf5ab29,2024-07-31T06:34:21.584858-05:00,b4d85984-3b12-401e-b3be-9534c044462e,Masked Somatic Mutation,released,WXS,2,35.0 - 46.0,TCGA-LUAD,45af6e4f-20bd-4a63-b046-9f9a0f294f71,released,a73bcae9-ebcc-4ac4-8390-a454eaa9e7c5,https://github.com/NCI-GDC/aliquot-maf-cwl/blob/3dd621a8745ee2b91716911604bf3f096337a9b7/ensemble_aliquot_maf/ensemble_aliquot_maf_wf.cwl,Aliquot Ensemble Somatic Variant Merging and Masking,3dd621a8745ee2b91716911604bf3f096337a9b7,
02f8051b-eeba-4da3-a517-b0b92ff4efac,MAF,"TCGA-64-5778-01A-01D-1625-08,TCGA-64-5778-10A-01D-1625-08",open,26b2b1c8-8f78-4ef9-a90e-f5744154b8b4.wxs.aliquot_ensemble_masked.maf.gz,8d6eec76-c98f-47ec-bb60-536b0ce105f1,Simple Nucleotide Variation,masked_somatic_mutation,Illumina,159197,2022-08-01T16:54:52.442650-05:00,cd55dfb2bf5c7721a31ebd3b568c9f2a,2024-07-31T06:35:54.178705-05:00,02f8051b-eeba-4da3-a517-b0b92ff4efac,Masked Somatic Mutation,released,WXS,2,35.0 - 46.0,TCGA-LUAD,cdea1251-55ac-49f7-b886-0fdfcdf922aa,released,26b2b1c8-8f78-4ef9-a90e-f5744154b8b4,https://github.com/NCI-GDC/aliquot-maf-cwl/blob/3dd621a8745ee2b91716911604bf3f096337a9b7/ensemble_aliquot_maf/ensemble_aliquot_maf_wf.cwl,Aliquot Ensemble Somatic Variant Merging and Masking,3dd621a8745ee2b91716911604bf3f096337a9b7,
ec50aaca-7d12-4c2e-80ad-17b8d5f37521,MAF,"TCGA-55-8205-01A-11D-2238-08,TCGA-55-8205-10A-01D-2238-08",open,5c1e02ab-f005-460e-b015-cae32da78fd7.wxs.aliquot_ensemble_masked.maf.gz,b007691f-5e6b-43ef-ac78-4ac359db1a9d,Simple Nucleotide Variation,masked_somatic_mutation,Illumina,176868,2022-08-01T16:54:16.913698-05:00,faff700bd9845c9f6d711ddf73327b61,2024-07-31T06:35:58.000686-05:00,ec50aaca-7d12-4c2e-80ad-17b8d5f37521,Masked Somatic Mutation,released,WXS,2,35.0 - 46.0,TCGA-LUAD,30188202-9d63-4117-8840-54021f864fa1,released,5c1e02ab-f005-460e-b015-cae32da78fd7,https://github.com/NCI-GDC/aliquot-maf-cwl/blob/3dd621a8745ee2b91716911604bf3f096337a9b7/ensemble_aliquot_maf/ensemble_aliquot_maf_wf.cwl,Aliquot Ensemble Somatic Variant Merging and Masking,3dd621a8745ee2b91716911604bf3f096337a9b7,
184ad1e4-efa0-4528-a18f-4b96e0be51e3,MAF,"TCGA-91-6847-01A-11D-1945-08,TCGA-91-6847-11A-01D-1945-08",open,ef9b37f3-5d66-4e92-83e1-33189555f805.wxs.aliquot_ensemble_masked.maf.gz,c33e7a85-c6e9-478c-8497-577deda34afc,Simple Nucleotide Variation,masked_somatic_mutation,Illumina,31010,2022-08-01T17:04:15.573864-05:00,6e77938f202d2ebc5af6e1b783151ef9,2024-07-31T06:34:55.691555-05:00,184ad1e4-efa0-4528-a18f-4b96e0be51e3,Masked Somatic Mutation,released,WXS,2,35.0 - 46.0,TCGA-LUAD,0a7d6345-d499-4ddc-8a17-6602c982a371,released,ef9b37f3-5d66-4e92-83e1-33189555f805,https://github.com/NCI-GDC/aliquot-maf-cwl/blob/3dd621a8745ee2b91716911604bf3f096337a9b7/ensemble_aliquot_maf/ensemble_aliquot_maf_wf.cwl,Aliquot Ensemble Somatic Variant Merging and Masking,3dd621a8745ee2b91716911604bf3f096337a9b7,
97975bd4-2fb8-460f-812b-bea62e380149,MAF,"TCGA-05-5425-01A-02D-1625-08,TCGA-05-5425-10A-01D-1625-08",open,e5adc5a1-38a7-46c5-a65e-d4cf08c3cf3d.wxs.aliquot_ensemble_masked.maf.gz,56c8f5ea-5895-4604-bf70-7ce94ee2127b,Simple Nucleotide Variation,masked_somatic_mutation,Illumina,184523,2022-08-01T16:46:08.259375-05:00,29a9f114463bf34a4adfd0070e864340,2024-07-31T06:36:20.559892-05:00,97975bd4-2fb8-460f-812b-bea62e380149,Masked Somatic Mutation,released,WXS,2,35.0 - 46.0,TCGA-LUAD,eb994392-ef40-4a7f-8ebf-6d9a70eeb268,released,e5adc5a1-38a7-46c5-a65e-d4cf08c3cf3d,https://github.com/NCI-GDC/aliquot-maf-cwl/blob/3dd621a8745ee2b91716911604bf3f096337a9b7/ensemble_aliquot_maf/ensemble_aliquot_maf_wf.cwl,Aliquot Ensemble Somatic Variant Merging and Masking,3dd621a8745ee2b91716911604bf3f096337a9b7,
772f526f-f372-485c-a15b-4837826c1446,MAF,"TCGA-55-A491-01A-11D-A24D-08,TCGA-55-A491-10A-01D-A24F-08",open,4abb8190-8ea6-4b4b-8fd3-5d4d3c33e2bf.wxs.aliquot_ensemble_masked.maf.gz,5c3bfb20-8608-485d-8c33-7f3b86485fd8,Simple Nucleotide Variation,masked_somatic_mutation,Illumina,130454,2022-08-01T16:56:05.481206-05:00,5df93d9ab7af54e28d50c3bd1edd9cef,2024-07-31T06:33:04.568281-05:00,772f526f-f372-485c-a15b-4837826c1446,Masked Somatic Mutation,released,WXS,2,35.0 - 46.0,TCGA-LUAD,fc0be287-8a71-42af-9508-e9b6bb321786,released,4abb8190-8ea6-4b4b-8fd3-5d4d3c33e2bf,https://github.com/NCI-GDC/aliquot-maf-cwl/blob/3dd621a8745ee2b91716911604bf3f096337a9b7/ensemble_aliquot_maf/ensemble_aliquot_maf_wf.cwl,Aliquot Ensemble Somatic Variant Merging and Masking,3dd621a8745ee2b91716911604bf3f096337a9b7,
d26d1add-37bd-4a6b-83ab-97e23bc9b7a1,MAF,"TCGA-95-7944-01A-11D-2184-08,TCGA-95-7944-10A-01D-2184-08",open,6c21bdf6-493b-4de2-8e62-51d86ada9eb7.wxs.aliquot_ensemble_masked.maf.gz,51267dcc-3485-4112-a2fa-a3003be2df3d,Simple Nucleotide Variation,masked_somatic_mutation,Illumina,91709,2022-08-01T16:38:06.732612-05:00,ac0e6cb1a576b39aa5c12daf80584719,2024-07-31T06:30:12.535988-05:00,d26d1add-37bd-4a6b-83ab-97e23bc9b7a1,Masked Somatic Mutation,released,WXS,2,35.0 - 46.0,TCGA-LUAD,25828003-c7c2-4650-a731-9c61fff4e6b1,released,6c21bdf6-493b-4de2-8e62-51d86ada9eb7,https://github.com/NCI-GDC/aliquot-maf-cwl/blob/3dd621a8745ee2b91716911604bf3f096337a9b7/ensemble_aliquot_maf/ensemble_aliquot_maf_wf.cwl,Aliquot Ensemble Somatic Variant Merging and Masking,3dd621a8745ee2b91716911604bf3f096337a9b7,
ad4ea433-b13d-4e71-b2ce-892f9fe33414,MAF,"TCGA-55-1592-01A-01W-0928-08,TCGA-55-1592-11A-01D-0969-08",open,123c7e5a-f6d5-45a9-99c6-cde57849ebab.wxs.aliquot_ensemble_masked.maf.gz,a8634bfc-9a74-4c6c-93ee-d6d90924c7e6,Simple Nucleotide Variation,masked_somatic_mutation,Illumina,171884,2022-08-01T17:05:06.956781-05:00,9a7e6f31427234d2157d1551ab0d151a,2024-07-31T02:30:29.084005-05:00,ad4ea433-b13d-4e71-b2ce-892f9fe33414,Masked Somatic Mutation,released,WXS,2,35.0 - 46.0,TCGA-LUAD,3d5e1eb4-3fdd-4225-bd97-30edba7b2ba5,released,123c7e5a-f6d5-45a9-99c6-cde57849ebab,https://github.com/NCI-GDC/aliquot-maf-cwl/blob/3dd621a8745ee2b91716911604bf3f096337a9b7/ensemble_aliquot_maf/ensemble_aliquot_maf_wf.cwl,Aliquot Ensemble Somatic Variant Merging and Masking,3dd621a8745ee2b91716911604bf3f096337a9b7,
d54ec8e2-d534-4034-a036-d94c67cfd424,MAF,"TCGA-55-1594-01A-01W-0928-08,TCGA-55-1594-11A-01D-1040-01",open,e3e3092e-9d8a-4ee0-aca9-b96d4ae85ff5.wxs.aliquot_ensemble_masked.maf.gz,0295d73a-20bb-459f-b82b-dcd8914bd81b,Simple Nucleotide Variation,masked_somatic_mutation,Illumina,55147,2022-08-01T16:59:05.328591-05:00,0163b0e8f7678e4fcd3dec807dc3f285,2024-07-31T06:31:57.386585-05:00,d54ec8e2-d534-4034-a036-d94c67cfd424,Masked Somatic Mutation,released,WXS,2,35.0 - 46.0,TCGA-LUAD,14c186e0-3159-466f-93ce-3610b721b7cf,released,e3e3092e-9d8a-4ee0-aca9-b96d4ae85ff5,https://github.com/NCI-GDC/aliquot-maf-cwl/blob/3dd621a8745ee2b91716911604bf3f096337a9b7/ensemble_aliquot_maf/ensemble_aliquot_maf_wf.cwl,Aliquot Ensemble Somatic Variant Merging and Masking,3dd621a8745ee2b91716911604bf3f096337a9b7,
663bd60e-4763-41ef-8834-bb1e18aa37f3,MAF,"TCGA-44-2661-01A-01D-1105-08,TCGA-44-2661-10A-01D-1105-08",open,d4aa62ab-85aa-4ff9-816f-de4091d87daf.wxs.aliquot_ensemble_masked.maf.gz,c3d1fd55-6fd2-40a3-b811-0b87bd35f335,Simple Nucleotide Variation,masked_somatic_mutation,Illumina,19064,2022-08-01T16:53:58.309357-05:00,9037577456d718f7845b286591362597,2024-07-31T06:35:51.328813-05:00,663bd60e-4763-41ef-8834-bb1e18aa37f3,Masked Somatic Mutation,released,WXS,2,35.0 - 46.0,TCGA-LUAD,e7d7e8e3-1c8c-42f5-ad0b-f699072667cc,released,d4aa62ab-85aa-4ff9-816f-de4091d87daf,https://github.com/NCI-GDC/aliquot-maf-cwl/blob/3dd621a8745ee2b91716911604bf3f096337a9b7/ensemble_aliquot_maf/ensemble_aliquot_maf_wf.cwl,Aliquot Ensemble Somatic Variant Merging and Masking,3dd621a8745ee2b91716911604bf3f096337a9b7,
9039f4ee-9316-4c52-bbff-e50b2354adfe,MAF,"TCGA-55-1594-01A-01D-1040-01,TCGA-55-1594-11A-01D-1040-01",open,3e50ab05-e910-4dfe-b17d-b1e123539c2c.wxs.aliquot_ensemble_masked.maf.gz,60ad24d2-ec41-465a-be2a-9f4b96914af0,Simple Nucleotide Variation,masked_somatic_mutation,Illumina,54405,2022-08-01T16:58:22.388117-05:00,2f8a89c3f64a60b39dd66ecd58e8ebae,2024-07-31T06:36:05.980870-05:00,9039f4ee-9316-4c52-bbff-e50b2354adfe,Masked Somatic Mutation,released,WXS,2,35.0 - 46.0,TCGA-LUAD,862e52bc-3039-44c4-aa31-7ab9a9c26b48,released,3e50ab05-e910-4dfe-b17d-b1e123539c2c,https://github.com/NCI-GDC/aliquot-maf-cwl/blob/3dd621a8745ee2b91716911604bf3f096337a9b7/ensemble_aliquot_maf/ensemble_aliquot_maf_wf.cwl,Aliquot Ensemble Somatic Variant Merging and Masking,3dd621a8745ee2b91716911604bf3f096337a9b7,
adf60d7b-0e7c-464f-898f-bb87faee018b,MAF,"TCGA-55-7726-01A-11D-2167-08,TCGA-55-7726-10A-01D-2167-08",open,451da261-1f93-4fa1-829e-9282bbc6e98a.wxs.aliquot_ensemble_masked.maf.gz,68f3cf3a-12f7-4c32-842b-a944e3a1d7d0,Simple Nucleotide Variation,masked_somatic_mutation,Illumina,44611,2022-08-01T16:41:23.510290-05:00,f9b1938c43282a4634e30091c5eec259,2024-07-31T06:34:01.352923-05:00,adf60d7b-0e7c-464f-898f-bb87faee018b,Masked Somatic Mutation,released,WXS,2,35.0 - 46.0,TCGA-LUAD,f8240864-41e1-4f62-b0be-fa7d1dc6e4f4,released,451da261-1f93-4fa1-829e-9282bbc6e98a,https://github.com/NCI-GDC/aliquot-maf-cwl/blob/3dd621a8745ee2b91716911604bf3f096337a9b7/ensemble_aliquot_maf/ensemble_aliquot_maf_wf.cwl,Aliquot Ensemble Somatic Variant Merging and Masking,3dd621a8745ee2b91716911604bf3f096337a9b7,
b21a13b1-96e6-4ba0-b2a4-1e0b5d9faccc,MAF,"TCGA-55-1596-01A-01D-1040-01,TCGA-55-1596-11A-01D-1040-01",open,d3ef5781-b308-4b21-b2ce-d137612b4279.wxs.aliquot_ensemble_masked.maf.gz,8e5ea51f-e936-4509-ac7a-10d5bcc8faa4,Simple Nucleotide Variation,masked_somatic_mutation,Illumina,67717,2022-08-01T16:39:53.571200-05:00,066abd7209f415c7cc4bee42104c12f2,2024-07-31T06:29:55.313213-05:00,b21a13b1-96e6-4ba0-b2a4-1e0b5d9faccc,Masked Somatic Mutation,released,WXS,2,35.0 - 46.0,TCGA-LUAD,294939ce-bb4e-4bf1-81a5-1d2efaa07aa6,released,d3ef5781-b308-4b21-b2ce-d137612b4279,https://github.com/NCI-GDC/aliquot-maf-cwl/blob/3dd621a8745ee2b91716911604bf3f096337a9b7/ensemble_aliquot_maf/ensemble_aliquot_maf_wf.cwl,Aliquot Ensemble Somatic Variant Merging and Masking,3dd621a8745ee2b91716911604bf3f096337a9b7,
f3783fb1-d04b-4132-bafc-ba27741c82e4,MAF,"TCGA-78-7166-01A-12D-2063-08,TCGA-78-7166-11A-01D-2063-08",open,b20afb2e-7923-48fb-87c3-7ddaa8ed98c6.wxs.aliquot_ensemble_masked.maf.gz,a53541ac-672e-4273-a2eb-1dda1d93cc33,Simple Nucleotide Variation,masked_somatic_mutation,Illumina,79349,2022-08-01T16:59:51.379753-05:00,04d91ca7dea7e6eb0f7e8a093e1fd1ec,2024-07-31T06:38:06.270731-05:00,f3783fb1-d04b-4132-bafc-ba27741c82e4,Masked Somatic Mutation,released,WXS,2,35.0 - 46.0,TCGA-LUAD,79ef901a-04d1-4057-b59c-4147f28c3f53,released,b20afb2e-7923-48fb-87c3-7ddaa8ed98c6,https://github.com/NCI-GDC/aliquot-maf-cwl/blob/3dd621a8745ee2b91716911604bf3f096337a9b7/ensemble_aliquot_maf/ensemble_aliquot_maf_wf.cwl,Aliquot Ensemble Somatic Variant Merging and Masking,3dd621a8745ee2b91716911604bf3f096337a9b7,
55b4491c-b3b1-4d28-bd3e-e7fdf6ccb4c5,MAF,"TCGA-55-1596-01A-01W-0928-08,TCGA-55-1596-11A-01D-1040-01",open,ddf9889b-9391-4905-876c-ae739de2fc1b.wxs.aliquot_ensemble_masked.maf.gz,bad9041c-e1d1-4c5b-9ceb-53724c1d75e9,Simple Nucleotide Variation,masked_somatic_mutation,Illumina,65813,2022-08-01T17:04:19.732749-05:00,f39d6cc9610d2398e500a15ba5e5dc8c,2024-07-31T06:33:05.843996-05:00,55b4491c-b3b1-4d28-bd3e-e7fdf6ccb4c5,Masked Somatic Mutation,released,WXS,2,35.0 - 46.0,TCGA-LUAD,bac5384a-e9a2-4156-b0e1-891d01e30dd4,released,ddf9889b-9391-4905-876c-ae739de2fc1b,https://github.com/NCI-GDC/aliquot-maf-cwl/blob/3dd621a8745ee2b91716911604bf3f096337a9b7/ensemble_aliquot_maf/ensemble_aliquot_maf_wf.cwl,Aliquot Ensemble Somatic Variant Merging and Masking,3dd621a8745ee2b91716911604bf3f096337a9b7,
b4d95448-280a-432c-adc2-c04dfd8944a2,MAF,"TCGA-50-6597-01A-11D-1855-08,TCGA-50-6597-10A-01D-1855-08",open,a1957b5d-d45b-4556-9352-3af184e725f2.wxs.aliquot_ensemble_masked.maf.gz,895505ef-f63b-4513-b886-6c0c4ca7792f,Simple Nucleotide Variation,masked_somatic_mutation,Illumina,19193,2022-08-01T16:42:34.636751-05:00,9fa053dcd157116a713f216662aa1226,2024-07-31T06:27:10.067077-05:00,b4d95448-280a-432c-adc2-c04dfd8944a2,Masked Somatic Mutation,released,WXS,2,35.0 - 46.0,TCGA-LUAD,aa485510-f28d-4233-b865-55b8284bb187,released,a1957b5d-d45b-4556-9352-3af184e725f2,https://github.com/NCI-GDC/aliquot-maf-cwl/blob/3dd621a8745ee2b91716911604bf3f096337a9b7/ensemble_aliquot_maf/ensemble_aliquot_maf_wf.cwl,Aliquot Ensemble Somatic Variant Merging and Masking,3dd621a8745ee2b91716911604bf3f096337a9b7,
05ac6fda-3c72-44c9-99c0-2b466ef1c2ab,MAF,"TCGA-64-5775-01A-01D-1625-08,TCGA-64-5775-10A-01D-1625-08",open,bad7aa24-1d36-4d5e-8766-34578be3d624.wxs.aliquot_ensemble_masked.maf.gz,88160d51-64df-42f1-924f-2932fb6d9751,Simple Nucleotide Variation,masked_somatic_mutation,Illumina,167164,2022-08-01T16:40:05.360439-05:00,75dea1cccef7e79c55046979cc4c1d84,2024-07-31T06:26:21.146618-05:00,05ac6fda-3c72-44c9-99c0-2b466ef1c2ab,Masked Somatic Mutation,released,WXS,2,35.0 - 46.0,TCGA-LUAD,c70bdda7-fc90-4d7d-8f29-ecba482eecc9,released,bad7aa24-1d36-4d5e-8766-34578be3d624,https://github.com/NCI-GDC/aliquot-maf-cwl/blob/3dd621a8745ee2b91716911604bf3f096337a9b7/ensemble_aliquot_maf/ensemble_aliquot_maf_wf.cwl,Aliquot Ensemble Somatic Variant Merging and Masking,3dd621a8745ee2b91716911604bf3f096337a9b7,
31bf0f34-6f72-450f-8aef-72107c21af1a,MAF,"TCGA-05-4402-01A-01D-1265-08,TCGA-05-4402-10A-01D-1265-08",open,43284a2d-bc4f-4ef1-b2f8-591652897c4e.wxs.aliquot_ensemble_masked.maf.gz,5325546a-87b8-4140-8be3-77b76ace4e49,Simple Nucleotide Variation,masked_somatic_mutation,Illumina,46454,2022-08-01T16:55:40.214220-05:00,426799a1fa76bc1a72bbe1e9cc39e99f,2024-07-31T06:31:52.075455-05:00,31bf0f34-6f72-450f-8aef-72107c21af1a,Masked Somatic Mutation,released,WXS,2,35.0 - 46.0,TCGA-LUAD,5f527d23-dc32-4030-a961-49977c2cbc0a,released,43284a2d-bc4f-4ef1-b2f8-591652897c4e,https://github.com/NCI-GDC/aliquot-maf-cwl/blob/3dd621a8745ee2b91716911604bf3f096337a9b7/ensemble_aliquot_maf/ensemble_aliquot_maf_wf.cwl,Aliquot Ensemble Somatic Variant Merging and Masking,3dd621a8745ee2b91716911604bf3f096337a9b7,
94863b6b-7cbe-4aa4-90a0-cb5a1fa25436,MAF,"TCGA-91-6848-01A-11D-1945-08,TCGA-91-6848-11A-01D-1945-08",open,b9159d8c-37b7-43fc-bb66-5ef1c17ef8ff.wxs.aliquot_ensemble_masked.maf.gz,23e3842b-5791-4cc1-858e-8d015cd95cdd,Simple Nucleotide Variation,masked_somatic_mutation,Illumina,197263,2022-08-01T16:47:10.295822-05:00,14d2a11563d1d1275495a0403a3d12e7,2024-07-30T23:43:34.565698-05:00,94863b6b-7cbe-4aa4-90a0-cb5a1fa25436,Masked Somatic Mutation,released,WXS,2,35.0 - 46.0,TCGA-LUAD,83383c69-0398-4e7d-8120-2b32d37b78dd,released,b9159d8c-37b7-43fc-bb66-5ef1c17ef8ff,https://github.com/NCI-GDC/aliquot-maf-cwl/blob/3dd621a8745ee2b91716911604bf3f096337a9b7/ensemble_aliquot_maf/ensemble_aliquot_maf_wf.cwl,Aliquot Ensemble Somatic Variant Merging and Masking,3dd621a8745ee2b91716911604bf3f096337a9b7,
085615ac-a63a-4092-81c6-7763dfc548a0,MAF,"TCGA-55-8615-01A-11D-2393-08,TCGA-55-8615-10A-01D-2393-08",open,1c198ca7-c422-4ea5-928c-77f28fe14eeb.wxs.aliquot_ensemble_masked.maf.gz,05964b02-599e-495d-8660-9cf6e3d1d93e,Simple Nucleotide Variation,masked_somatic_mutation,Illumina,45968,2022-08-01T17:05:15.435777-05:00,fbf8689da995b5746d40c346229d7bab,2024-07-31T06:32:58.058759-05:00,085615ac-a63a-4092-81c6-7763dfc548a0,Masked Somatic Mutation,released,WXS,2,35.0 - 46.0,TCGA-LUAD,b89a82b1-a5af-44a9-86c1-ea1d2d9b2969,released,1c198ca7-c422-4ea5-928c-77f28fe14eeb,https://github.com/NCI-GDC/aliquot-maf-cwl/blob/3dd621a8745ee2b91716911604bf3f096337a9b7/ensemble_aliquot_maf/ensemble_aliquot_maf_wf.cwl,Aliquot Ensemble Somatic Variant Merging and Masking,3dd621a8745ee2b91716911604bf3f096337a9b7,
3c34b137-098b-4e76-9ed1-52e1be916fd0,MAF,"TCGA-44-2655-01A-01D-1553-08,TCGA-44-2655-11A-01D-1553-08",open,15b7e9b4-d91b-4922-8716-823254743be6.wxs.aliquot_ensemble_masked.maf.gz,d0b24b94-60a7-4ffd-879d-55eadbb3ff0e,Simple Nucleotide Variation,masked_somatic_mutation,Illumina,62282,2022-08-01T16:41:56.230979-05:00,708ebdda28df7f11f7e564b8168547b9,2024-07-31T06:26:09.335314-05:00,3c34b137-098b-4e76-9ed1-52e1be916fd0,Masked Somatic Mutation,released,WXS,2,35.0 - 46.0,TCGA-LUAD,6131bb22-069f-4885-ac95-306286082c09,released,15b7e9b4-d91b-4922-8716-823254743be6,https://github.com/NCI-GDC/aliquot-maf-cwl/blob/3dd621a8745ee2b91716911604bf3f096337a9b7/ensemble_aliquot_maf/ensemble_aliquot_maf_wf.cwl,Aliquot Ensemble Somatic Variant Merging and Masking,3dd621a8745ee2b91716911604bf3f096337a9b7,
878e541b-61a0-443f-8921-78d76525f72c,MAF,"TCGA-38-4625-01A-01D-1553-08,TCGA-38-4625-11A-01D-1553-08",open,9777e902-9957-4186-b9f5-a710e40cd1b9.wxs.aliquot_ensemble_masked.maf.gz,1aa7a096-d067-4a6e-87bf-de0fa6ab62ca,Simple Nucleotide Variation,masked_somatic_mutation,Illumina,193957,2022-08-01T17:04:35.152489-05:00,548ca780a4133a0e5d0d4a716163af3d,2024-07-31T06:33:28.495372-05:00,878e541b-61a0-443f-8921-78d76525f72c,Masked Somatic Mutation,released,WXS,2,35.0 - 46.0,TCGA-LUAD,f5a0bfc0-ecb6-4d75-9090-14926c93a1e1,released,9777e902-9957-4186-b9f5-a710e40cd1b9,https://github.com/NCI-GDC/aliquot-maf-cwl/blob/3dd621a8745ee2b91716911604bf3f096337a9b7/ensemble_aliquot_maf/ensemble_aliquot_maf_wf.cwl,Aliquot Ensemble Somatic Variant Merging and Masking,3dd621a8745ee2b91716911604bf3f096337a9b7,
8554e9fc-5778-4a05-b034-541a5fc5b581,MAF,"TCGA-86-8054-01A-11D-2238-08,TCGA-86-8054-10A-01D-2238-08",open,a1629ec0-3620-49d1-af78-771391afa0d9.wxs.aliquot_ensemble_masked.maf.gz,e613dedd-d7a4-4b43-974b-ab1a1d08ac95,Simple Nucleotide Variation,masked_somatic_mutation,Illumina,77367,2022-08-01T16:51:35.120206-05:00,35d65e6d394174d77752339b171efa3a,2024-07-31T06:25:54.002646-05:00,8554e9fc-5778-4a05-b034-541a5fc5b581,Masked Somatic Mutation,released,WXS,2,35.0 - 46.0,TCGA-LUAD,d87ea519-d988-4c10-96f3-aa80b123e817,released,a1629ec0-3620-49d1-af78-771391afa0d9,https://github.com/NCI-GDC/aliquot-maf-cwl/blob/3dd621a8745ee2b91716911604bf3f096337a9b7/ensemble_aliquot_maf/ensemble_aliquot_maf_wf.cwl,Aliquot Ensemble Somatic Variant Merging and Masking,3dd621a8745ee2b91716911604bf3f096337a9b7,
70684d97-4512-4674-ae09-1854b97f7923,MAF,"TCGA-55-A48Z-01A-12D-A24P-08,TCGA-55-A48Z-10A-01D-A24P-08",open,a333057b-c1ad-4963-96b8-3652204c3dbc.wxs.aliquot_ensemble_masked.maf.gz,b48e04fb-4378-4efe-84e3-7f2d6a8ac613,Simple Nucleotide Variation,masked_somatic_mutation,Illumina,22898,2022-08-01T16:39:04.768994-05:00,3efbcba5cdc7de8fd94e4fe86f90459e,2024-07-31T06:32:00.054499-05:00,70684d97-4512-4674-ae09-1854b97f7923,Masked Somatic Mutation,released,WXS,2,35.0 - 46.0,TCGA-LUAD,7019e2b1-205f-4c76-9053-1905daf2946c,released,a333057b-c1ad-4963-96b8-3652204c3dbc,https://github.com/NCI-GDC/aliquot-maf-cwl/blob/3dd621a8745ee2b91716911604bf3f096337a9b7/ensemble_aliquot_maf/ensemble_aliquot_maf_wf.cwl,Aliquot Ensemble Somatic Variant Merging and Masking,3dd621a8745ee2b91716911604bf3f096337a9b7,
0c396d1a-8cc9-4af7-8acc-91138b476f33,MAF,"TCGA-91-6829-01A-21D-1855-08,TCGA-91-6829-11A-01D-1855-08",open,2c287b92-30d0-4c50-a1a3-edc6e3480c19.wxs.aliquot_ensemble_masked.maf.gz,a161fcd8-2986-43ce-9282-f0d645c43a03,Simple Nucleotide Variation,masked_somatic_mutation,Illumina,207415,2022-08-01T16:50:35.075908-05:00,13d62283b7be1affcbf4844e2811348d,2024-07-31T06:37:37.348315-05:00,0c396d1a-8cc9-4af7-8acc-91138b476f33,Masked Somatic Mutation,released,WXS,2,35.0 - 46.0,TCGA-LUAD,1d70562f-dd17-4a09-b40b-16271dd03388,released,2c287b92-30d0-4c50-a1a3-edc6e3480c19,https://github.com/NCI-GDC/aliquot-maf-cwl/blob/3dd621a8745ee2b91716911604bf3f096337a9b7/ensemble_aliquot_maf/ensemble_aliquot_maf_wf.cwl,Aliquot Ensemble Somatic Variant Merging and Masking,3dd621a8745ee2b91716911604bf3f096337a9b7,
29eb1aa5-1358-43cd-a53a-8cad3837e688,MAF,"TCGA-93-A4JP-01D-01D-A38P-08,TCGA-93-A4JP-10A-01D-A24P-08",open,2bafa95b-ff5b-45d0-b1c7-e3ab5b0aa7c0.wxs.aliquot_ensemble_masked.maf.gz,ca38a90f-284f-4762-ac1e-df3fe5fe2c43,Simple Nucleotide Variation,masked_somatic_mutation,Illumina,43398,2022-08-01T16:42:30.374073-05:00,739b419be5795478f4bfcaad3a94f65f,2024-07-31T06:30:35.727797-05:00,29eb1aa5-1358-43cd-a53a-8cad3837e688,Masked Somatic Mutation,released,WXS,2,35.0 - 46.0,TCGA-LUAD,43cc1922-89fa-48e3-bfe0-e53bd661428a,released,2bafa95b-ff5b-45d0-b1c7-e3ab5b0aa7c0,https://github.com/NCI-GDC/aliquot-maf-cwl/blob/3dd621a8745ee2b91716911604bf3f096337a9b7/ensemble_aliquot_maf/ensemble_aliquot_maf_wf.cwl,Aliquot Ensemble Somatic Variant Merging and Masking,3dd621a8745ee2b91716911604bf3f096337a9b7,
9b2cf63c-3857-4696-a6a3-dbe92f447ab0,MAF,"TCGA-44-6777-01A-11D-1855-08,TCGA-44-6777-10A-01D-1855-08",open,20c35f8f-5686-49a4-8c35-f25ac1cc53f1.wxs.aliquot_ensemble_masked.maf.gz,5debd4fc-9cee-4e65-92b6-de858c9ad199,Simple Nucleotide Variation,masked_somatic_mutation,Illumina,123860,2022-08-01T17:00:10.885031-05:00,c453472dd0b616e594191884472c5217,2024-07-31T06:33:13.936571-05:00,9b2cf63c-3857-4696-a6a3-dbe92f447ab0,Masked Somatic Mutation,released,WXS,2,35.0 - 46.0,TCGA-LUAD,32679949-89d0-4443-aa92-5d6ba62acab1,released,20c35f8f-5686-49a4-8c35-f25ac1cc53f1,https://github.com/NCI-GDC/aliquot-maf-cwl/blob/3dd621a8745ee2b91716911604bf3f096337a9b7/ensemble_aliquot_maf/ensemble_aliquot_maf_wf.cwl,Aliquot Ensemble Somatic Variant Merging and Masking,3dd621a8745ee2b91716911604bf3f096337a9b7,
b2c68d77-2501-4a35-9654-9a96e8cea210,MAF,"TCGA-67-3774-01A-01W-0928-08,TCGA-67-3774-10A-01D-1489-08",open,6cb4ca6a-dce8-474b-995e-0332b3cf9876.wxs.aliquot_ensemble_masked.maf.gz,5fefcd73-c822-4d7f-9efe-807d9dca0885,Simple Nucleotide Variation,masked_somatic_mutation,Illumina,39713,2022-08-01T16:52:39.662261-05:00,0aba6e1936447bcd4257e109a26f9df8,2024-07-31T06:37:19.350386-05:00,b2c68d77-2501-4a35-9654-9a96e8cea210,Masked Somatic Mutation,released,WXS,2,35.0 - 46.0,TCGA-LUAD,3ae47a1c-3036-4f47-88b2-e160c1d2e933,released,6cb4ca6a-dce8-474b-995e-0332b3cf9876,https://github.com/NCI-GDC/aliquot-maf-cwl/blob/3dd621a8745ee2b91716911604bf3f096337a9b7/ensemble_aliquot_maf/ensemble_aliquot_maf_wf.cwl,Aliquot Ensemble Somatic Variant Merging and Masking,3dd621a8745ee2b91716911604bf3f096337a9b7,
d4e5b954-7314-4b14-b328-c5d6fd8a0e6d,MAF,"TCGA-44-2655-01A-01W-0928-08,TCGA-44-2655-11A-01D-1553-08",open,dab11a85-66c1-4473-87e5-d10236d308fb.wxs.aliquot_ensemble_masked.maf.gz,37f4f4e3-02c1-4d7c-929e-3806346a0bee,Simple Nucleotide Variation,masked_somatic_mutation,Illumina,63466,2022-08-01T16:41:54.094093-05:00,a7b0e65d4ec6594b5cc57dad525c62b3,2024-07-31T06:34:22.918318-05:00,d4e5b954-7314-4b14-b328-c5d6fd8a0e6d,Masked Somatic Mutation,released,WXS,2,35.0 - 46.0,TCGA-LUAD,222a87e5-e7bf-48ce-aea3-5bd6cdd7c5a0,released,dab11a85-66c1-4473-87e5-d10236d308fb,https://github.com/NCI-GDC/aliquot-maf-cwl/blob/3dd621a8745ee2b91716911604bf3f096337a9b7/ensemble_aliquot_maf/ensemble_aliquot_maf_wf.cwl,Aliquot Ensemble Somatic Variant Merging and Masking,3dd621a8745ee2b91716911604bf3f096337a9b7,
059df941-5be5-4118-a3ce-03b8eda4d9e4,MAF,"TCGA-55-6982-01A-11D-1945-08,TCGA-55-6982-11A-01D-1945-08",open,d040d578-1baf-46e8-8d98-1d2b89a94141.wxs.aliquot_ensemble_masked.maf.gz,68f72325-c8e5-45f8-be7f-4c5c1ab93ea7,Simple Nucleotide Variation,masked_somatic_mutation,Illumina,77095,2022-08-01T16:55:13.360229-05:00,06d05f16e8d2e9b00258b140e241f959,2024-07-31T06:33:00.433836-05:00,059df941-5be5-4118-a3ce-03b8eda4d9e4,Masked Somatic Mutation,released,WXS,2,35.0 - 46.0,TCGA-LUAD,7397cbe9-138f-4bff-8561-d15c8cbcdadd,released,d040d578-1baf-46e8-8d98-1d2b89a94141,https://github.com/NCI-GDC/aliquot-maf-cwl/blob/3dd621a8745ee2b91716911604bf3f096337a9b7/ensemble_aliquot_maf/ensemble_aliquot_maf_wf.cwl,Aliquot Ensemble Somatic Variant Merging and Masking,3dd621a8745ee2b91716911604bf3f096337a9b7,
8a6d9946-9ac1-4924-9d24-f8a7e0fbcf72,MAF,"TCGA-05-4398-01A-01D-1265-08,TCGA-05-4398-10A-01D-1265-08",open,1d2d325a-9f06-4f14-9ed1-db7e3f203117.wxs.aliquot_ensemble_masked.maf.gz,d588de02-f349-4e93-ad99-baac506d4cb5,Simple Nucleotide Variation,masked_somatic_mutation,Illumina,235407,2022-08-01T16:47:21.225041-05:00,1df85098c8481b563d42f01fcf77936f,2024-07-31T06:37:01.079503-05:00,8a6d9946-9ac1-4924-9d24-f8a7e0fbcf72,Masked Somatic Mutation,released,WXS,2,35.0 - 46.0,TCGA-LUAD,a3a587c1-2cf2-4a96-b5f0-015ba907d3e7,released,1d2d325a-9f06-4f14-9ed1-db7e3f203117,https://github.com/NCI-GDC/aliquot-maf-cwl/blob/3dd621a8745ee2b91716911604bf3f096337a9b7/ensemble_aliquot_maf/ensemble_aliquot_maf_wf.cwl,Aliquot Ensemble Somatic Variant Merging and Masking,3dd621a8745ee2b91716911604bf3f096337a9b7,
5cf7ffbe-9065-4f37-a1ca-b5df87434265,MAF,"TCGA-55-A4DF-01A-11D-A24D-08,TCGA-55-A4DF-10A-01D-A24F-08",open,061b49bc-0a5e-4801-bfaf-88ca7231feef.wxs.aliquot_ensemble_masked.maf.gz,55e05168-9d19-453b-bad4-184e7456c54a,Simple Nucleotide Variation,masked_somatic_mutation,Illumina,265659,2022-08-01T17:02:51.097626-05:00,b045ecb343045e48b45110eb7cd6731d,2024-07-31T06:37:48.616380-05:00,5cf7ffbe-9065-4f37-a1ca-b5df87434265,Masked Somatic Mutation,released,WXS,2,35.0 - 46.0,TCGA-LUAD,d17b9bc1-e6ad-4440-a919-4ae9a450fedf,released,061b49bc-0a5e-4801-bfaf-88ca7231feef,https://github.com/NCI-GDC/aliquot-maf-cwl/blob/3dd621a8745ee2b91716911604bf3f096337a9b7/ensemble_aliquot_maf/ensemble_aliquot_maf_wf.cwl,Aliquot Ensemble Somatic Variant Merging and Masking,3dd621a8745ee2b91716911604bf3f096337a9b7,
76dce8cc-38ff-4ddf-8272-0e405d82f63a,MAF,"TCGA-05-4430-01A-02D-1265-08,TCGA-05-4430-10A-01D-1265-08",open,704a5661-837d-4d33-9c3f-aab8c05b7967.wxs.aliquot_ensemble_masked.maf.gz,d668f717-99d2-4dd5-a31e-4c55f9ae3971,Simple Nucleotide Variation,masked_somatic_mutation,Illumina,88915,2022-08-01T17:05:30.258818-05:00,8fda587c170c1e52dcb32d44cfca6d4b,2024-07-31T06:33:27.314092-05:00,76dce8cc-38ff-4ddf-8272-0e405d82f63a,Masked Somatic Mutation,released,WXS,2,35.0 - 46.0,TCGA-LUAD,24d68ba3-4bf5-483d-8a62-2dde78f24221,released,704a5661-837d-4d33-9c3f-aab8c05b7967,https://github.com/NCI-GDC/aliquot-maf-cwl/blob/3dd621a8745ee2b91716911604bf3f096337a9b7/ensemble_aliquot_maf/ensemble_aliquot_maf_wf.cwl,Aliquot Ensemble Somatic Variant Merging and Masking,3dd621a8745ee2b91716911604bf3f096337a9b7,
fd818188-0e89-4961-ac1a-e4e490746d17,MAF,"TCGA-44-6775-01C-02D-A271-08,TCGA-44-6775-10A-01D-1855-08",open,6646a893-e711-476f-96f3-461c8045aaf5.wxs.aliquot_ensemble_masked.maf.gz,c4c1d222-2057-4ae9-b2cf-68bfb931c037,Simple Nucleotide Variation,masked_somatic_mutation,Illumina,20864,2022-08-01T16:39:34.881339-05:00,48db16bd5486a5bca3fd730c68a7f45c,2024-07-31T06:28:51.966892-05:00,fd818188-0e89-4961-ac1a-e4e490746d17,Masked Somatic Mutation,released,WXS,2,35.0 - 46.0,TCGA-LUAD,7dc78622-b31c-4fd4-855d-ca3ee45c570e,released,6646a893-e711-476f-96f3-461c8045aaf5,https://github.com/NCI-GDC/aliquot-maf-cwl/blob/3dd621a8745ee2b91716911604bf3f096337a9b7/ensemble_aliquot_maf/ensemble_aliquot_maf_wf.cwl,Aliquot Ensemble Somatic Variant Merging and Masking,3dd621a8745ee2b91716911604bf3f096337a9b7,
f1b5c106-1005-4566-9333-73a15d148823,MAF,"TCGA-95-A4VN-01A-11D-A25L-08,TCGA-95-A4VN-10A-01D-A25L-08",open,bb79aaa7-4bdb-4a97-ab9a-5f8703101bc9.wxs.aliquot_ensemble_masked.maf.gz,de4841cb-f180-46d5-952e-803d7bd65f12,Simple Nucleotide Variation,masked_somatic_mutation,Illumina,152840,2022-08-01T16:46:14.706880-05:00,3402e8220bb592cac8f9cf62d8b8ca22,2024-07-31T06:28:22.024991-05:00,f1b5c106-1005-4566-9333-73a15d148823,Masked Somatic Mutation,released,WXS,2,35.0 - 46.0,TCGA-LUAD,ca9b6fb9-9ee3-4bf8-8080-722ab1aaa1fa,released,bb79aaa7-4bdb-4a97-ab9a-5f8703101bc9,https://github.com/NCI-GDC/aliquot-maf-cwl/blob/3dd621a8745ee2b91716911604bf3f096337a9b7/ensemble_aliquot_maf/ensemble_aliquot_maf_wf.cwl,Aliquot Ensemble Somatic Variant Merging and Masking,3dd621a8745ee2b91716911604bf3f096337a9b7,
eaba4756-5b04-49d8-be3d-b9b9fea147cb,MAF,"TCGA-95-7567-01A-11D-2063-08,TCGA-95-7567-10A-01D-2063-08",open,04b06599-0300-4e8e-bffb-72cf5825791d.wxs.aliquot_ensemble_masked.maf.gz,bcd3acf6-b398-4dab-90ef-a77fb5c387c9,Simple Nucleotide Variation,masked_somatic_mutation,Illumina,309594,2022-08-01T16:59:34.067529-05:00,f8fbd04f7e0a431f84a0dfd032934e0d,2024-07-31T06:28:34.285125-05:00,eaba4756-5b04-49d8-be3d-b9b9fea147cb,Masked Somatic Mutation,released,WXS,2,35.0 - 46.0,TCGA-LUAD,068a52a8-2682-4f5c-b687-66c21cde4e51,released,04b06599-0300-4e8e-bffb-72cf5825791d,https://github.com/NCI-GDC/aliquot-maf-cwl/blob/3dd621a8745ee2b91716911604bf3f096337a9b7/ensemble_aliquot_maf/ensemble_aliquot_maf_wf.cwl,Aliquot Ensemble Somatic Variant Merging and Masking,3dd621a8745ee2b91716911604bf3f096337a9b7,
ed2b0997-51ad-44b3-b865-9872bbdfeaac,MAF,"TCGA-44-3396-01A-01D-1553-08,TCGA-44-3396-10A-01D-1265-08",open,42cc08c5-3e5b-415f-af35-0643fcb9329e.wxs.aliquot_ensemble_masked.maf.gz,15d2675b-c51a-4cf1-a7b5-64cb5cf79554,Simple Nucleotide Variation,masked_somatic_mutation,Illumina,68984,2022-08-01T16:47:53.702313-05:00,d50cc131618a1ecfcde95b82ae590ec5,2024-07-31T06:28:20.767288-05:00,ed2b0997-51ad-44b3-b865-9872bbdfeaac,Masked Somatic Mutation,released,WXS,2,35.0 - 46.0,TCGA-LUAD,835890c4-2d68-4756-9547-c139f2fca0ed,released,42cc08c5-3e5b-415f-af35-0643fcb9329e,https://github.com/NCI-GDC/aliquot-maf-cwl/blob/3dd621a8745ee2b91716911604bf3f096337a9b7/ensemble_aliquot_maf/ensemble_aliquot_maf_wf.cwl,Aliquot Ensemble Somatic Variant Merging and Masking,3dd621a8745ee2b91716911604bf3f096337a9b7,
08072e4f-0861-4fc6-90d2-21624660541f,MAF,"TCGA-44-6775-01A-11D-1855-08,TCGA-44-6775-10A-01D-1855-08",open,8d4a338a-70c1-4f6a-afaf-c0ccc7493315.wxs.aliquot_ensemble_masked.maf.gz,fdd1b11a-d73a-43a0-815c-0ff8cfd44685,Simple Nucleotide Variation,masked_somatic_mutation,Illumina,25965,2022-08-01T16:53:43.344524-05:00,582fdbecca546f704289de56965a2f1a,2024-07-31T02:29:21.313493-05:00,08072e4f-0861-4fc6-90d2-21624660541f,Masked Somatic Mutation,released,WXS,2,35.0 - 46.0,TCGA-LUAD,22e12bf6-1c26-40e3-b2a7-17d7de1205f5,released,8d4a338a-70c1-4f6a-afaf-c0ccc7493315,https://github.com/NCI-GDC/aliquot-maf-cwl/blob/3dd621a8745ee2b91716911604bf3f096337a9b7/ensemble_aliquot_maf/ensemble_aliquot_maf_wf.cwl,Aliquot Ensemble Somatic Variant Merging and Masking,3dd621a8745ee2b91716911604bf3f096337a9b7,
010ba621-7ec1-452e-9115-b7ec5f9b37d2,MAF,"TCGA-MP-A4T7-01A-11D-A24P-08,TCGA-MP-A4T7-10A-01D-A24P-08",open,45f13e24-9fba-4f78-a0ce-7da6b2b852f6.wxs.aliquot_ensemble_masked.maf.gz,78354bf9-da10-4c8d-b713-47b1b82b217e,Simple Nucleotide Variation,masked_somatic_mutation,Illumina,49168,2022-08-01T16:51:06.325591-05:00,de1ba1b2da4c87fbf68ada80418356ac,2024-07-31T06:26:18.385664-05:00,010ba621-7ec1-452e-9115-b7ec5f9b37d2,Masked Somatic Mutation,released,WXS,2,35.0 - 46.0,TCGA-LUAD,54ac8ef6-710b-4fd1-beae-d00014f6ac16,released,45f13e24-9fba-4f78-a0ce-7da6b2b852f6,https://github.com/NCI-GDC/aliquot-maf-cwl/blob/3dd621a8745ee2b91716911604bf3f096337a9b7/ensemble_aliquot_maf/ensemble_aliquot_maf_wf.cwl,Aliquot Ensemble Somatic Variant Merging and Masking,3dd621a8745ee2b91716911604bf3f096337a9b7,
afe8896f-ed8a-4c9a-972a-2b2b85afd56c,MAF,"TCGA-86-8056-01A-11D-2238-08,TCGA-86-8056-10A-01D-2238-08",open,95ed9546-4bd8-4b48-b664-1e38829b23e3.wxs.aliquot_ensemble_masked.maf.gz,2f459296-406c-4e7d-8a6e-8090321b49ce,Simple Nucleotide Variation,masked_somatic_mutation,Illumina,98797,2022-08-01T17:05:35.732718-05:00,38d01ab5c94867a03c1021e289f6ed13,2024-07-31T06:37:45.666158-05:00,afe8896f-ed8a-4c9a-972a-2b2b85afd56c,Masked Somatic Mutation,released,WXS,2,35.0 - 46.0,TCGA-LUAD,66e75d80-abbf-4314-be88-8ade707f8993,released,95ed9546-4bd8-4b48-b664-1e38829b23e3,https://github.com/NCI-GDC/aliquot-maf-cwl/blob/3dd621a8745ee2b91716911604bf3f096337a9b7/ensemble_aliquot_maf/ensemble_aliquot_maf_wf.cwl,Aliquot Ensemble Somatic Variant Merging and Masking,3dd621a8745ee2b91716911604bf3f096337a9b7,
854db6d2-83a0-4c8a-9223-d955b6390f9f,MAF,"TCGA-49-AAR9-01A-21D-A410-08,TCGA-49-AAR9-11A-11D-A413-08",open,c93bff7d-fd6e-4ca5-b513-77c5b780e314.wxs.aliquot_ensemble_masked.maf.gz,6466091a-32ae-4257-a610-7c0ee54e69f2,Simple Nucleotide Variation,masked_somatic_mutation,Illumina,215078,2022-08-01T16:40:17.188798-05:00,13e2ecc42c4d6fa553892625973689d4,2024-07-31T06:32:38.697446-05:00,854db6d2-83a0-4c8a-9223-d955b6390f9f,Masked Somatic Mutation,released,WXS,2,35.0 - 46.0,TCGA-LUAD,f5ed9f98-fcc2-4b75-bd4d-ee92fbe2eecb,released,c93bff7d-fd6e-4ca5-b513-77c5b780e314,https://github.com/NCI-GDC/aliquot-maf-cwl/blob/3dd621a8745ee2b91716911604bf3f096337a9b7/ensemble_aliquot_maf/ensemble_aliquot_maf_wf.cwl,Aliquot Ensemble Somatic Variant Merging and Masking,3dd621a8745ee2b91716911604bf3f096337a9b7,
5877a051-fc2f-4e02-b49b-b32ad032f948,MAF,"TCGA-J2-8192-01A-11D-2238-08,TCGA-J2-8192-10A-01D-2238-08",open,ecae4d1a-76a0-40a8-9f83-ec7412f89fe5.wxs.aliquot_ensemble_masked.maf.gz,1efc790c-bfa7-4c5d-a1c4-87553ae14a1e,Simple Nucleotide Variation,masked_somatic_mutation,Illumina,29812,2022-08-01T16:51:21.174582-05:00,3a081148461c7bbe082630932f53e42c,2024-07-31T06:35:41.641093-05:00,5877a051-fc2f-4e02-b49b-b32ad032f948,Masked Somatic Mutation,released,WXS,2,35.0 - 46.0,TCGA-LUAD,7bdeff99-a967-45cd-baf4-3bcb7d169f08,released,ecae4d1a-76a0-40a8-9f83-ec7412f89fe5,https://github.com/NCI-GDC/aliquot-maf-cwl/blob/3dd621a8745ee2b91716911604bf3f096337a9b7/ensemble_aliquot_maf/ensemble_aliquot_maf_wf.cwl,Aliquot Ensemble Somatic Variant Merging and Masking,3dd621a8745ee2b91716911604bf3f096337a9b7,
49670ab9-80b8-4ad1-bec3-5c591342abda,MAF,"TCGA-80-5611-01A-01D-1625-08,TCGA-80-5611-10A-01D-1625-08",open,58529771-2790-474a-8705-17d544e16999.wxs.aliquot_ensemble_masked.maf.gz,73ecfc70-738d-4049-8cac-264c8a12db3a,Simple Nucleotide Variation,masked_somatic_mutation,Illumina,68782,2022-08-01T16:47:16.505761-05:00,6c7293e5426281b7c30edd55096781b6,2024-07-31T06:36:28.862836-05:00,49670ab9-80b8-4ad1-bec3-5c591342abda,Masked Somatic Mutation,released,WXS,2,35.0 - 46.0,TCGA-LUAD,b3bc05af-c60d-4840-96a0-deea9353a9d1,released,58529771-2790-474a-8705-17d544e16999,https://github.com/NCI-GDC/aliquot-maf-cwl/blob/3dd621a8745ee2b91716911604bf3f096337a9b7/ensemble_aliquot_maf/ensemble_aliquot_maf_wf.cwl,Aliquot Ensemble Somatic Variant Merging and Masking,3dd621a8745ee2b91716911604bf3f096337a9b7,
78e931f1-010b-4321-9b21-f60fa0f95f06,MAF,"TCGA-55-7227-01A-11D-2036-08,TCGA-55-7227-10A-01D-2036-08",open,0bfa896a-57ec-4fa5-adc4-bc78c3478ed7.wxs.aliquot_ensemble_masked.maf.gz,1df46fcc-7893-424d-ab21-efd5cad001e4,Simple Nucleotide Variation,masked_somatic_mutation,Illumina,60072,2022-08-01T17:00:49.256747-05:00,0713a9cd820e696d90c574ca6391ea85,2024-07-31T06:30:02.242636-05:00,78e931f1-010b-4321-9b21-f60fa0f95f06,Masked Somatic Mutation,released,WXS,2,35.0 - 46.0,TCGA-LUAD,b97588ca-3a00-40c0-bae5-f410e0e2d999,released,0bfa896a-57ec-4fa5-adc4-bc78c3478ed7,https://github.com/NCI-GDC/aliquot-maf-cwl/blob/3dd621a8745ee2b91716911604bf3f096337a9b7/ensemble_aliquot_maf/ensemble_aliquot_maf_wf.cwl,Aliquot Ensemble Somatic Variant Merging and Masking,3dd621a8745ee2b91716911604bf3f096337a9b7,
4715acb3-753d-4406-894b-ad2c09f0ef17,MAF,"TCGA-91-8497-01A-11D-2393-08,TCGA-91-8497-10A-01D-2393-08",open,b7164f90-cccb-4cdc-8f7d-b728d923953f.wxs.aliquot_ensemble_masked.maf.gz,00b29266-b2f7-4519-9ce6-ce313198e391,Simple Nucleotide Variation,masked_somatic_mutation,Illumina,16549,2022-08-01T16:45:08.016813-05:00,17fbab23020e987777c5ee32378b0351,2024-07-31T06:24:59.307276-05:00,4715acb3-753d-4406-894b-ad2c09f0ef17,Masked Somatic Mutation,released,WXS,2,35.0 - 46.0,TCGA-LUAD,dc026ec5-65c1-4074-944c-c34f26bbb4d2,released,b7164f90-cccb-4cdc-8f7d-b728d923953f,https://github.com/NCI-GDC/aliquot-maf-cwl/blob/3dd621a8745ee2b91716911604bf3f096337a9b7/ensemble_aliquot_maf/ensemble_aliquot_maf_wf.cwl,Aliquot Ensemble Somatic Variant Merging and Masking,3dd621a8745ee2b91716911604bf3f096337a9b7,
b9e60d1f-e1a5-4afd-bb85-8d7586646e45,MAF,"TCGA-75-6207-01A-11D-1753-08,TCGA-75-6207-10A-01D-1753-08",open,10fd9e5a-9730-4ca1-a470-35eba9903ab7.wxs.aliquot_ensemble_masked.maf.gz,d7c331c8-f7c2-40d1-9ddb-f93730920be7,Simple Nucleotide Variation,masked_somatic_mutation,Illumina,23300,2022-08-01T17:04:47.558210-05:00,b713ed914ceae37727f22308c46d2744,2024-07-31T06:38:36.427853-05:00,b9e60d1f-e1a5-4afd-bb85-8d7586646e45,Masked Somatic Mutation,released,WXS,2,35.0 - 46.0,TCGA-LUAD,970fd8c6-06e1-4cd1-a3a1-f2635eb9360e,released,10fd9e5a-9730-4ca1-a470-35eba9903ab7,https://github.com/NCI-GDC/aliquot-maf-cwl/blob/3dd621a8745ee2b91716911604bf3f096337a9b7/ensemble_aliquot_maf/ensemble_aliquot_maf_wf.cwl,Aliquot Ensemble Somatic Variant Merging and Masking,3dd621a8745ee2b91716911604bf3f096337a9b7,
ead57400-bbc8-43f7-9738-96408fccbc36,MAF,"TCGA-17-Z052-01A-01W-0747-08,TCGA-17-Z052-11A-01W-0747-08",open,ec4ae919-52e3-41d2-9d32-666464c26fb3.wxs.aliquot_ensemble_masked.maf.gz,6bf23a83-1562-460d-a771-057b89ddb984,Simple Nucleotide Variation,masked_somatic_mutation,Illumina,38085,2022-08-01T17:03:18.151303-05:00,bb4ed7206af5e4bce05dfcee374822be,2024-07-31T06:37:20.729842-05:00,ead57400-bbc8-43f7-9738-96408fccbc36,Masked Somatic Mutation,released,WXS,2,35.0 - 46.0,TCGA-LUAD,25c37e24-6ad3-454c-b66e-062264dca7ef,released,ec4ae919-52e3-41d2-9d32-666464c26fb3,https://github.com/NCI-GDC/aliquot-maf-cwl/blob/3dd621a8745ee2b91716911604bf3f096337a9b7/ensemble_aliquot_maf/ensemble_aliquot_maf_wf.cwl,Aliquot Ensemble Somatic Variant Merging and Masking,3dd621a8745ee2b91716911604bf3f096337a9b7,
5eb83ba5-23cf-4a7e-b674-00191ffd8a8e,MAF,"TCGA-50-5068-01A-01D-1625-08,TCGA-50-5068-10A-01D-1625-08",open,d29ef000-c302-4c1f-9f2d-8d95c9fff74e.wxs.aliquot_ensemble_masked.maf.gz,ba2ea885-f4a0-40cd-b36c-e8b4bafdbb27,Simple Nucleotide Variation,masked_somatic_mutation,Illumina,33185,2022-08-01T16:45:49.118816-05:00,3e5a42f0c0052b3a7d92442f0b726c7f,2024-07-31T06:35:08.003744-05:00,5eb83ba5-23cf-4a7e-b674-00191ffd8a8e,Masked Somatic Mutation,released,WXS,2,35.0 - 46.0,TCGA-LUAD,7ee247ea-7e32-4445-a164-8a16e423bba2,released,d29ef000-c302-4c1f-9f2d-8d95c9fff74e,https://github.com/NCI-GDC/aliquot-maf-cwl/blob/3dd621a8745ee2b91716911604bf3f096337a9b7/ensemble_aliquot_maf/ensemble_aliquot_maf_wf.cwl,Aliquot Ensemble Somatic Variant Merging and Masking,3dd621a8745ee2b91716911604bf3f096337a9b7,
355df740-8958-4df9-a492-a76be0f9dd41,MAF,"TCGA-05-4424-01A-22D-1855-08,TCGA-05-4424-10A-01D-1855-08",open,77852d43-b95d-4ba2-a901-f29ac0515558.wxs.aliquot_ensemble_masked.maf.gz,6fd77ee0-7a14-498c-858f-16678de54528,Simple Nucleotide Variation,masked_somatic_mutation,Illumina,220764,2022-08-01T16:47:37.645059-05:00,0aebe2bce8b8c7177316e6999ed2cc0d,2024-07-31T06:36:33.182791-05:00,355df740-8958-4df9-a492-a76be0f9dd41,Masked Somatic Mutation,released,WXS,2,35.0 - 46.0,TCGA-LUAD,43d138ed-b46d-4b01-896e-27746bfc5f32,released,77852d43-b95d-4ba2-a901-f29ac0515558,https://github.com/NCI-GDC/aliquot-maf-cwl/blob/3dd621a8745ee2b91716911604bf3f096337a9b7/ensemble_aliquot_maf/ensemble_aliquot_maf_wf.cwl,Aliquot Ensemble Somatic Variant Merging and Masking,3dd621a8745ee2b91716911604bf3f096337a9b7,
aabe0340-0c7d-46ca-9a14-70b80e767002,MAF,"TCGA-17-Z045-01A-01W-0746-08,TCGA-17-Z045-11A-01W-0747-08",open,f73645ec-c107-452c-877d-410d70abb203.wxs.aliquot_ensemble_masked.maf.gz,85526294-f8ef-4338-85dc-2c541552fb2c,Simple Nucleotide Variation,masked_somatic_mutation,Illumina,217582,2022-08-01T16:58:30.887569-05:00,e251db518031d57560cb3cccc375700c,2024-07-31T06:38:44.766501-05:00,aabe0340-0c7d-46ca-9a14-70b80e767002,Masked Somatic Mutation,released,WXS,2,35.0 - 46.0,TCGA-LUAD,ce081f80-04b1-4528-a1b4-58b2288f5733,released,f73645ec-c107-452c-877d-410d70abb203,https://github.com/NCI-GDC/aliquot-maf-cwl/blob/3dd621a8745ee2b91716911604bf3f096337a9b7/ensemble_aliquot_maf/ensemble_aliquot_maf_wf.cwl,Aliquot Ensemble Somatic Variant Merging and Masking,3dd621a8745ee2b91716911604bf3f096337a9b7,
1aac5e55-a31c-4088-950f-9a5ef25c2ad8,MAF,"TCGA-17-Z036-01A-01W-0746-08,TCGA-17-Z036-11A-01W-0746-08",open,2c7140ef-b956-443a-bc92-ced7dadd9a9c.wxs.aliquot_ensemble_masked.maf.gz,9ade57ac-681c-49eb-a16c-eef506420c6d,Simple Nucleotide Variation,masked_somatic_mutation,Illumina,30403,2022-08-01T16:38:18.935981-05:00,c460f395e8c71500f2623cd89f696828,2024-07-31T06:30:34.254225-05:00,1aac5e55-a31c-4088-950f-9a5ef25c2ad8,Masked Somatic Mutation,released,WXS,2,35.0 - 46.0,TCGA-LUAD,628ba943-597f-49f6-8eed-5bc78eab4619,released,2c7140ef-b956-443a-bc92-ced7dadd9a9c,https://github.com/NCI-GDC/aliquot-maf-cwl/blob/3dd621a8745ee2b91716911604bf3f096337a9b7/ensemble_aliquot_maf/ensemble_aliquot_maf_wf.cwl,Aliquot Ensemble Somatic Variant Merging and Masking,3dd621a8745ee2b91716911604bf3f096337a9b7,
7d7063a3-af4b-48bf-b6ac-d1221d7ca1d4,MAF,"TCGA-35-5375-01A-01D-1625-08,TCGA-35-5375-10A-01D-1625-08",open,148d11f3-a276-4c00-a261-767cf195309c.wxs.aliquot_ensemble_masked.maf.gz,9141093d-d1b3-4273-b593-3ea9767e8881,Simple Nucleotide Variation,masked_somatic_mutation,Illumina,141122,2022-08-01T17:04:07.848504-05:00,34a08d4b116d816e73f5c044c95556cd,2024-07-31T06:34:25.598318-05:00,7d7063a3-af4b-48bf-b6ac-d1221d7ca1d4,Masked Somatic Mutation,released,WXS,2,35.0 - 46.0,TCGA-LUAD,37356bdc-90e9-408e-bcde-36dc40338494,released,148d11f3-a276-4c00-a261-767cf195309c,https://github.com/NCI-GDC/aliquot-maf-cwl/blob/3dd621a8745ee2b91716911604bf3f096337a9b7/ensemble_aliquot_maf/ensemble_aliquot_maf_wf.cwl,Aliquot Ensemble Somatic Variant Merging and Masking,3dd621a8745ee2b91716911604bf3f096337a9b7,
32b0df94-fc9d-4a51-b207-37c844f4e931,MAF,"TCGA-78-7537-01A-11D-2063-08,TCGA-78-7537-10A-01D-2063-08",open,3a2e1f32-0d07-45f5-8567-f6310bdfd9d3.wxs.aliquot_ensemble_masked.maf.gz,de895604-e0da-4dd8-97ba-c7f18b65d3ed,Simple Nucleotide Variation,masked_somatic_mutation,Illumina,49747,2022-08-01T16:54:11.261586-05:00,1e21b81bfa32d9b3f61b6a0033f06d0e,2024-07-31T06:34:00.006815-05:00,32b0df94-fc9d-4a51-b207-37c844f4e931,Masked Somatic Mutation,released,WXS,2,35.0 - 46.0,TCGA-LUAD,2cfeaca1-bab2-4ec3-bf29-b2b6030e0dbb,released,3a2e1f32-0d07-45f5-8567-f6310bdfd9d3,https://github.com/NCI-GDC/aliquot-maf-cwl/blob/3dd621a8745ee2b91716911604bf3f096337a9b7/ensemble_aliquot_maf/ensemble_aliquot_maf_wf.cwl,Aliquot Ensemble Somatic Variant Merging and Masking,3dd621a8745ee2b91716911604bf3f096337a9b7,
9f05891b-cb21-4eed-8029-6e1e3e0407df,MAF,"TCGA-MP-A4SV-01A-11D-A24P-08,TCGA-MP-A4SV-10A-01D-A24P-08",open,84ecfc5d-2c5e-4891-82d2-d984ad9d509b.wxs.aliquot_ensemble_masked.maf.gz,bba41437-416e-45e5-a913-7df7dec56b62,Simple Nucleotide Variation,masked_somatic_mutation,Illumina,112030,2022-08-01T16:53:20.493087-05:00,005dc5d6ef27790ea7ed301c9ce0149d,2024-07-31T06:30:05.407885-05:00,9f05891b-cb21-4eed-8029-6e1e3e0407df,Masked Somatic Mutation,released,WXS,2,35.0 - 46.0,TCGA-LUAD,5955c29e-25cf-4d62-81fe-8f94c29a4a66,released,84ecfc5d-2c5e-4891-82d2-d984ad9d509b,https://github.com/NCI-GDC/aliquot-maf-cwl/blob/3dd621a8745ee2b91716911604bf3f096337a9b7/ensemble_aliquot_maf/ensemble_aliquot_maf_wf.cwl,Aliquot Ensemble Somatic Variant Merging and Masking,3dd621a8745ee2b91716911604bf3f096337a9b7,
715bb9b5-0819-4e8e-9efe-f38e24d9f142,MAF,"TCGA-91-8496-01A-11D-2393-08,TCGA-91-8496-10A-01D-2393-08",open,a508d3c7-72da-4149-84a0-292da3558fb8.wxs.aliquot_ensemble_masked.maf.gz,06a44cf8-33ae-4d7e-866f-ec0c3af00faa,Simple Nucleotide Variation,masked_somatic_mutation,Illumina,12854,2022-08-01T16:51:00.044600-05:00,54f0ea2403aae3e47b5193c06128273e,2024-07-31T06:30:54.389219-05:00,715bb9b5-0819-4e8e-9efe-f38e24d9f142,Masked Somatic Mutation,released,WXS,2,35.0 - 46.0,TCGA-LUAD,6ea4abe7-8f0a-458c-a848-df94a8f336c0,released,a508d3c7-72da-4149-84a0-292da3558fb8,https://github.com/NCI-GDC/aliquot-maf-cwl/blob/3dd621a8745ee2b91716911604bf3f096337a9b7/ensemble_aliquot_maf/ensemble_aliquot_maf_wf.cwl,Aliquot Ensemble Somatic Variant Merging and Masking,3dd621a8745ee2b91716911604bf3f096337a9b7,
4306ab9b-e5b6-44b7-a1d1-0e83703582bb,MAF,"TCGA-44-4112-01A-01D-A271-08,TCGA-44-4112-10A-01D-1458-08",open,c9c2b011-b8a1-4247-adca-4e9578cc52ec.wxs.aliquot_ensemble_masked.maf.gz,2bd74733-59e9-4ee7-afd2-ff82f839a05c,Simple Nucleotide Variation,masked_somatic_mutation,Illumina,141808,2022-08-01T16:51:32.583297-05:00,7274fe5854041a545f18406e2fde1145,2024-07-31T06:25:22.460368-05:00,4306ab9b-e5b6-44b7-a1d1-0e83703582bb,Masked Somatic Mutation,released,WXS,2,35.0 - 46.0,TCGA-LUAD,ae443006-e219-426c-ad6b-0818bb42df4d,released,c9c2b011-b8a1-4247-adca-4e9578cc52ec,https://github.com/NCI-GDC/aliquot-maf-cwl/blob/3dd621a8745ee2b91716911604bf3f096337a9b7/ensemble_aliquot_maf/ensemble_aliquot_maf_wf.cwl,Aliquot Ensemble Somatic Variant Merging and Masking,3dd621a8745ee2b91716911604bf3f096337a9b7,
f81ec158-a3c2-4ec6-bc47-5bb39e297ad9,MAF,"TCGA-55-7281-01A-11D-2036-08,TCGA-55-7281-10A-01D-2036-08",open,44401e97-e401-47ae-85ed-611e462497e1.wxs.aliquot_ensemble_masked.maf.gz,94d20190-9f67-423a-ad1f-abb263806c1b,Simple Nucleotide Variation,masked_somatic_mutation,Illumina,153092,2022-08-01T16:56:22.943816-05:00,831e6b61fc3e0994cc569c78727c7d2b,2024-07-31T06:28:23.466308-05:00,f81ec158-a3c2-4ec6-bc47-5bb39e297ad9,Masked Somatic Mutation,released,WXS,2,35.0 - 46.0,TCGA-LUAD,135a56c5-6d68-42b5-9ede-f71d23bd0afc,released,44401e97-e401-47ae-85ed-611e462497e1,https://github.com/NCI-GDC/aliquot-maf-cwl/blob/3dd621a8745ee2b91716911604bf3f096337a9b7/ensemble_aliquot_maf/ensemble_aliquot_maf_wf.cwl,Aliquot Ensemble Somatic Variant Merging and Masking,3dd621a8745ee2b91716911604bf3f096337a9b7,
e955024b-d48c-4b1b-9202-f91d85e605be,MAF,"TCGA-44-4112-01A-22D-A27T-08,TCGA-44-4112-10A-01D-1458-08",open,452251e8-b4b1-44d7-a327-51e5e47edcec.wxs.aliquot_ensemble_masked.maf.gz,e32cb56d-7d2b-4c4a-bb00-a5ec4b71d0ae,Simple Nucleotide Variation,masked_somatic_mutation,Illumina,150131,2022-08-01T16:52:11.445519-05:00,4a56dd0ea0c8bf39d517ad4a3fb8f281,2024-07-31T06:28:19.436378-05:00,e955024b-d48c-4b1b-9202-f91d85e605be,Masked Somatic Mutation,released,WXS,2,35.0 - 46.0,TCGA-LUAD,be367a20-5387-40aa-a4c2-df31af5b5da0,released,452251e8-b4b1-44d7-a327-51e5e47edcec,https://github.com/NCI-GDC/aliquot-maf-cwl/blob/3dd621a8745ee2b91716911604bf3f096337a9b7/ensemble_aliquot_maf/ensemble_aliquot_maf_wf.cwl,Aliquot Ensemble Somatic Variant Merging and Masking,3dd621a8745ee2b91716911604bf3f096337a9b7,
7e386d75-2dbc-4138-b3b0-106776179898,MAF,"TCGA-69-7761-01A-11D-2167-08,TCGA-69-7761-10A-01D-2167-08",open,33dc49d5-7334-4a38-9c77-7fe22e60813b.wxs.aliquot_ensemble_masked.maf.gz,a10e4b53-92aa-470f-a9d3-f25ae4f3b50c,Simple Nucleotide Variation,masked_somatic_mutation,Illumina,13136,2022-08-01T17:04:40.163830-05:00,0b0c0fb308e738709552b4453d922c95,2024-07-31T06:37:25.007160-05:00,7e386d75-2dbc-4138-b3b0-106776179898,Masked Somatic Mutation,released,WXS,2,35.0 - 46.0,TCGA-LUAD,64e5082f-495f-4ead-aecc-ba428f5cf516,released,33dc49d5-7334-4a38-9c77-7fe22e60813b,https://github.com/NCI-GDC/aliquot-maf-cwl/blob/3dd621a8745ee2b91716911604bf3f096337a9b7/ensemble_aliquot_maf/ensemble_aliquot_maf_wf.cwl,Aliquot Ensemble Somatic Variant Merging and Masking,3dd621a8745ee2b91716911604bf3f096337a9b7,
c77feefa-358b-4a23-abeb-91d3f743f19f,MAF,"TCGA-17-Z059-01A-01W-0747-08,TCGA-17-Z059-11A-01W-0747-08",open,8726c740-3208-42f5-82b8-fa292a1f2846.wxs.aliquot_ensemble_masked.maf.gz,bcb08e90-4d3e-4420-830f-5145fb18e9b9,Simple Nucleotide Variation,masked_somatic_mutation,Illumina,52909,2022-08-01T16:50:54.225003-05:00,b94530d331a05f88ec4d3c295d08171b,2024-07-31T06:36:23.536363-05:00,c77feefa-358b-4a23-abeb-91d3f743f19f,Masked Somatic Mutation,released,WXS,2,35.0 - 46.0,TCGA-LUAD,76029685-647b-4de8-811b-8bec4339d646,released,8726c740-3208-42f5-82b8-fa292a1f2846,https://github.com/NCI-GDC/aliquot-maf-cwl/blob/3dd621a8745ee2b91716911604bf3f096337a9b7/ensemble_aliquot_maf/ensemble_aliquot_maf_wf.cwl,Aliquot Ensemble Somatic Variant Merging and Masking,3dd621a8745ee2b91716911604bf3f096337a9b7,
b20b84a2-0052-435c-ac00-74300e76519d,MAF,"TCGA-55-7903-01A-11D-2167-08,TCGA-55-7903-10A-01D-2167-08",open,97cf780a-4074-4cbe-ba26-46ee2e6fbbe8.wxs.aliquot_ensemble_masked.maf.gz,aa51f46f-d2a0-439d-bfcb-da423bd28f0f,Simple Nucleotide Variation,masked_somatic_mutation,Illumina,59010,2022-08-01T16:38:56.480379-05:00,da66c6d67f7b99625b270e0faaf863e5,2024-07-31T06:27:24.743134-05:00,b20b84a2-0052-435c-ac00-74300e76519d,Masked Somatic Mutation,released,WXS,2,35.0 - 46.0,TCGA-LUAD,f9bf360c-3240-4733-95e5-19be59ad9cc9,released,97cf780a-4074-4cbe-ba26-46ee2e6fbbe8,https://github.com/NCI-GDC/aliquot-maf-cwl/blob/3dd621a8745ee2b91716911604bf3f096337a9b7/ensemble_aliquot_maf/ensemble_aliquot_maf_wf.cwl,Aliquot Ensemble Somatic Variant Merging and Masking,3dd621a8745ee2b91716911604bf3f096337a9b7,
e9b5f716-ee0e-46d6-a4ca-e2b9003a436a,MAF,"TCGA-49-AAR4-01A-12D-A410-08,TCGA-49-AAR4-11A-11D-A413-08",open,963ab360-a6c6-4ceb-8546-be217ff8be35.wxs.aliquot_ensemble_masked.maf.gz,1087136c-9de1-4eeb-af68-3377a1cddfb4,Simple Nucleotide Variation,masked_somatic_mutation,Illumina,175960,2022-08-01T16:56:32.467620-05:00,b0d3615ff552d310d3c8795854d93742,2024-07-31T06:38:40.480831-05:00,e9b5f716-ee0e-46d6-a4ca-e2b9003a436a,Masked Somatic Mutation,released,WXS,2,35.0 - 46.0,TCGA-LUAD,b3fa5220-db8c-4c5f-8777-bc8889ee8235,released,963ab360-a6c6-4ceb-8546-be217ff8be35,https://github.com/NCI-GDC/aliquot-maf-cwl/blob/3dd621a8745ee2b91716911604bf3f096337a9b7/ensemble_aliquot_maf/ensemble_aliquot_maf_wf.cwl,Aliquot Ensemble Somatic Variant Merging and Masking,3dd621a8745ee2b91716911604bf3f096337a9b7,
d79e33f3-cf31-4798-9278-4571536ec4c2,MAF,"TCGA-86-8359-01A-11D-2323-08,TCGA-86-8359-10A-01D-2323-08",open,856aea07-54b1-4154-9036-4bcd5cc753a7.wxs.aliquot_ensemble_masked.maf.gz,59cbe53f-081b-4d55-aabb-8f2d3cec31c8,Simple Nucleotide Variation,masked_somatic_mutation,Illumina,61901,2022-08-01T16:40:37.595877-05:00,dd454e2173ba4b90bc90f48f074909f7,2024-07-31T06:27:58.618332-05:00,d79e33f3-cf31-4798-9278-4571536ec4c2,Masked Somatic Mutation,released,WXS,2,35.0 - 46.0,TCGA-LUAD,83e881c7-40bc-40ef-9257-f557fd7c9c81,released,856aea07-54b1-4154-9036-4bcd5cc753a7,https://github.com/NCI-GDC/aliquot-maf-cwl/blob/3dd621a8745ee2b91716911604bf3f096337a9b7/ensemble_aliquot_maf/ensemble_aliquot_maf_wf.cwl,Aliquot Ensemble Somatic Variant Merging and Masking,3dd621a8745ee2b91716911604bf3f096337a9b7,
0e9ceaa9-c20f-45a1-a55e-7ef515c0b15d,MAF,"TCGA-17-Z017-01A-01W-0746-08,TCGA-17-Z017-11A-01W-0746-08",open,15daffdc-dd31-4527-abc8-0e62168e0ebd.wxs.aliquot_ensemble_masked.maf.gz,c256cd1c-be76-4ac2-becc-0e1afc9f1026,Simple Nucleotide Variation,masked_somatic_mutation,Illumina,74206,2022-08-01T17:05:28.635276-05:00,8c6606ce577a16baa1a12fe0b583fd52,2024-07-31T06:37:22.176423-05:00,0e9ceaa9-c20f-45a1-a55e-7ef515c0b15d,Masked Somatic Mutation,released,WXS,2,35.0 - 46.0,TCGA-LUAD,f9adbe84-0add-4b38-b0a3-9ee6236da0f3,released,15daffdc-dd31-4527-abc8-0e62168e0ebd,https://github.com/NCI-GDC/aliquot-maf-cwl/blob/3dd621a8745ee2b91716911604bf3f096337a9b7/ensemble_aliquot_maf/ensemble_aliquot_maf_wf.cwl,Aliquot Ensemble Somatic Variant Merging and Masking,3dd621a8745ee2b91716911604bf3f096337a9b7,
1f48e22d-25c6-4df2-82fb-3aa8748f185b,MAF,"TCGA-62-A46U-01A-11D-A24D-08,TCGA-62-A46U-10A-01D-A24F-08",open,c7439e2f-4fa6-444a-9f07-f00dab5bb121.wxs.aliquot_ensemble_masked.maf.gz,f7ad3fc1-e34d-48bd-8fd1-ea4990b000b7,Simple Nucleotide Variation,masked_somatic_mutation,Illumina,19981,2022-08-01T17:03:46.679318-05:00,3d58954ecd1e42627f4829db7777a446,2024-07-31T06:35:24.642776-05:00,1f48e22d-25c6-4df2-82fb-3aa8748f185b,Masked Somatic Mutation,released,WXS,2,35.0 - 46.0,TCGA-LUAD,f382b55d-5ae5-4496-8222-8322905674d6,released,c7439e2f-4fa6-444a-9f07-f00dab5bb121,https://github.com/NCI-GDC/aliquot-maf-cwl/blob/3dd621a8745ee2b91716911604bf3f096337a9b7/ensemble_aliquot_maf/ensemble_aliquot_maf_wf.cwl,Aliquot Ensemble Somatic Variant Merging and Masking,3dd621a8745ee2b91716911604bf3f096337a9b7,
e101ac05-6e7f-4158-9050-f60305af13f1,MAF,"TCGA-99-8032-01A-11D-2238-08,TCGA-99-8032-10A-01D-2238-08",open,62d604e0-2250-407f-99d8-ef5a858dcd9c.wxs.aliquot_ensemble_masked.maf.gz,49cbe05a-6603-4d9a-89ea-b97fc809f425,Simple Nucleotide Variation,masked_somatic_mutation,Illumina,129778,2022-08-01T16:51:47.901975-05:00,bb06972c814ad58a6d11114aaedae1b7,2024-07-31T06:31:49.146329-05:00,e101ac05-6e7f-4158-9050-f60305af13f1,Masked Somatic Mutation,released,WXS,2,35.0 - 46.0,TCGA-LUAD,ebb2a353-5b31-49b0-aded-4e0640b54a4f,released,62d604e0-2250-407f-99d8-ef5a858dcd9c,https://github.com/NCI-GDC/aliquot-maf-cwl/blob/3dd621a8745ee2b91716911604bf3f096337a9b7/ensemble_aliquot_maf/ensemble_aliquot_maf_wf.cwl,Aliquot Ensemble Somatic Variant Merging and Masking,3dd621a8745ee2b91716911604bf3f096337a9b7,
710cf1c6-2f90-4e98-a60d-721f72624425,MAF,"TCGA-78-7539-01A-11D-2063-08,TCGA-78-7539-10A-01D-2063-08",open,7e1126a7-3efb-45a7-b7c3-ccaea5687c70.wxs.aliquot_ensemble_masked.maf.gz,11658c54-e94a-47c1-ac41-9d690394afde,Simple Nucleotide Variation,masked_somatic_mutation,Illumina,172141,2022-08-01T17:03:19.628279-05:00,fa72fdedce7a7756a98b5d56c539ebe1,2024-07-31T06:25:49.964271-05:00,710cf1c6-2f90-4e98-a60d-721f72624425,Masked Somatic Mutation,released,WXS,2,35.0 - 46.0,TCGA-LUAD,51eb7845-fc63-4056-a13f-2eadddd0d3cd,released,7e1126a7-3efb-45a7-b7c3-ccaea5687c70,https://github.com/NCI-GDC/aliquot-maf-cwl/blob/3dd621a8745ee2b91716911604bf3f096337a9b7/ensemble_aliquot_maf/ensemble_aliquot_maf_wf.cwl,Aliquot Ensemble Somatic Variant Merging and Masking,3dd621a8745ee2b91716911604bf3f096337a9b7,
cecda4e0-1f1d-4df9-8acd-88eac8c53c25,MAF,"TCGA-50-7109-01A-11D-2036-08,TCGA-50-7109-11A-01D-2036-08",open,eefede70-b24c-4d61-a4c8-f2d7575f7a54.wxs.aliquot_ensemble_masked.maf.gz,7b5f5fb7-0e32-4ba1-981b-d5a7b5626d5a,Simple Nucleotide Variation,masked_somatic_mutation,Illumina,82848,2022-08-01T16:45:51.212295-05:00,4f5b54de5a4516cd995297f222c69e90,2024-07-31T06:27:19.947850-05:00,cecda4e0-1f1d-4df9-8acd-88eac8c53c25,Masked Somatic Mutation,released,WXS,2,35.0 - 46.0,TCGA-LUAD,8fe73abf-71ea-4f41-b3d9-4f056f7492ce,released,eefede70-b24c-4d61-a4c8-f2d7575f7a54,https://github.com/NCI-GDC/aliquot-maf-cwl/blob/3dd621a8745ee2b91716911604bf3f096337a9b7/ensemble_aliquot_maf/ensemble_aliquot_maf_wf.cwl,Aliquot Ensemble Somatic Variant Merging and Masking,3dd621a8745ee2b91716911604bf3f096337a9b7,
0c4b4e72-abfc-4f2c-b2d8-cfa019c0f548,MAF,"TCGA-50-5933-01A-11D-1753-08,TCGA-50-5933-11A-01D-1753-08",open,fee4c11a-1bad-4007-82c2-f707ac2c7f4b.wxs.aliquot_ensemble_masked.maf.gz,05af453e-54fd-43d2-8542-9e686651759c,Simple Nucleotide Variation,masked_somatic_mutation,Illumina,167776,2022-08-01T17:03:33.595772-05:00,bbe7a675c4f3d26f7eb2651be768cfb6,2024-07-31T06:31:50.823547-05:00,0c4b4e72-abfc-4f2c-b2d8-cfa019c0f548,Masked Somatic Mutation,released,WXS,2,35.0 - 46.0,TCGA-LUAD,306d4214-ebb9-48e8-b728-24419566c013,released,fee4c11a-1bad-4007-82c2-f707ac2c7f4b,https://github.com/NCI-GDC/aliquot-maf-cwl/blob/3dd621a8745ee2b91716911604bf3f096337a9b7/ensemble_aliquot_maf/ensemble_aliquot_maf_wf.cwl,Aliquot Ensemble Somatic Variant Merging and Masking,3dd621a8745ee2b91716911604bf3f096337a9b7,
67a6c7e0-baab-44e0-8f2f-c832a78b2add,MAF,"TCGA-44-7667-01A-31D-2063-08,TCGA-44-7667-10A-01D-2063-08",open,964b8ceb-a3d4-4896-ab7a-7f11cecf2a20.wxs.aliquot_ensemble_masked.maf.gz,14285afc-849e-481a-a926-52d836b38773,Simple Nucleotide Variation,masked_somatic_mutation,Illumina,154356,2022-08-01T16:43:28.571518-05:00,f85aea0321a32798e178955aac58fd77,2024-07-31T06:33:29.787478-05:00,67a6c7e0-baab-44e0-8f2f-c832a78b2add,Masked Somatic Mutation,released,WXS,2,35.0 - 46.0,TCGA-LUAD,2aae3957-7fa3-43b7-a7a9-7d62f9163ab8,released,964b8ceb-a3d4-4896-ab7a-7f11cecf2a20,https://github.com/NCI-GDC/aliquot-maf-cwl/blob/3dd621a8745ee2b91716911604bf3f096337a9b7/ensemble_aliquot_maf/ensemble_aliquot_maf_wf.cwl,Aliquot Ensemble Somatic Variant Merging and Masking,3dd621a8745ee2b91716911604bf3f096337a9b7,
fef0254b-58ac-4c65-b83b-d862beb6ce47,MAF,"TCGA-NJ-A4YG-01A-22D-A25L-08,TCGA-NJ-A4YG-10A-01D-A25L-08",open,31d384da-0ab2-4dd8-ac9e-cf5173df8a7a.wxs.aliquot_ensemble_masked.maf.gz,aaab9a2d-6a3a-44c2-9824-4ba279fc6867,Simple Nucleotide Variation,masked_somatic_mutation,Illumina,55532,2022-08-01T17:00:53.371611-05:00,5d709c726bd8a916ca4c6a88b8dbf1b9,2024-07-31T06:28:55.944619-05:00,fef0254b-58ac-4c65-b83b-d862beb6ce47,Masked Somatic Mutation,released,WXS,2,35.0 - 46.0,TCGA-LUAD,8a956e2d-3b39-45e1-af57-50904d334537,released,31d384da-0ab2-4dd8-ac9e-cf5173df8a7a,https://github.com/NCI-GDC/aliquot-maf-cwl/blob/3dd621a8745ee2b91716911604bf3f096337a9b7/ensemble_aliquot_maf/ensemble_aliquot_maf_wf.cwl,Aliquot Ensemble Somatic Variant Merging and Masking,3dd621a8745ee2b91716911604bf3f096337a9b7,
8c4c0cde-1001-4581-be34-e70690f2b57c,MAF,"TCGA-44-A479-01A-31D-A24D-08,TCGA-44-A479-10A-01D-A24F-08",open,b177a9fa-07e6-44f4-ae06-0c52af71d0ab.wxs.aliquot_ensemble_masked.maf.gz,f90661ff-30a2-431d-a891-1c83a317fa57,Simple Nucleotide Variation,masked_somatic_mutation,Illumina,96393,2022-08-01T16:44:10.867194-05:00,3d85541d8587204983fe065506df95e5,2024-07-31T06:35:36.361000-05:00,8c4c0cde-1001-4581-be34-e70690f2b57c,Masked Somatic Mutation,released,WXS,2,35.0 - 46.0,TCGA-LUAD,ea62b7ad-3463-4d97-b084-5a65e54ebfd6,released,b177a9fa-07e6-44f4-ae06-0c52af71d0ab,https://github.com/NCI-GDC/aliquot-maf-cwl/blob/3dd621a8745ee2b91716911604bf3f096337a9b7/ensemble_aliquot_maf/ensemble_aliquot_maf_wf.cwl,Aliquot Ensemble Somatic Variant Merging and Masking,3dd621a8745ee2b91716911604bf3f096337a9b7,
99eeb9be-e2d0-48e3-9940-daf1aee705e4,MAF,"TCGA-55-6971-01A-11D-1945-08,TCGA-55-6971-11A-01D-1945-08",open,8383e3da-c1df-4780-979f-bc58e1322345.wxs.aliquot_ensemble_masked.maf.gz,999f7498-4f61-4ffb-b972-693d2d8968a4,Simple Nucleotide Variation,masked_somatic_mutation,Illumina,28378,2022-08-01T16:51:08.426257-05:00,232628e2fe9b32a889f3b21b52db428f,2024-07-31T06:26:50.924860-05:00,99eeb9be-e2d0-48e3-9940-daf1aee705e4,Masked Somatic Mutation,released,WXS,2,35.0 - 46.0,TCGA-LUAD,35d64306-724e-49e2-94a3-83c6455feefc,released,8383e3da-c1df-4780-979f-bc58e1322345,https://github.com/NCI-GDC/aliquot-maf-cwl/blob/3dd621a8745ee2b91716911604bf3f096337a9b7/ensemble_aliquot_maf/ensemble_aliquot_maf_wf.cwl,Aliquot Ensemble Somatic Variant Merging and Masking,3dd621a8745ee2b91716911604bf3f096337a9b7,
099f0c40-3daf-4dcc-81e1-c56898003f56,MAF,"TCGA-MP-A5C7-01A-11D-A25L-08,TCGA-MP-A5C7-10A-01D-A25L-08",open,5a5fd931-fd5e-40c8-8110-0b66adf436b9.wxs.aliquot_ensemble_masked.maf.gz,cebf6dfc-44c0-4c07-9b3f-ff161e68608e,Simple Nucleotide Variation,masked_somatic_mutation,Illumina,26457,2022-08-01T16:42:02.684416-05:00,3811bbd2c660da334c954eb48f4c3fc6,2024-07-31T06:29:16.725389-05:00,099f0c40-3daf-4dcc-81e1-c56898003f56,Masked Somatic Mutation,released,WXS,2,35.0 - 46.0,TCGA-LUAD,0ece9e30-bdca-41f2-b257-1e0493cc0375,released,5a5fd931-fd5e-40c8-8110-0b66adf436b9,https://github.com/NCI-GDC/aliquot-maf-cwl/blob/3dd621a8745ee2b91716911604bf3f096337a9b7/ensemble_aliquot_maf/ensemble_aliquot_maf_wf.cwl,Aliquot Ensemble Somatic Variant Merging and Masking,3dd621a8745ee2b91716911604bf3f096337a9b7,
3444cf6c-2deb-4d67-a29e-0fd40fd3d634,MAF,"TCGA-44-6148-01A-11D-1753-08,TCGA-44-6148-10A-01D-1753-08",open,fa07bdd7-6bfc-404e-9632-42837c8aff73.wxs.aliquot_ensemble_masked.maf.gz,8ab97e57-fc76-4bc7-8a40-dc28e67bc54c,Simple Nucleotide Variation,masked_somatic_mutation,Illumina,4163,2022-08-01T16:57:45.619873-05:00,500717ed7b8664248ebd08620596b3a6,2024-07-31T02:28:20.301143-05:00,3444cf6c-2deb-4d67-a29e-0fd40fd3d634,Masked Somatic Mutation,released,WXS,2,35.0 - 46.0,TCGA-LUAD,3695b0aa-80db-4fd6-a0ec-303cd94c3e40,released,fa07bdd7-6bfc-404e-9632-42837c8aff73,https://github.com/NCI-GDC/aliquot-maf-cwl/blob/3dd621a8745ee2b91716911604bf3f096337a9b7/ensemble_aliquot_maf/ensemble_aliquot_maf_wf.cwl,Aliquot Ensemble Somatic Variant Merging and Masking,3dd621a8745ee2b91716911604bf3f096337a9b7,
6b8652e8-1c57-405a-8039-ac07bcefb7bb,MAF,"TCGA-17-Z041-01A-01W-0746-08,TCGA-17-Z041-11A-01W-0746-08",open,4577ff32-ce0d-4147-9fa6-dae4d63cd795.wxs.aliquot_ensemble_masked.maf.gz,5ebf91c8-7f41-4766-afe5-84be05906407,Simple Nucleotide Variation,masked_somatic_mutation,Illumina,17730,2022-08-01T16:43:50.274527-05:00,68f71421e6b66612945c44dfffd527bd,2024-07-31T06:29:19.396789-05:00,6b8652e8-1c57-405a-8039-ac07bcefb7bb,Masked Somatic Mutation,released,WXS,2,35.0 - 46.0,TCGA-LUAD,793802cf-a807-4f4a-abf8-bf8568d24c39,released,4577ff32-ce0d-4147-9fa6-dae4d63cd795,https://github.com/NCI-GDC/aliquot-maf-cwl/blob/3dd621a8745ee2b91716911604bf3f096337a9b7/ensemble_aliquot_maf/ensemble_aliquot_maf_wf.cwl,Aliquot Ensemble Somatic Variant Merging and Masking,3dd621a8745ee2b91716911604bf3f096337a9b7,
18b98442-0ada-44e7-a357-fd772524de60,MAF,"TCGA-NJ-A55O-01A-11D-A25L-08,TCGA-NJ-A55O-10A-01D-A25L-08",open,7eeb9de9-ec08-41f3-8450-f8701c736fd2.wxs.aliquot_ensemble_masked.maf.gz,ca623aac-07cc-419a-be45-eedf1176a1f8,Simple Nucleotide Variation,masked_somatic_mutation,Illumina,48748,2022-08-01T17:02:58.144059-05:00,795b23a721de530c369a1e4a3b7be368,2024-07-31T02:30:19.091241-05:00,18b98442-0ada-44e7-a357-fd772524de60,Masked Somatic Mutation,released,WXS,2,35.0 - 46.0,TCGA-LUAD,a6a6b4cf-7b28-485a-a701-11e1b72f4822,released,7eeb9de9-ec08-41f3-8450-f8701c736fd2,https://github.com/NCI-GDC/aliquot-maf-cwl/blob/3dd621a8745ee2b91716911604bf3f096337a9b7/ensemble_aliquot_maf/ensemble_aliquot_maf_wf.cwl,Aliquot Ensemble Somatic Variant Merging and Masking,3dd621a8745ee2b91716911604bf3f096337a9b7,
73a2cb7b-27e6-4f65-94da-9c835ebf0921,MAF,"TCGA-99-7458-01A-11D-2036-08,TCGA-99-7458-10A-01D-2036-08",open,78a71c8d-9b98-41b1-a206-3123f7cdddd7.wxs.aliquot_ensemble_masked.maf.gz,0313fb88-0d86-4b09-9cfb-414865d5d93f,Simple Nucleotide Variation,masked_somatic_mutation,Illumina,159727,2022-08-01T17:03:09.603157-05:00,a02c6e1b26217dd90d77ffa2545207aa,2024-07-31T06:36:11.391684-05:00,73a2cb7b-27e6-4f65-94da-9c835ebf0921,Masked Somatic Mutation,released,WXS,2,35.0 - 46.0,TCGA-LUAD,6e500dde-2c4c-47bf-8826-e4515475089b,released,78a71c8d-9b98-41b1-a206-3123f7cdddd7,https://github.com/NCI-GDC/aliquot-maf-cwl/blob/3dd621a8745ee2b91716911604bf3f096337a9b7/ensemble_aliquot_maf/ensemble_aliquot_maf_wf.cwl,Aliquot Ensemble Somatic Variant Merging and Masking,3dd621a8745ee2b91716911604bf3f096337a9b7,
12be6421-142b-47f2-889c-68f983d091ba,MAF,"TCGA-MP-A4TJ-01A-51D-A25L-08,TCGA-MP-A4TJ-10A-01D-A25L-08",open,3cf9bf59-9c38-4e3c-b443-f742257b9a45.wxs.aliquot_ensemble_masked.maf.gz,6712acb6-37e3-4d70-b8e4-440f3eea02e7,Simple Nucleotide Variation,masked_somatic_mutation,Illumina,35288,2022-08-01T16:42:05.466623-05:00,9cc8223910db2099d5483f16b6407712,2024-07-31T06:34:24.159427-05:00,12be6421-142b-47f2-889c-68f983d091ba,Masked Somatic Mutation,released,WXS,2,35.0 - 46.0,TCGA-LUAD,d15a1f04-aa5c-4341-b53d-a73949a9c8ea,released,3cf9bf59-9c38-4e3c-b443-f742257b9a45,https://github.com/NCI-GDC/aliquot-maf-cwl/blob/3dd621a8745ee2b91716911604bf3f096337a9b7/ensemble_aliquot_maf/ensemble_aliquot_maf_wf.cwl,Aliquot Ensemble Somatic Variant Merging and Masking,3dd621a8745ee2b91716911604bf3f096337a9b7,
806c719d-7919-46a1-80bf-5239b2d951f3,MAF,"TCGA-MP-A4TC-01A-11D-A24P-08,TCGA-MP-A4TC-10A-01D-A24P-08",open,ade490e6-b430-4ee5-8160-52810d506048.wxs.aliquot_ensemble_masked.maf.gz,0bea0d57-b5e6-4e09-b8c6-d08d584fed53,Simple Nucleotide Variation,masked_somatic_mutation,Illumina,86974,2022-08-01T17:01:02.829407-05:00,c438999e781086c0bd61d4164e992dc9,2024-07-31T06:37:28.999059-05:00,806c719d-7919-46a1-80bf-5239b2d951f3,Masked Somatic Mutation,released,WXS,2,35.0 - 46.0,TCGA-LUAD,f9eda8a5-20ba-40ab-85c4-f994324a8615,released,ade490e6-b430-4ee5-8160-52810d506048,https://github.com/NCI-GDC/aliquot-maf-cwl/blob/3dd621a8745ee2b91716911604bf3f096337a9b7/ensemble_aliquot_maf/ensemble_aliquot_maf_wf.cwl,Aliquot Ensemble Somatic Variant Merging and Masking,3dd621a8745ee2b91716911604bf3f096337a9b7,
93453505-82df-4ab7-9c06-e100156891e2,MAF,"TCGA-49-AARQ-01A-11D-A410-08,TCGA-49-AARQ-11A-21D-A413-08",open,c6848327-41a0-40dd-a47f-8050370ebf77.wxs.aliquot_ensemble_masked.maf.gz,3aed19fd-f38c-4d31-a714-bdfbedcc617a,Simple Nucleotide Variation,masked_somatic_mutation,Illumina,230220,2022-08-01T17:03:54.505754-05:00,1a316e673ca99ce8aad463fe5004941c,2024-07-31T02:29:59.710412-05:00,93453505-82df-4ab7-9c06-e100156891e2,Masked Somatic Mutation,released,WXS,2,35.0 - 46.0,TCGA-LUAD,9a31d90e-c163-463a-9abe-a26e11bb479e,released,c6848327-41a0-40dd-a47f-8050370ebf77,https://github.com/NCI-GDC/aliquot-maf-cwl/blob/3dd621a8745ee2b91716911604bf3f096337a9b7/ensemble_aliquot_maf/ensemble_aliquot_maf_wf.cwl,Aliquot Ensemble Somatic Variant Merging and Masking,3dd621a8745ee2b91716911604bf3f096337a9b7,
11ba710c-f1ea-4031-b71d-2278b88965c8,MAF,"TCGA-17-Z033-01A-01W-0746-08,TCGA-17-Z033-11A-01W-0746-08",open,2da5bbe8-ec5c-4726-b380-00a4da8033d3.wxs.aliquot_ensemble_masked.maf.gz,6f5455ae-9a69-41b3-963e-99734e214460,Simple Nucleotide Variation,masked_somatic_mutation,Illumina,57598,2022-08-01T16:58:26.482913-05:00,bf803dfb5b7541427ffe3b7e458a7916,2024-07-31T06:30:00.696695-05:00,11ba710c-f1ea-4031-b71d-2278b88965c8,Masked Somatic Mutation,released,WXS,2,35.0 - 46.0,TCGA-LUAD,f65aa40d-1ba6-476c-a644-8fb42dbbc5ab,released,2da5bbe8-ec5c-4726-b380-00a4da8033d3,https://github.com/NCI-GDC/aliquot-maf-cwl/blob/3dd621a8745ee2b91716911604bf3f096337a9b7/ensemble_aliquot_maf/ensemble_aliquot_maf_wf.cwl,Aliquot Ensemble Somatic Variant Merging and Masking,3dd621a8745ee2b91716911604bf3f096337a9b7,
21f5e156-ba30-4ced-8c5b-8276a47950b9,MAF,"TCGA-05-4417-01A-22D-1855-08,TCGA-05-4417-10A-01D-1855-08",open,0f58da7c-cfb2-4021-8648-5220ca782a16.wxs.aliquot_ensemble_masked.maf.gz,459988ff-b75b-4cc3-bc7b-45637c94cd7a,Simple Nucleotide Variation,masked_somatic_mutation,Illumina,102061,2022-08-01T16:57:20.119281-05:00,980056b6535aab9a2d44cb71489b6c9a,2024-07-31T06:33:24.798210-05:00,21f5e156-ba30-4ced-8c5b-8276a47950b9,Masked Somatic Mutation,released,WXS,2,35.0 - 46.0,TCGA-LUAD,cc4805e1-dd57-4544-8fa6-04e19fa77395,released,0f58da7c-cfb2-4021-8648-5220ca782a16,https://github.com/NCI-GDC/aliquot-maf-cwl/blob/3dd621a8745ee2b91716911604bf3f096337a9b7/ensemble_aliquot_maf/ensemble_aliquot_maf_wf.cwl,Aliquot Ensemble Somatic Variant Merging and Masking,3dd621a8745ee2b91716911604bf3f096337a9b7,
96dfac91-0f8f-4ae7-86ea-77092d3159c4,MAF,"TCGA-86-7711-01A-11D-2063-08,TCGA-86-7711-10A-01D-2063-08",open,083ba3f9-a51e-4150-95c1-6cb1a014f72b.wxs.aliquot_ensemble_masked.maf.gz,32785283-8ca8-45bb-9a8a-f393cca6f800,Simple Nucleotide Variation,masked_somatic_mutation,Illumina,79586,2022-08-01T16:51:18.541749-05:00,b77600c9a0db01438b8b58e6b8807a5c,2024-07-31T06:26:28.031934-05:00,96dfac91-0f8f-4ae7-86ea-77092d3159c4,Masked Somatic Mutation,released,WXS,2,35.0 - 46.0,TCGA-LUAD,d6e0528a-5798-4d69-a071-3282a6c30282,released,083ba3f9-a51e-4150-95c1-6cb1a014f72b,https://github.com/NCI-GDC/aliquot-maf-cwl/blob/3dd621a8745ee2b91716911604bf3f096337a9b7/ensemble_aliquot_maf/ensemble_aliquot_maf_wf.cwl,Aliquot Ensemble Somatic Variant Merging and Masking,3dd621a8745ee2b91716911604bf3f096337a9b7,
178421c1-a911-4404-81ce-83f399e6e4f8,MAF,"TCGA-95-7039-01A-11D-1945-08,TCGA-95-7039-10A-01D-1946-08",open,54cf6411-680d-4de6-b98e-46b9021ace6f.wxs.aliquot_ensemble_masked.maf.gz,bf1ceac9-c76c-480b-aff3-39fe72a2e25a,Simple Nucleotide Variation,masked_somatic_mutation,Illumina,393747,2022-08-01T16:40:00.006447-05:00,1222f41835845a6e1c9a45800c876cce,2024-07-31T06:32:01.448644-05:00,178421c1-a911-4404-81ce-83f399e6e4f8,Masked Somatic Mutation,released,WXS,2,35.0 - 46.0,TCGA-LUAD,ac378717-a2ed-4846-941c-6de203bf7064,released,54cf6411-680d-4de6-b98e-46b9021ace6f,https://github.com/NCI-GDC/aliquot-maf-cwl/blob/3dd621a8745ee2b91716911604bf3f096337a9b7/ensemble_aliquot_maf/ensemble_aliquot_maf_wf.cwl,Aliquot Ensemble Somatic Variant Merging and Masking,3dd621a8745ee2b91716911604bf3f096337a9b7,
4c8f7d14-91f9-4109-abc5-221211eef2f1,MAF,"TCGA-NJ-A55A-01A-11D-A25L-08,TCGA-NJ-A55A-10A-01D-A25L-08",open,f56fcde9-5212-46d4-bd4f-73250c450673.wxs.aliquot_ensemble_masked.maf.gz,842f9bd1-200a-4d1a-8aa1-6267eaf4aa72,Simple Nucleotide Variation,masked_somatic_mutation,Illumina,32537,2022-08-01T16:41:13.461345-05:00,f1c243e10329e912c01b1a9f37dbcc28,2024-07-31T06:33:58.671876-05:00,4c8f7d14-91f9-4109-abc5-221211eef2f1,Masked Somatic Mutation,released,WXS,2,35.0 - 46.0,TCGA-LUAD,87eb2cd1-a166-43d6-b5e5-992789b627ad,released,f56fcde9-5212-46d4-bd4f-73250c450673,https://github.com/NCI-GDC/aliquot-maf-cwl/blob/3dd621a8745ee2b91716911604bf3f096337a9b7/ensemble_aliquot_maf/ensemble_aliquot_maf_wf.cwl,Aliquot Ensemble Somatic Variant Merging and Masking,3dd621a8745ee2b91716911604bf3f096337a9b7,
e98d04b5-71b8-49cb-979a-c2684a9cc74f,MAF,"TCGA-75-6203-01A-11D-1753-08,TCGA-75-6203-10A-01D-1753-08",open,f72a5259-0146-44dd-b291-cdeac90d4679.wxs.aliquot_ensemble_masked.maf.gz,99089fa9-f448-428d-9815-0ebaf08ebbac,Simple Nucleotide Variation,masked_somatic_mutation,Illumina,6981,2022-08-01T16:49:27.493989-05:00,424d5e1c38610a1831735f16ce827ca4,2024-07-31T06:30:38.308526-05:00,e98d04b5-71b8-49cb-979a-c2684a9cc74f,Masked Somatic Mutation,released,WXS,2,35.0 - 46.0,TCGA-LUAD,3128b38c-1892-46a9-9a7b-2cb5bc134781,released,f72a5259-0146-44dd-b291-cdeac90d4679,https://github.com/NCI-GDC/aliquot-maf-cwl/blob/3dd621a8745ee2b91716911604bf3f096337a9b7/ensemble_aliquot_maf/ensemble_aliquot_maf_wf.cwl,Aliquot Ensemble Somatic Variant Merging and Masking,3dd621a8745ee2b91716911604bf3f096337a9b7,
aef0b9f8-8760-458e-80ad-54c7264d3eb3,MAF,"TCGA-69-7980-01A-11D-2184-08,TCGA-69-7980-10A-01D-2184-08",open,e0e451e5-6912-415e-8e45-747f229dff5a.wxs.aliquot_ensemble_masked.maf.gz,3f17c305-82c5-4fcc-a4ca-d686605ac0a3,Simple Nucleotide Variation,masked_somatic_mutation,Illumina,275166,2022-08-01T16:41:58.222518-05:00,045ff80349ffc2e0be958e1d51a15adc,2024-07-31T06:34:38.583257-05:00,aef0b9f8-8760-458e-80ad-54c7264d3eb3,Masked Somatic Mutation,released,WXS,2,35.0 - 46.0,TCGA-LUAD,2c48032b-4179-419c-90ff-a7b0d53af505,released,e0e451e5-6912-415e-8e45-747f229dff5a,https://github.com/NCI-GDC/aliquot-maf-cwl/blob/3dd621a8745ee2b91716911604bf3f096337a9b7/ensemble_aliquot_maf/ensemble_aliquot_maf_wf.cwl,Aliquot Ensemble Somatic Variant Merging and Masking,3dd621a8745ee2b91716911604bf3f096337a9b7,
249f9c24-28fb-466e-ac78-7e66d16029d4,MAF,"TCGA-17-Z062-01A-01W-0747-08,TCGA-17-Z062-11A-01W-0747-08",open,ada875f7-1ad8-4aac-9199-254484a934b4.wxs.aliquot_ensemble_masked.maf.gz,c50802c0-cc58-4e15-abab-8b10a2a6d863,Simple Nucleotide Variation,masked_somatic_mutation,Illumina,131618,2022-08-01T17:04:52.275470-05:00,7f7f95da746a9160ccddec599ea4d370,2024-07-31T06:38:51.661391-05:00,249f9c24-28fb-466e-ac78-7e66d16029d4,Masked Somatic Mutation,released,WXS,2,35.0 - 46.0,TCGA-LUAD,db0ac716-e8ea-4580-ac3d-165b91f798f4,released,ada875f7-1ad8-4aac-9199-254484a934b4,https://github.com/NCI-GDC/aliquot-maf-cwl/blob/3dd621a8745ee2b91716911604bf3f096337a9b7/ensemble_aliquot_maf/ensemble_aliquot_maf_wf.cwl,Aliquot Ensemble Somatic Variant Merging and Masking,3dd621a8745ee2b91716911604bf3f096337a9b7,
d3fe6c68-415b-4e08-9981-e05d05bf8e49,MAF,"TCGA-44-2668-01B-02D-A271-08,TCGA-44-2668-10A-01D-1489-08",open,768c63df-d28b-457a-a07e-4c1e80e118a3.wxs.aliquot_ensemble_masked.maf.gz,6febaec5-ec7d-4d1c-846d-53b39ef7ab98,Simple Nucleotide Variation,masked_somatic_mutation,Illumina,72937,2022-08-01T16:47:04.878769-05:00,33fa6db1a26a3611448d8f9c5af5d5b5,2024-07-31T06:31:20.415307-05:00,d3fe6c68-415b-4e08-9981-e05d05bf8e49,Masked Somatic Mutation,released,WXS,2,35.0 - 46.0,TCGA-LUAD,0cc024dc-f7ab-42dc-9036-50475f4da94f,released,768c63df-d28b-457a-a07e-4c1e80e118a3,https://github.com/NCI-GDC/aliquot-maf-cwl/blob/3dd621a8745ee2b91716911604bf3f096337a9b7/ensemble_aliquot_maf/ensemble_aliquot_maf_wf.cwl,Aliquot Ensemble Somatic Variant Merging and Masking,3dd621a8745ee2b91716911604bf3f096337a9b7,
aa1fcf91-1c88-4aba-9180-18195cbaec6e,MAF,"TCGA-49-4514-01A-21D-1855-08,TCGA-49-4514-11A-01D-1855-08",open,18e07a6f-9c1f-474e-92d9-47c426f715b5.wxs.aliquot_ensemble_masked.maf.gz,52dea11f-7af4-4a9e-9270-864b741ab288,Simple Nucleotide Variation,masked_somatic_mutation,Illumina,112242,2022-08-01T16:48:44.595029-05:00,f1d8a0ad71234e5706fa251c181794fa,2024-07-31T06:29:38.200695-05:00,aa1fcf91-1c88-4aba-9180-18195cbaec6e,Masked Somatic Mutation,released,WXS,2,35.0 - 46.0,TCGA-LUAD,df970895-9b29-4039-8a6d-304f45d66438,released,18e07a6f-9c1f-474e-92d9-47c426f715b5,https://github.com/NCI-GDC/aliquot-maf-cwl/blob/3dd621a8745ee2b91716911604bf3f096337a9b7/ensemble_aliquot_maf/ensemble_aliquot_maf_wf.cwl,Aliquot Ensemble Somatic Variant Merging and Masking,3dd621a8745ee2b91716911604bf3f096337a9b7,
e83b9578-ff82-4210-9468-64c792876884,MAF,"TCGA-44-2668-01A-01W-0928-08,TCGA-44-2668-10A-01D-1489-08",open,1d5f2b7e-98c9-4bd1-b139-fd1a21747056.wxs.aliquot_ensemble_masked.maf.gz,9bf721b1-5599-4694-b1d9-f49f854e6467,Simple Nucleotide Variation,masked_somatic_mutation,Illumina,128054,2022-08-01T16:47:03.220282-05:00,2519ace0236de2319b3babf35265f082,2024-07-31T06:33:49.141736-05:00,e83b9578-ff82-4210-9468-64c792876884,Masked Somatic Mutation,released,WXS,2,35.0 - 46.0,TCGA-LUAD,6a4e1bab-3577-4893-96e8-50da05005755,released,1d5f2b7e-98c9-4bd1-b139-fd1a21747056,https://github.com/NCI-GDC/aliquot-maf-cwl/blob/3dd621a8745ee2b91716911604bf3f096337a9b7/ensemble_aliquot_maf/ensemble_aliquot_maf_wf.cwl,Aliquot Ensemble Somatic Variant Merging and Masking,3dd621a8745ee2b91716911604bf3f096337a9b7,
0c088dc0-a88b-4a2b-b063-56ac05cc2e81,MAF,"TCGA-64-1678-01A-01W-0928-08,TCGA-64-1678-10A-01D-1489-08",open,2bac6293-bbc5-497f-b167-b9d136a7baa8.wxs.aliquot_ensemble_masked.maf.gz,68860d46-8c13-455e-8e87-9dda0a3fb152,Simple Nucleotide Variation,masked_somatic_mutation,Illumina,140683,2022-08-01T17:01:36.266443-05:00,fd5d3555741ec3520d3947b67d8c1b8e,2024-07-31T06:37:23.589004-05:00,0c088dc0-a88b-4a2b-b063-56ac05cc2e81,Masked Somatic Mutation,released,WXS,2,35.0 - 46.0,TCGA-LUAD,917b3f6f-19da-4154-b937-8a3d3e9f1344,released,2bac6293-bbc5-497f-b167-b9d136a7baa8,https://github.com/NCI-GDC/aliquot-maf-cwl/blob/3dd621a8745ee2b91716911604bf3f096337a9b7/ensemble_aliquot_maf/ensemble_aliquot_maf_wf.cwl,Aliquot Ensemble Somatic Variant Merging and Masking,3dd621a8745ee2b91716911604bf3f096337a9b7,
3ce8a2ab-0b1d-4375-99a6-362fe3c7fbbd,MAF,"TCGA-64-1676-01A-01D-0969-08,TCGA-64-1676-10A-01D-0969-08",open,9513e562-9db9-48e1-8287-534b1ac23544.wxs.aliquot_ensemble_masked.maf.gz,d9b574ca-017c-4e63-b804-0c7064a991c2,Simple Nucleotide Variation,masked_somatic_mutation,Illumina,195963,2022-08-01T16:49:29.646247-05:00,d656085759c91a5d4e1acbc7d3b94234,2024-07-31T06:30:24.153523-05:00,3ce8a2ab-0b1d-4375-99a6-362fe3c7fbbd,Masked Somatic Mutation,released,WXS,2,35.0 - 46.0,TCGA-LUAD,b8d0744e-195e-4844-9b7e-08bf0845e8dd,released,9513e562-9db9-48e1-8287-534b1ac23544,https://github.com/NCI-GDC/aliquot-maf-cwl/blob/3dd621a8745ee2b91716911604bf3f096337a9b7/ensemble_aliquot_maf/ensemble_aliquot_maf_wf.cwl,Aliquot Ensemble Somatic Variant Merging and Masking,3dd621a8745ee2b91716911604bf3f096337a9b7,
ccb0546a-7557-44e6-8fbd-39df6c72e998,MAF,"TCGA-78-7220-01A-11D-2036-08,TCGA-78-7220-10A-01D-2036-08",open,526a5161-6921-4c86-9c96-629573f09efd.wxs.aliquot_ensemble_masked.maf.gz,9c91bd6c-5d2c-4c80-a7b4-94e946be1db0,Simple Nucleotide Variation,masked_somatic_mutation,Illumina,273908,2022-08-01T16:52:07.770344-05:00,1e50f8defad846507bd4b9d2cf80e39f,2024-07-31T06:36:47.867953-05:00,ccb0546a-7557-44e6-8fbd-39df6c72e998,Masked Somatic Mutation,released,WXS,2,35.0 - 46.0,TCGA-LUAD,546148c6-9ee4-4ec0-961b-50c0cdab89db,released,526a5161-6921-4c86-9c96-629573f09efd,https://github.com/NCI-GDC/aliquot-maf-cwl/blob/3dd621a8745ee2b91716911604bf3f096337a9b7/ensemble_aliquot_maf/ensemble_aliquot_maf_wf.cwl,Aliquot Ensemble Somatic Variant Merging and Masking,3dd621a8745ee2b91716911604bf3f096337a9b7,
fafcbcec-5c8a-4c70-af23-2e76a745a08c,MAF,"TCGA-17-Z030-01A-01W-0746-08,TCGA-17-Z030-11A-01W-0746-08",open,6a79e84d-2632-43b4-83a2-d54794114f33.wxs.aliquot_ensemble_masked.maf.gz,e1db3f4f-f7f9-4f73-a753-f19636a891b9,Simple Nucleotide Variation,masked_somatic_mutation,Illumina,172912,2022-08-01T17:04:57.981578-05:00,7a4c8b4a77c61d135bcddcf2d45ea615,2024-07-31T06:37:53.705115-05:00,fafcbcec-5c8a-4c70-af23-2e76a745a08c,Masked Somatic Mutation,released,WXS,2,35.0 - 46.0,TCGA-LUAD,9516f8b8-e8a3-42b1-9998-0a85a0f29a0c,released,6a79e84d-2632-43b4-83a2-d54794114f33,https://github.com/NCI-GDC/aliquot-maf-cwl/blob/3dd621a8745ee2b91716911604bf3f096337a9b7/ensemble_aliquot_maf/ensemble_aliquot_maf_wf.cwl,Aliquot Ensemble Somatic Variant Merging and Masking,3dd621a8745ee2b91716911604bf3f096337a9b7,
3c35a4b3-744d-45a4-a95a-6369e88e9d98,MAF,"TCGA-69-8254-01A-11D-2284-08,TCGA-69-8254-10A-01D-2284-08",open,85778361-3032-4076-9fd5-5cdee32285bc.wxs.aliquot_ensemble_masked.maf.gz,28c06199-72d5-4d32-899c-e7291d088acb,Simple Nucleotide Variation,masked_somatic_mutation,Illumina,29503,2022-08-01T16:41:47.585114-05:00,f8e2229a5ce1cf92046fb2de845b93e5,2024-07-31T06:33:35.302110-05:00,3c35a4b3-744d-45a4-a95a-6369e88e9d98,Masked Somatic Mutation,released,WXS,2,35.0 - 46.0,TCGA-LUAD,5c7699c9-011d-4e20-a4ba-49bed926da88,released,85778361-3032-4076-9fd5-5cdee32285bc,https://github.com/NCI-GDC/aliquot-maf-cwl/blob/3dd621a8745ee2b91716911604bf3f096337a9b7/ensemble_aliquot_maf/ensemble_aliquot_maf_wf.cwl,Aliquot Ensemble Somatic Variant Merging and Masking,3dd621a8745ee2b91716911604bf3f096337a9b7,
8dc53ea5-9b08-4355-b68c-3c145730986b,MAF,"TCGA-49-4506-01A-01D-1265-08,TCGA-49-4506-11A-01D-1265-08",open,444442c1-32a6-4b64-bbb4-831f22aa00a4.wxs.aliquot_ensemble_masked.maf.gz,29573835-2888-400d-8b82-2263227cc7fc,Simple Nucleotide Variation,masked_somatic_mutation,Illumina,40669,2022-08-01T16:54:14.354235-05:00,e3282eecf531489f97f30598bd35d637,2024-07-31T06:31:38.178252-05:00,8dc53ea5-9b08-4355-b68c-3c145730986b,Masked Somatic Mutation,released,WXS,2,35.0 - 46.0,TCGA-LUAD,ebcff034-e349-413c-9009-2d641ffc4554,released,444442c1-32a6-4b64-bbb4-831f22aa00a4,https://github.com/NCI-GDC/aliquot-maf-cwl/blob/3dd621a8745ee2b91716911604bf3f096337a9b7/ensemble_aliquot_maf/ensemble_aliquot_maf_wf.cwl,Aliquot Ensemble Somatic Variant Merging and Masking,3dd621a8745ee2b91716911604bf3f096337a9b7,
14e8ffd2-f531-4120-87f8-82f33d934692,MAF,"TCGA-55-A494-01A-11D-A24P-08,TCGA-55-A494-10A-01D-A24P-08",open,cab1757b-8756-4c73-81d9-8d3d390cbeda.wxs.aliquot_ensemble_masked.maf.gz,d43d68be-77ff-43a1-8e5d-867da613763b,Simple Nucleotide Variation,masked_somatic_mutation,Illumina,83098,2022-08-01T16:46:27.486684-05:00,747665d8189664c809255ff948955cd6,2024-07-31T06:34:05.475257-05:00,14e8ffd2-f531-4120-87f8-82f33d934692,Masked Somatic Mutation,released,WXS,2,35.0 - 46.0,TCGA-LUAD,8485b447-b46d-43fd-9431-482631a3b40d,released,cab1757b-8756-4c73-81d9-8d3d390cbeda,https://github.com/NCI-GDC/aliquot-maf-cwl/blob/3dd621a8745ee2b91716911604bf3f096337a9b7/ensemble_aliquot_maf/ensemble_aliquot_maf_wf.cwl,Aliquot Ensemble Somatic Variant Merging and Masking,3dd621a8745ee2b91716911604bf3f096337a9b7,
4ea9860a-b1c6-435b-a9f1-964ac7e77793,MAF,"TCGA-69-7978-01A-11D-2184-08,TCGA-69-7978-10A-01D-2184-08",open,b92a1403-9236-4afb-b55d-0de75270aba1.wxs.aliquot_ensemble_masked.maf.gz,8af0b944-bd9b-4e5a-80f8-ee7370e06444,Simple Nucleotide Variation,masked_somatic_mutation,Illumina,201735,2022-08-01T16:57:36.674989-05:00,715688deeec34c06d6a8f665eb56d60f,2024-07-31T06:30:55.824252-05:00,4ea9860a-b1c6-435b-a9f1-964ac7e77793,Masked Somatic Mutation,released,WXS,2,35.0 - 46.0,TCGA-LUAD,7ed35180-fd83-4454-a9dd-9fe6c95dd04d,released,b92a1403-9236-4afb-b55d-0de75270aba1,https://github.com/NCI-GDC/aliquot-maf-cwl/blob/3dd621a8745ee2b91716911604bf3f096337a9b7/ensemble_aliquot_maf/ensemble_aliquot_maf_wf.cwl,Aliquot Ensemble Somatic Variant Merging and Masking,3dd621a8745ee2b91716911604bf3f096337a9b7,
cdb57dab-e3a9-4584-a08d-4803fd1a05c2,MAF,"TCGA-17-Z061-01A-01W-0747-08,TCGA-17-Z061-11A-01W-0747-08",open,6838ad55-7781-450f-930a-da62c9542457.wxs.aliquot_ensemble_masked.maf.gz,33057fd9-3860-4aed-8bb9-60b64b5803a1,Simple Nucleotide Variation,masked_somatic_mutation,Illumina,58580,2022-08-01T16:43:31.261947-05:00,c985e21f8f336de9ad0da865c4e3d2ed,2024-07-31T06:35:11.039792-05:00,cdb57dab-e3a9-4584-a08d-4803fd1a05c2,Masked Somatic Mutation,released,WXS,2,35.0 - 46.0,TCGA-LUAD,2245a89e-dbe8-4d28-b484-fe4afbe2b70e,released,6838ad55-7781-450f-930a-da62c9542457,https://github.com/NCI-GDC/aliquot-maf-cwl/blob/3dd621a8745ee2b91716911604bf3f096337a9b7/ensemble_aliquot_maf/ensemble_aliquot_maf_wf.cwl,Aliquot Ensemble Somatic Variant Merging and Masking,3dd621a8745ee2b91716911604bf3f096337a9b7,
0da50c40-ffa7-4bfc-8e87-02d456940500,MAF,"TCGA-49-4510-01A-01D-1265-08,TCGA-49-4510-11A-01D-1265-08",open,285301af-26df-4d59-991a-5933938f9a38.wxs.aliquot_ensemble_masked.maf.gz,9c0f6123-e819-4ce6-a58b-3a8b145feee7,Simple Nucleotide Variation,masked_somatic_mutation,Illumina,19949,2022-08-01T17:03:35.319309-05:00,516158577e1acd75c32faf4b26426f9b,2024-07-31T06:34:12.264376-05:00,0da50c40-ffa7-4bfc-8e87-02d456940500,Masked Somatic Mutation,released,WXS,2,35.0 - 46.0,TCGA-LUAD,3de7406e-5767-4625-a4cd-98ad61309b5f,released,285301af-26df-4d59-991a-5933938f9a38,https://github.com/NCI-GDC/aliquot-maf-cwl/blob/3dd621a8745ee2b91716911604bf3f096337a9b7/ensemble_aliquot_maf/ensemble_aliquot_maf_wf.cwl,Aliquot Ensemble Somatic Variant Merging and Masking,3dd621a8745ee2b91716911604bf3f096337a9b7,
5624dbfa-bf03-47ec-a7fd-d19af4e38b37,MAF,"TCGA-44-2665-01A-01D-1040-01,TCGA-44-2665-10A-01D-1040-01",open,75cf81f2-5099-430a-b26b-a684a9433c7d.wxs.aliquot_ensemble_masked.maf.gz,ecfeab93-4b01-4eb1-bdef-2d1abff1bf3e,Simple Nucleotide Variation,masked_somatic_mutation,Illumina,18246,2022-08-01T16:38:26.349565-05:00,7616449951080334187d1f110b38a176,2024-07-31T06:25:30.818577-05:00,5624dbfa-bf03-47ec-a7fd-d19af4e38b37,Masked Somatic Mutation,released,WXS,2,35.0 - 46.0,TCGA-LUAD,c9a2198f-1590-47ec-b35b-425bef6f08b3,released,75cf81f2-5099-430a-b26b-a684a9433c7d,https://github.com/NCI-GDC/aliquot-maf-cwl/blob/3dd621a8745ee2b91716911604bf3f096337a9b7/ensemble_aliquot_maf/ensemble_aliquot_maf_wf.cwl,Aliquot Ensemble Somatic Variant Merging and Masking,3dd621a8745ee2b91716911604bf3f096337a9b7,
f9291f6e-283f-434b-ad5a-d498ef81532a,MAF,"TCGA-69-7765-01A-11D-2167-08,TCGA-69-7765-10A-01D-2167-08",open,6318ffec-28c2-4307-9db8-38bf7f13cd12.wxs.aliquot_ensemble_masked.maf.gz,3ba39a5f-3089-48f4-a7f3-63270f26637a,Simple Nucleotide Variation,masked_somatic_mutation,Illumina,199699,2022-08-01T16:52:14.298645-05:00,96ed56b5aa6025987f442c60f40e33b5,2024-07-31T06:38:21.928180-05:00,f9291f6e-283f-434b-ad5a-d498ef81532a,Masked Somatic Mutation,released,WXS,2,35.0 - 46.0,TCGA-LUAD,dedda0aa-a266-44ee-944a-b76a5b80d530,released,6318ffec-28c2-4307-9db8-38bf7f13cd12,https://github.com/NCI-GDC/aliquot-maf-cwl/blob/3dd621a8745ee2b91716911604bf3f096337a9b7/ensemble_aliquot_maf/ensemble_aliquot_maf_wf.cwl,Aliquot Ensemble Somatic Variant Merging and Masking,3dd621a8745ee2b91716911604bf3f096337a9b7,
268d3f56-e3e4-446b-a783-1af4e5061661,MAF,"TCGA-64-5774-01A-01D-1625-08,TCGA-64-5774-10A-01D-1625-08",open,a98ddc58-96ef-4278-bf6d-43521099a344.wxs.aliquot_ensemble_masked.maf.gz,5a484d44-d013-4c0b-85d1-6bfa212fd636,Simple Nucleotide Variation,masked_somatic_mutation,Illumina,50563,2022-08-01T16:48:47.049014-05:00,1449e87f763d0afa230ddf04e23a6555,2024-07-31T06:31:22.032614-05:00,268d3f56-e3e4-446b-a783-1af4e5061661,Masked Somatic Mutation,released,WXS,2,35.0 - 46.0,TCGA-LUAD,8377fc94-fc3c-4ac3-9394-74632980a111,released,a98ddc58-96ef-4278-bf6d-43521099a344,https://github.com/NCI-GDC/aliquot-maf-cwl/blob/3dd621a8745ee2b91716911604bf3f096337a9b7/ensemble_aliquot_maf/ensemble_aliquot_maf_wf.cwl,Aliquot Ensemble Somatic Variant Merging and Masking,3dd621a8745ee2b91716911604bf3f096337a9b7,
87f38292-1424-4c71-a878-6410ff23e88f,MAF,"TCGA-64-1676-01A-01W-0928-08,TCGA-64-1676-10A-01D-0969-08",open,a07cd798-794d-4e32-8afb-1dcf7a436a83.wxs.aliquot_ensemble_masked.maf.gz,a8f83735-1d0c-4c0d-a5a9-ca2b16f4590b,Simple Nucleotide Variation,masked_somatic_mutation,Illumina,189033,2022-08-01T16:48:52.080533-05:00,35a4e020818134f6f55bf2391662b5ec,2024-07-31T06:33:07.131081-05:00,87f38292-1424-4c71-a878-6410ff23e88f,Masked Somatic Mutation,released,WXS,2,35.0 - 46.0,TCGA-LUAD,c8d5f448-4c67-4bf3-9ffc-eb2bdf7aa0fc,released,a07cd798-794d-4e32-8afb-1dcf7a436a83,https://github.com/NCI-GDC/aliquot-maf-cwl/blob/3dd621a8745ee2b91716911604bf3f096337a9b7/ensemble_aliquot_maf/ensemble_aliquot_maf_wf.cwl,Aliquot Ensemble Somatic Variant Merging and Masking,3dd621a8745ee2b91716911604bf3f096337a9b7,
abc142f9-f8e9-4d09-a9ee-7692ab6f3118,MAF,"TCGA-44-2665-01A-01D-A271-08,TCGA-44-2665-10A-01D-1040-01",open,f7e11ca6-a95d-4340-9d01-4c697899cdc1.wxs.aliquot_ensemble_masked.maf.gz,cd4cca22-8bb0-4e57-b7ae-b28c6628fa4c,Simple Nucleotide Variation,masked_somatic_mutation,Illumina,18745,2022-08-01T16:53:55.258316-05:00,0c131cbe038c87b0f91b27aa4af6232d,2024-07-31T06:27:23.024687-05:00,abc142f9-f8e9-4d09-a9ee-7692ab6f3118,Masked Somatic Mutation,released,WXS,2,35.0 - 46.0,TCGA-LUAD,0f11f20a-fa0d-4642-b126-ea63bc0ccb9d,released,f7e11ca6-a95d-4340-9d01-4c697899cdc1,https://github.com/NCI-GDC/aliquot-maf-cwl/blob/3dd621a8745ee2b91716911604bf3f096337a9b7/ensemble_aliquot_maf/ensemble_aliquot_maf_wf.cwl,Aliquot Ensemble Somatic Variant Merging and Masking,3dd621a8745ee2b91716911604bf3f096337a9b7,
35b78980-8e78-4d69-881e-66188ec1e6b3,MAF,"TCGA-78-7167-01A-11D-2063-08,TCGA-78-7167-11A-01D-2063-08",open,115a1cb7-19e4-40d3-b239-c019fbc78a15.wxs.aliquot_ensemble_masked.maf.gz,830abb05-a521-4de4-b5e7-10cd4bbe1484,Simple Nucleotide Variation,masked_somatic_mutation,Illumina,37274,2022-08-01T16:41:28.649610-05:00,4b63aa54e80792d82a80dcd0ec6661d0,2024-07-31T06:31:23.353916-05:00,35b78980-8e78-4d69-881e-66188ec1e6b3,Masked Somatic Mutation,released,WXS,2,35.0 - 46.0,TCGA-LUAD,b62f8dd5-6402-446f-b343-299bb98bdcf8,released,115a1cb7-19e4-40d3-b239-c019fbc78a15,https://github.com/NCI-GDC/aliquot-maf-cwl/blob/3dd621a8745ee2b91716911604bf3f096337a9b7/ensemble_aliquot_maf/ensemble_aliquot_maf_wf.cwl,Aliquot Ensemble Somatic Variant Merging and Masking,3dd621a8745ee2b91716911604bf3f096337a9b7,
253c1afc-931d-412c-8f2b-d1f9e466e6ed,MAF,"TCGA-55-8097-01A-11D-2238-08,TCGA-55-8097-10A-01D-2238-08",open,27f13a1b-7d09-476f-830b-69385d58630c.wxs.aliquot_ensemble_masked.maf.gz,c98b5178-1d01-4dd4-8954-2447aed9eed1,Simple Nucleotide Variation,masked_somatic_mutation,Illumina,42825,2022-08-01T16:51:10.724311-05:00,12e71a449f9f9d5ba364e38e3d43deaf,2024-07-31T06:32:04.215767-05:00,253c1afc-931d-412c-8f2b-d1f9e466e6ed,Masked Somatic Mutation,released,WXS,2,35.0 - 46.0,TCGA-LUAD,1d2c90f7-9d9e-4912-a3f9-1598de1946c9,released,27f13a1b-7d09-476f-830b-69385d58630c,https://github.com/NCI-GDC/aliquot-maf-cwl/blob/3dd621a8745ee2b91716911604bf3f096337a9b7/ensemble_aliquot_maf/ensemble_aliquot_maf_wf.cwl,Aliquot Ensemble Somatic Variant Merging and Masking,3dd621a8745ee2b91716911604bf3f096337a9b7,
d59dfd97-0cb6-40ac-9aa7-6af76a1830dd,MAF,"TCGA-73-4668-01A-01D-1265-08,TCGA-73-4668-11A-01D-1265-08",open,883c4075-e931-4364-95c4-6ea98243d8e8.wxs.aliquot_ensemble_masked.maf.gz,0672b042-8f1c-4438-acb7-960e13cbc63c,Simple Nucleotide Variation,masked_somatic_mutation,Illumina,143729,2022-08-01T16:41:31.382555-05:00,1960fb3734fcaa047b8965e15d1c1b95,2024-07-31T06:28:12.480206-05:00,d59dfd97-0cb6-40ac-9aa7-6af76a1830dd,Masked Somatic Mutation,released,WXS,2,35.0 - 46.0,TCGA-LUAD,946e678e-6739-4728-ba8b-3083f2c0742d,released,883c4075-e931-4364-95c4-6ea98243d8e8,https://github.com/NCI-GDC/aliquot-maf-cwl/blob/3dd621a8745ee2b91716911604bf3f096337a9b7/ensemble_aliquot_maf/ensemble_aliquot_maf_wf.cwl,Aliquot Ensemble Somatic Variant Merging and Masking,3dd621a8745ee2b91716911604bf3f096337a9b7,
db36d7f8-cde3-4218-bcc7-ab991f76306c,MAF,"TCGA-97-7941-01A-11D-2184-08,TCGA-97-7941-10A-01D-2184-08",open,e331344f-d81a-4abc-a4e6-918566451b65.wxs.aliquot_ensemble_masked.maf.gz,0cb97269-7f5b-47d5-9f9a-284d5a23cc6c,Simple Nucleotide Variation,masked_somatic_mutation,Illumina,34825,2022-08-01T17:05:34.150065-05:00,22c4879bfa36bd6cb7a0e11cb97e70b1,2024-07-31T06:34:10.988347-05:00,db36d7f8-cde3-4218-bcc7-ab991f76306c,Masked Somatic Mutation,released,WXS,2,35.0 - 46.0,TCGA-LUAD,3085ed94-9bab-4958-a6f2-3195ef7c134d,released,e331344f-d81a-4abc-a4e6-918566451b65,https://github.com/NCI-GDC/aliquot-maf-cwl/blob/3dd621a8745ee2b91716911604bf3f096337a9b7/ensemble_aliquot_maf/ensemble_aliquot_maf_wf.cwl,Aliquot Ensemble Somatic Variant Merging and Masking,3dd621a8745ee2b91716911604bf3f096337a9b7,
b3778951-657a-4b5b-8820-f115c0969dc3,MAF,"TCGA-55-7910-01A-11D-2167-08,TCGA-55-7910-11A-01D-2167-08",open,33ffac91-52e1-468f-a5e2-d1e17d206147.wxs.aliquot_ensemble_masked.maf.gz,97ccab72-e26a-4ab8-9db8-e1e836e04e44,Simple Nucleotide Variation,masked_somatic_mutation,Illumina,108317,2022-08-01T16:42:07.926237-05:00,3912ab2317b38ac8b0ad1aca8d20a9ca,2024-07-31T06:34:41.154976-05:00,b3778951-657a-4b5b-8820-f115c0969dc3,Masked Somatic Mutation,released,WXS,2,35.0 - 46.0,TCGA-LUAD,eeac6ca8-0e63-4673-a411-afe52f6b6b40,released,33ffac91-52e1-468f-a5e2-d1e17d206147,https://github.com/NCI-GDC/aliquot-maf-cwl/blob/3dd621a8745ee2b91716911604bf3f096337a9b7/ensemble_aliquot_maf/ensemble_aliquot_maf_wf.cwl,Aliquot Ensemble Somatic Variant Merging and Masking,3dd621a8745ee2b91716911604bf3f096337a9b7,
f3d46d37-7d15-4ba6-b2c6-9033fe4f3960,MAF,"TCGA-17-Z002-01A-01W-0746-08,TCGA-17-Z002-11A-01W-0746-08",open,fde69fb5-1fd2-47b4-99c0-8bbcc4a13ba9.wxs.aliquot_ensemble_masked.maf.gz,56199f11-96c6-4fd5-be6b-fd71516e7232,Simple Nucleotide Variation,masked_somatic_mutation,Illumina,5093,2022-08-01T16:52:52.817665-05:00,e1c9b3984fac3878cd29e781ee2ac293,2024-07-31T06:28:05.407938-05:00,f3d46d37-7d15-4ba6-b2c6-9033fe4f3960,Masked Somatic Mutation,released,WXS,2,35.0 - 46.0,TCGA-LUAD,4a80673e-5517-4683-ae2f-776926ceba06,released,fde69fb5-1fd2-47b4-99c0-8bbcc4a13ba9,https://github.com/NCI-GDC/aliquot-maf-cwl/blob/3dd621a8745ee2b91716911604bf3f096337a9b7/ensemble_aliquot_maf/ensemble_aliquot_maf_wf.cwl,Aliquot Ensemble Somatic Variant Merging and Masking,3dd621a8745ee2b91716911604bf3f096337a9b7,
db8e00e7-5ad7-4fb7-81e7-beabe6700c5f,MAF,"TCGA-44-2657-01A-01D-1105-08,TCGA-44-2657-10A-01D-1105-08",open,b91dfde6-87fb-4a9f-8aac-07e02098d860.wxs.aliquot_ensemble_masked.maf.gz,5143ccb9-ba3f-49a5-8aa2-ae7a013e8952,Simple Nucleotide Variation,masked_somatic_mutation,Illumina,128740,2022-08-01T17:04:45.144725-05:00,9eecc697348a1949b8cf29102190da81,2024-07-31T06:34:08.227455-05:00,db8e00e7-5ad7-4fb7-81e7-beabe6700c5f,Masked Somatic Mutation,released,WXS,2,35.0 - 46.0,TCGA-LUAD,2d12c6a0-fd8b-4f3d-ba41-a9c1d7cf5047,released,b91dfde6-87fb-4a9f-8aac-07e02098d860,https://github.com/NCI-GDC/aliquot-maf-cwl/blob/3dd621a8745ee2b91716911604bf3f096337a9b7/ensemble_aliquot_maf/ensemble_aliquot_maf_wf.cwl,Aliquot Ensemble Somatic Variant Merging and Masking,3dd621a8745ee2b91716911604bf3f096337a9b7,
6008513a-7173-4acb-b77d-33218c1275ad,MAF,"TCGA-55-6712-01A-11D-1855-08,TCGA-55-6712-10A-01D-1855-08",open,2a7f21af-fa1d-4d2f-903c-f449b88cc442.wxs.aliquot_ensemble_masked.maf.gz,c1efe61b-af7a-4627-a032-1044e9c4553c,Simple Nucleotide Variation,masked_somatic_mutation,Illumina,48568,2022-08-01T16:49:34.517185-05:00,a73861a13ff6dea70ee7a5980a109e3d,2024-07-31T06:31:53.313664-05:00,6008513a-7173-4acb-b77d-33218c1275ad,Masked Somatic Mutation,released,WXS,2,35.0 - 46.0,TCGA-LUAD,2502fc06-7b14-4d66-9d05-095ef756b375,released,2a7f21af-fa1d-4d2f-903c-f449b88cc442,https://github.com/NCI-GDC/aliquot-maf-cwl/blob/3dd621a8745ee2b91716911604bf3f096337a9b7/ensemble_aliquot_maf/ensemble_aliquot_maf_wf.cwl,Aliquot Ensemble Somatic Variant Merging and Masking,3dd621a8745ee2b91716911604bf3f096337a9b7,
aac15f05-c0d9-4ec5-9c0f-9f52ea9175cf,MAF,"TCGA-97-8175-01A-11D-2284-08,TCGA-97-8175-10A-01D-2284-08",open,e90dde05-c6b2-4e76-8eef-0e5ecc25bdbc.wxs.aliquot_ensemble_masked.maf.gz,86035029-b201-4d15-b37f-30062acccddb,Simple Nucleotide Variation,masked_somatic_mutation,Illumina,14394,2022-08-01T16:56:20.065475-05:00,4adf94105640a0b4d6fa00f8ac0e1adb,2024-07-31T06:29:39.564988-05:00,aac15f05-c0d9-4ec5-9c0f-9f52ea9175cf,Masked Somatic Mutation,released,WXS,2,35.0 - 46.0,TCGA-LUAD,c172709a-6e95-4f7a-b883-88f00030f260,released,e90dde05-c6b2-4e76-8eef-0e5ecc25bdbc,https://github.com/NCI-GDC/aliquot-maf-cwl/blob/3dd621a8745ee2b91716911604bf3f096337a9b7/ensemble_aliquot_maf/ensemble_aliquot_maf_wf.cwl,Aliquot Ensemble Somatic Variant Merging and Masking,3dd621a8745ee2b91716911604bf3f096337a9b7,
9d25e327-9311-47b1-aeba-9797e2a3e818,MAF,"TCGA-55-8508-01A-11D-2393-08,TCGA-55-8508-10A-01D-2393-08",open,7f4eefe8-2713-4aa6-b460-81297328bb49.wxs.aliquot_ensemble_masked.maf.gz,52efa4b7-6c76-42fa-990b-f8dd1a4ece57,Simple Nucleotide Variation,masked_somatic_mutation,Illumina,61937,2022-08-01T16:42:38.619223-05:00,69e76be7d9b4781f2a03d7571814ea9e,2024-07-31T06:28:58.881112-05:00,9d25e327-9311-47b1-aeba-9797e2a3e818,Masked Somatic Mutation,released,WXS,2,35.0 - 46.0,TCGA-LUAD,136fbacb-cbf4-4dae-8c1d-61d0360f81f7,released,7f4eefe8-2713-4aa6-b460-81297328bb49,https://github.com/NCI-GDC/aliquot-maf-cwl/blob/3dd621a8745ee2b91716911604bf3f096337a9b7/ensemble_aliquot_maf/ensemble_aliquot_maf_wf.cwl,Aliquot Ensemble Somatic Variant Merging and Masking,3dd621a8745ee2b91716911604bf3f096337a9b7,
844c8278-f3a1-491a-8b86-8db2523d662b,MAF,"TCGA-44-7659-01A-11D-2063-08,TCGA-44-7659-10A-01D-2063-08",open,c414d5ad-3869-4b6d-9839-3ef77efc7d6d.wxs.aliquot_ensemble_masked.maf.gz,c1066eb2-c921-4aa2-a99c-8f4e8f78a190,Simple Nucleotide Variation,masked_somatic_mutation,Illumina,54159,2022-08-01T16:41:52.074348-05:00,6f84bfc2282120e6b48c52c6b4051c00,2024-07-31T06:33:21.024507-05:00,844c8278-f3a1-491a-8b86-8db2523d662b,Masked Somatic Mutation,released,WXS,2,35.0 - 46.0,TCGA-LUAD,15b36036-1fab-429f-8151-ab072472b1c8,released,c414d5ad-3869-4b6d-9839-3ef77efc7d6d,https://github.com/NCI-GDC/aliquot-maf-cwl/blob/3dd621a8745ee2b91716911604bf3f096337a9b7/ensemble_aliquot_maf/ensemble_aliquot_maf_wf.cwl,Aliquot Ensemble Somatic Variant Merging and Masking,3dd621a8745ee2b91716911604bf3f096337a9b7,
97982caa-ba03-49c0-a7f9-0b9baadab62a,MAF,"TCGA-62-A46V-01A-11D-A24D-08,TCGA-62-A46V-10A-01D-A24F-08",open,ea61015d-0596-4683-b19a-4f693a38a97c.wxs.aliquot_ensemble_masked.maf.gz,429e9bf5-d81b-4911-ad6a-6bb8ee18b196,Simple Nucleotide Variation,masked_somatic_mutation,Illumina,23595,2022-08-01T16:51:43.778342-05:00,769e3972e5b1295217ad51b764d8d5a6,2024-07-31T06:37:56.318075-05:00,97982caa-ba03-49c0-a7f9-0b9baadab62a,Masked Somatic Mutation,released,WXS,2,35.0 - 46.0,TCGA-LUAD,f9ec8be0-4147-445f-a029-2df04f3880f4,released,ea61015d-0596-4683-b19a-4f693a38a97c,https://github.com/NCI-GDC/aliquot-maf-cwl/blob/3dd621a8745ee2b91716911604bf3f096337a9b7/ensemble_aliquot_maf/ensemble_aliquot_maf_wf.cwl,Aliquot Ensemble Somatic Variant Merging and Masking,3dd621a8745ee2b91716911604bf3f096337a9b7,
d5b4b475-d12a-4c25-a245-3cf01322d0d5,MAF,"TCGA-55-A490-01A-11D-A24D-08,TCGA-55-A490-10A-01D-A24F-08",open,420b9db4-1a87-4c4c-be01-3b47ffd9be39.wxs.aliquot_ensemble_masked.maf.gz,5c03babd-26a6-458a-bd20-246ae8fc3cbc,Simple Nucleotide Variation,masked_somatic_mutation,Illumina,411246,2022-08-01T16:51:30.409233-05:00,2f4a2cfaad62e000bbcdf8828d5e4062,2024-07-31T06:30:08.400983-05:00,d5b4b475-d12a-4c25-a245-3cf01322d0d5,Masked Somatic Mutation,released,WXS,2,35.0 - 46.0,TCGA-LUAD,3cbf35b5-4faa-4056-adf9-501f093c3a9b,released,420b9db4-1a87-4c4c-be01-3b47ffd9be39,https://github.com/NCI-GDC/aliquot-maf-cwl/blob/3dd621a8745ee2b91716911604bf3f096337a9b7/ensemble_aliquot_maf/ensemble_aliquot_maf_wf.cwl,Aliquot Ensemble Somatic Variant Merging and Masking,3dd621a8745ee2b91716911604bf3f096337a9b7,
73ba80a3-a225-4bbb-a2cc-ddf898f41ec6,MAF,"TCGA-44-2668-01A-01D-0969-08,TCGA-44-2668-10A-01D-1489-08",open,9325ca35-d167-465e-a582-7991f67f713a.wxs.aliquot_ensemble_masked.maf.gz,960269f7-988b-48dc-9802-ee7baee86aaf,Simple Nucleotide Variation,masked_somatic_mutation,Illumina,131987,2022-08-01T16:47:01.622684-05:00,2be60a01fec6e0f3d62e2b9dc2697143,2024-07-31T06:35:03.591375-05:00,73ba80a3-a225-4bbb-a2cc-ddf898f41ec6,Masked Somatic Mutation,released,WXS,2,35.0 - 46.0,TCGA-LUAD,971d3853-ba5a-4f05-8b5b-a4cc8554622f,released,9325ca35-d167-465e-a582-7991f67f713a,https://github.com/NCI-GDC/aliquot-maf-cwl/blob/3dd621a8745ee2b91716911604bf3f096337a9b7/ensemble_aliquot_maf/ensemble_aliquot_maf_wf.cwl,Aliquot Ensemble Somatic Variant Merging and Masking,3dd621a8745ee2b91716911604bf3f096337a9b7,
80033295-4cbb-4276-80a1-0cdebf93fbd6,MAF,"TCGA-55-7570-01A-11D-2036-08,TCGA-55-7570-10A-01D-2036-08",open,231d8ad3-1bf2-4171-aed4-863667c7a41f.wxs.aliquot_ensemble_masked.maf.gz,92693815-6903-42eb-a69c-9107e91af4ee,Simple Nucleotide Variation,masked_somatic_mutation,Illumina,131986,2022-08-01T16:50:31.099407-05:00,d53d0281d1c3f2650ecd2cb8482995c2,2024-07-31T06:29:34.110088-05:00,80033295-4cbb-4276-80a1-0cdebf93fbd6,Masked Somatic Mutation,released,WXS,2,35.0 - 46.0,TCGA-LUAD,b917d2f7-4a8b-49e4-9e6c-d7d51ee033b4,released,231d8ad3-1bf2-4171-aed4-863667c7a41f,https://github.com/NCI-GDC/aliquot-maf-cwl/blob/3dd621a8745ee2b91716911604bf3f096337a9b7/ensemble_aliquot_maf/ensemble_aliquot_maf_wf.cwl,Aliquot Ensemble Somatic Variant Merging and Masking,3dd621a8745ee2b91716911604bf3f096337a9b7,
c1b30b2d-d92e-4d52-90f1-846bf9f5dba9,MAF,"TCGA-50-5044-01A-21D-1855-08,TCGA-50-5044-10A-01D-1855-08",open,b7179d2e-e846-4247-a963-c960ea4511c8.wxs.aliquot_ensemble_masked.maf.gz,6ca56d3f-9acf-4ef9-a103-7caa964f0100,Simple Nucleotide Variation,masked_somatic_mutation,Illumina,45559,2022-08-01T16:45:59.865329-05:00,04620452a9942c8c74a1276c44ed5ce7,2024-07-31T06:28:46.802752-05:00,c1b30b2d-d92e-4d52-90f1-846bf9f5dba9,Masked Somatic Mutation,released,WXS,2,35.0 - 46.0,TCGA-LUAD,6fff4085-c76f-4d54-b740-80927990ff9f,released,b7179d2e-e846-4247-a963-c960ea4511c8,https://github.com/NCI-GDC/aliquot-maf-cwl/blob/3dd621a8745ee2b91716911604bf3f096337a9b7/ensemble_aliquot_maf/ensemble_aliquot_maf_wf.cwl,Aliquot Ensemble Somatic Variant Merging and Masking,3dd621a8745ee2b91716911604bf3f096337a9b7,
c212ca6c-4b04-40fb-ab4c-203f544cd337,MAF,"TCGA-MP-A4TK-01A-11D-A24P-08,TCGA-MP-A4TK-10A-01D-A24P-08",open,25578ff6-f477-4506-89ab-52018cd75aef.wxs.aliquot_ensemble_masked.maf.gz,3b37904a-80c6-4c21-a640-c191cac6f0c6,Simple Nucleotide Variation,masked_somatic_mutation,Illumina,115498,2022-08-01T17:01:57.736622-05:00,15e71a36e721cc0dccd4e94a40f06090,2024-07-31T06:36:18.031955-05:00,c212ca6c-4b04-40fb-ab4c-203f544cd337,Masked Somatic Mutation,released,WXS,2,35.0 - 46.0,TCGA-LUAD,0ddd8b72-0768-4cac-ab9b-29fe102a8b43,released,25578ff6-f477-4506-89ab-52018cd75aef,https://github.com/NCI-GDC/aliquot-maf-cwl/blob/3dd621a8745ee2b91716911604bf3f096337a9b7/ensemble_aliquot_maf/ensemble_aliquot_maf_wf.cwl,Aliquot Ensemble Somatic Variant Merging and Masking,3dd621a8745ee2b91716911604bf3f096337a9b7,
b883874a-5435-4fa9-af0d-42bf7056184c,MAF,"TCGA-38-4627-01A-01D-1553-08,TCGA-38-4627-11A-01D-1553-08",open,ca88b9f7-4be5-4972-9635-7e1e0daffd87.wxs.aliquot_ensemble_masked.maf.gz,b8b355a9-7817-4657-8844-716002cb1de8,Simple Nucleotide Variation,masked_somatic_mutation,Illumina,12787,2022-08-01T16:51:53.958764-05:00,4e88c70ea882efebd27c7af98f288d4a,2024-07-31T06:32:33.359439-05:00,b883874a-5435-4fa9-af0d-42bf7056184c,Masked Somatic Mutation,released,WXS,2,35.0 - 46.0,TCGA-LUAD,993237b1-3e18-4073-9697-27a07806e090,released,ca88b9f7-4be5-4972-9635-7e1e0daffd87,https://github.com/NCI-GDC/aliquot-maf-cwl/blob/3dd621a8745ee2b91716911604bf3f096337a9b7/ensemble_aliquot_maf/ensemble_aliquot_maf_wf.cwl,Aliquot Ensemble Somatic Variant Merging and Masking,3dd621a8745ee2b91716911604bf3f096337a9b7,
c07a4a7f-47d3-4049-a447-4307054bc24a,MAF,"TCGA-55-8614-01A-11D-2393-08,TCGA-55-8614-10A-01D-2393-08",open,6f48efa1-82c4-4d2d-9778-1db4ecea6234.wxs.aliquot_ensemble_masked.maf.gz,6383e634-1da8-4131-920f-5fb658ad1c0c,Simple Nucleotide Variation,masked_somatic_mutation,Illumina,84354,2022-08-01T16:48:36.659730-05:00,cd003b54b37c02b1d93b7cdb8e2cc6a3,2024-07-31T06:27:28.812551-05:00,c07a4a7f-47d3-4049-a447-4307054bc24a,Masked Somatic Mutation,released,WXS,2,35.0 - 46.0,TCGA-LUAD,5ee9b3a4-0d80-4bfd-a1c6-0dae3b800c3d,released,6f48efa1-82c4-4d2d-9778-1db4ecea6234,https://github.com/NCI-GDC/aliquot-maf-cwl/blob/3dd621a8745ee2b91716911604bf3f096337a9b7/ensemble_aliquot_maf/ensemble_aliquot_maf_wf.cwl,Aliquot Ensemble Somatic Variant Merging and Masking,3dd621a8745ee2b91716911604bf3f096337a9b7,
c5e20ce6-6a51-4bcb-b383-5758bebf7030,MAF,"TCGA-17-Z051-01A-01W-0747-08,TCGA-17-Z051-11A-01W-0747-08",open,f8ea005c-2de0-4bb8-8009-cfab900cb0fd.wxs.aliquot_ensemble_masked.maf.gz,b3a9186f-6c55-4bb8-8cf7-e3a409ea4401,Simple Nucleotide Variation,masked_somatic_mutation,Illumina,44377,2022-08-01T17:03:51.301695-05:00,a332d2ddf8876a593a53d8bca13f0679,2024-07-31T06:30:07.060701-05:00,c5e20ce6-6a51-4bcb-b383-5758bebf7030,Masked Somatic Mutation,released,WXS,2,35.0 - 46.0,TCGA-LUAD,8c9d86fa-c3d2-4e59-9290-826e27bff4af,released,f8ea005c-2de0-4bb8-8009-cfab900cb0fd,https://github.com/NCI-GDC/aliquot-maf-cwl/blob/3dd621a8745ee2b91716911604bf3f096337a9b7/ensemble_aliquot_maf/ensemble_aliquot_maf_wf.cwl,Aliquot Ensemble Somatic Variant Merging and Masking,3dd621a8745ee2b91716911604bf3f096337a9b7,
acd92446-98f7-4df5-9709-0432b54209e3,MAF,"TCGA-91-6831-01A-11D-1855-08,TCGA-91-6831-11A-02D-1855-08",open,5619e5ba-f527-4b34-915c-3244dc8c268b.wxs.aliquot_ensemble_masked.maf.gz,01f488b8-dc74-4386-b196-1bd59e39e14e,Simple Nucleotide Variation,masked_somatic_mutation,Illumina,92798,2022-08-01T16:59:01.816814-05:00,2ef0b5fe3dbcee01d9cd18edc355c7c9,2024-07-31T06:38:14.526909-05:00,acd92446-98f7-4df5-9709-0432b54209e3,Masked Somatic Mutation,released,WXS,2,35.0 - 46.0,TCGA-LUAD,7f3ceaaa-35fb-4eb9-aca4-cfeaf1f4ecb2,released,5619e5ba-f527-4b34-915c-3244dc8c268b,https://github.com/NCI-GDC/aliquot-maf-cwl/blob/3dd621a8745ee2b91716911604bf3f096337a9b7/ensemble_aliquot_maf/ensemble_aliquot_maf_wf.cwl,Aliquot Ensemble Somatic Variant Merging and Masking,3dd621a8745ee2b91716911604bf3f096337a9b7,
0b5ce87e-670e-465e-a886-0d950281e275,MAF,"TCGA-55-7728-01A-11D-2184-08,TCGA-55-7728-10A-01D-2184-08",open,6fc1ff95-0466-49d8-be2e-ea95bfd8b375.wxs.aliquot_ensemble_masked.maf.gz,bef12f5b-e546-43ca-88fe-ea7b12bb6504,Simple Nucleotide Variation,masked_somatic_mutation,Illumina,33918,2022-08-01T17:03:53.339134-05:00,3c3a12d98354da2d2de69f3d08d9f951,2024-07-31T02:28:17.806270-05:00,0b5ce87e-670e-465e-a886-0d950281e275,Masked Somatic Mutation,released,WXS,2,35.0 - 46.0,TCGA-LUAD,afd181b0-b66f-4393-974c-5035be89fde3,released,6fc1ff95-0466-49d8-be2e-ea95bfd8b375,https://github.com/NCI-GDC/aliquot-maf-cwl/blob/3dd621a8745ee2b91716911604bf3f096337a9b7/ensemble_aliquot_maf/ensemble_aliquot_maf_wf.cwl,Aliquot Ensemble Somatic Variant Merging and Masking,3dd621a8745ee2b91716911604bf3f096337a9b7,
6a8c1df6-1e97-42ba-9cf6-429307324d55,MAF,"TCGA-62-A46O-01A-11D-A24D-08,TCGA-62-A46O-10A-01D-A24F-08",open,b0fbcc5a-9946-497e-85e1-0bcce29e2bb0.wxs.aliquot_ensemble_masked.maf.gz,b23ba6e1-753c-42cb-b386-15d0db9e8bc6,Simple Nucleotide Variation,masked_somatic_mutation,Illumina,286663,2022-08-01T16:45:10.806977-05:00,ab4c0ba622057dd27615a7755e5850fb,2024-07-31T06:30:50.312735-05:00,6a8c1df6-1e97-42ba-9cf6-429307324d55,Masked Somatic Mutation,released,WXS,2,35.0 - 46.0,TCGA-LUAD,057dc130-bb96-4486-a4fa-643851ebc4b9,released,b0fbcc5a-9946-497e-85e1-0bcce29e2bb0,https://github.com/NCI-GDC/aliquot-maf-cwl/blob/3dd621a8745ee2b91716911604bf3f096337a9b7/ensemble_aliquot_maf/ensemble_aliquot_maf_wf.cwl,Aliquot Ensemble Somatic Variant Merging and Masking,3dd621a8745ee2b91716911604bf3f096337a9b7,
9d968a88-d8e1-44bb-a72b-caf60dccd001,MAF,"TCGA-67-6215-01A-11D-1753-08,TCGA-67-6215-10A-01D-1753-08",open,2d08add4-14c6-4cce-9232-07d7a1c7b290.wxs.aliquot_ensemble_masked.maf.gz,1843b2c9-9d75-4448-8bac-8b083635c699,Simple Nucleotide Variation,masked_somatic_mutation,Illumina,36050,2022-08-01T16:54:02.843242-05:00,1fb02f960dc4bed0561a3f9ca39967f4,2024-07-31T06:37:27.641625-05:00,9d968a88-d8e1-44bb-a72b-caf60dccd001,Masked Somatic Mutation,released,WXS,2,35.0 - 46.0,TCGA-LUAD,14850866-3f78-489d-9a65-b56d06cdf73b,released,2d08add4-14c6-4cce-9232-07d7a1c7b290,https://github.com/NCI-GDC/aliquot-maf-cwl/blob/3dd621a8745ee2b91716911604bf3f096337a9b7/ensemble_aliquot_maf/ensemble_aliquot_maf_wf.cwl,Aliquot Ensemble Somatic Variant Merging and Masking,3dd621a8745ee2b91716911604bf3f096337a9b7,
c05b85da-cbbf-4bd5-a253-449272fd61a8,MAF,"TCGA-44-A47G-01A-21D-A24D-08,TCGA-44-A47G-10A-01D-A24F-08",open,d1a3419b-b929-4247-83a1-afd68a3a233e.wxs.aliquot_ensemble_masked.maf.gz,42b603b4-0125-431a-bf04-4d1f3267637c,Simple Nucleotide Variation,masked_somatic_mutation,Illumina,26224,2022-08-01T17:02:55.701805-05:00,544928af53435514355070433b144231,2024-07-31T06:38:32.056266-05:00,c05b85da-cbbf-4bd5-a253-449272fd61a8,Masked Somatic Mutation,released,WXS,2,35.0 - 46.0,TCGA-LUAD,41cb6ffd-67d6-4507-a5f9-3466d6302454,released,d1a3419b-b929-4247-83a1-afd68a3a233e,https://github.com/NCI-GDC/aliquot-maf-cwl/blob/3dd621a8745ee2b91716911604bf3f096337a9b7/ensemble_aliquot_maf/ensemble_aliquot_maf_wf.cwl,Aliquot Ensemble Somatic Variant Merging and Masking,3dd621a8745ee2b91716911604bf3f096337a9b7,
c28969c9-7e3a-4f87-aee0-83eadf2b8edd,MAF,"TCGA-69-7973-01A-11D-2184-08,TCGA-69-7973-10A-01D-2184-08",open,e2d27836-615b-4573-ad60-5ff03edef8b5.wxs.aliquot_ensemble_masked.maf.gz,97a53cff-f0c9-4cef-a58f-3599283dee88,Simple Nucleotide Variation,masked_somatic_mutation,Illumina,89332,2022-08-01T17:04:41.567796-05:00,ad0d9d32228ae28bbc0a3ca2becf1dee,2024-07-31T06:38:20.519411-05:00,c28969c9-7e3a-4f87-aee0-83eadf2b8edd,Masked Somatic Mutation,released,WXS,2,35.0 - 46.0,TCGA-LUAD,8db66d0a-2122-4dbc-b532-cae80a50ed80,released,e2d27836-615b-4573-ad60-5ff03edef8b5,https://github.com/NCI-GDC/aliquot-maf-cwl/blob/3dd621a8745ee2b91716911604bf3f096337a9b7/ensemble_aliquot_maf/ensemble_aliquot_maf_wf.cwl,Aliquot Ensemble Somatic Variant Merging and Masking,3dd621a8745ee2b91716911604bf3f096337a9b7,
bb64cc75-b312-4771-a03f-4a643d7a25c6,MAF,"TCGA-44-5645-01A-01D-A271-08,TCGA-44-5645-10A-01D-1625-08",open,b43bce5d-941c-4655-b923-b84664ff99f0.wxs.aliquot_ensemble_masked.maf.gz,66b29d8a-e227-4dac-85c6-cb73dd5244e3,Simple Nucleotide Variation,masked_somatic_mutation,Illumina,16754,2022-08-01T16:40:57.019796-05:00,0128fc9aa854f3ffc4c6d73079f5a24d,2024-07-31T06:27:27.457386-05:00,bb64cc75-b312-4771-a03f-4a643d7a25c6,Masked Somatic Mutation,released,WXS,2,35.0 - 46.0,TCGA-LUAD,e39e3e77-46d8-4759-bbe2-c1e7f92e53af,released,b43bce5d-941c-4655-b923-b84664ff99f0,https://github.com/NCI-GDC/aliquot-maf-cwl/blob/3dd621a8745ee2b91716911604bf3f096337a9b7/ensemble_aliquot_maf/ensemble_aliquot_maf_wf.cwl,Aliquot Ensemble Somatic Variant Merging and Masking,3dd621a8745ee2b91716911604bf3f096337a9b7,
9e010773-e98c-4202-b149-62b55e62f987,MAF,"TCGA-44-5645-01A-01D-1625-08,TCGA-44-5645-10A-01D-1625-08",open,46618f2c-8c14-4d49-8462-9300815d975f.wxs.aliquot_ensemble_masked.maf.gz,5a2e9a98-21b3-49b1-96e1-ba8ab7840d69,Simple Nucleotide Variation,masked_somatic_mutation,Illumina,17265,2022-08-01T16:41:01.121544-05:00,6da8ccfc120c3ee8bc9bb8b6de63f79b,2024-07-31T06:33:53.069912-05:00,9e010773-e98c-4202-b149-62b55e62f987,Masked Somatic Mutation,released,WXS,2,35.0 - 46.0,TCGA-LUAD,8bf4c27b-37c7-443d-b482-3f459e80e620,released,46618f2c-8c14-4d49-8462-9300815d975f,https://github.com/NCI-GDC/aliquot-maf-cwl/blob/3dd621a8745ee2b91716911604bf3f096337a9b7/ensemble_aliquot_maf/ensemble_aliquot_maf_wf.cwl,Aliquot Ensemble Somatic Variant Merging and Masking,3dd621a8745ee2b91716911604bf3f096337a9b7,
b5437fa8-d470-4b69-b53e-c3c187b3a79e,MAF,"TCGA-44-2666-01A-01D-1489-08,TCGA-44-2666-10A-01D-A271-08",open,5af9475d-ad77-4393-a262-06fb775d6c01.wxs.aliquot_ensemble_masked.maf.gz,02628409-14a3-4ae8-a60d-6a153a69f425,Simple Nucleotide Variation,masked_somatic_mutation,Illumina,12602,2022-08-01T16:55:28.889663-05:00,831279901ee8e167882a575e82d1856c,2024-07-31T06:37:02.399188-05:00,b5437fa8-d470-4b69-b53e-c3c187b3a79e,Masked Somatic Mutation,released,WXS,2,35.0 - 46.0,TCGA-LUAD,f27ea1ce-7f20-4147-a386-c7718893f02b,released,5af9475d-ad77-4393-a262-06fb775d6c01,https://github.com/NCI-GDC/aliquot-maf-cwl/blob/3dd621a8745ee2b91716911604bf3f096337a9b7/ensemble_aliquot_maf/ensemble_aliquot_maf_wf.cwl,Aliquot Ensemble Somatic Variant Merging and Masking,3dd621a8745ee2b91716911604bf3f096337a9b7,
28689bdd-855b-43f4-b8da-fc625b8321a9,MAF,"TCGA-62-A46S-01A-11D-A24D-08,TCGA-62-A46S-10A-01D-A24F-08",open,567aae04-131f-4f4f-9c0c-080c0971d931.wxs.aliquot_ensemble_masked.maf.gz,c0241ab6-2e39-47cc-a436-2316e5d38f4c,Simple Nucleotide Variation,masked_somatic_mutation,Illumina,44497,2022-08-01T16:45:22.351023-05:00,a87b3f6ed614f53eb9433f83d37eedef,2024-07-31T06:29:11.367767-05:00,28689bdd-855b-43f4-b8da-fc625b8321a9,Masked Somatic Mutation,released,WXS,2,35.0 - 46.0,TCGA-LUAD,c874502a-a797-441e-8a05-f83800400474,released,567aae04-131f-4f4f-9c0c-080c0971d931,https://github.com/NCI-GDC/aliquot-maf-cwl/blob/3dd621a8745ee2b91716911604bf3f096337a9b7/ensemble_aliquot_maf/ensemble_aliquot_maf_wf.cwl,Aliquot Ensemble Somatic Variant Merging and Masking,3dd621a8745ee2b91716911604bf3f096337a9b7,
2af73f9c-cbf2-4796-815a-13e66d7e41f0,MAF,"TCGA-44-2666-01A-41D-A27T-08,TCGA-44-2666-10A-01D-A271-08",open,df70268e-35b9-432f-bffa-f30fc2ac687f.wxs.aliquot_ensemble_masked.maf.gz,207e91b1-457b-4f41-a6a1-b9baa08ede2f,Simple Nucleotide Variation,masked_somatic_mutation,Illumina,13965,2022-08-01T16:40:12.157601-05:00,4c55318d239bf45211f648c52cd95754,2024-07-31T06:26:39.894239-05:00,2af73f9c-cbf2-4796-815a-13e66d7e41f0,Masked Somatic Mutation,released,WXS,2,35.0 - 46.0,TCGA-LUAD,3beab2f0-e3b0-401e-9c44-dcfabc2dde40,released,df70268e-35b9-432f-bffa-f30fc2ac687f,https://github.com/NCI-GDC/aliquot-maf-cwl/blob/3dd621a8745ee2b91716911604bf3f096337a9b7/ensemble_aliquot_maf/ensemble_aliquot_maf_wf.cwl,Aliquot Ensemble Somatic Variant Merging and Masking,3dd621a8745ee2b91716911604bf3f096337a9b7,
7014fc4d-6f54-410c-ac28-4d2cc231ed8c,MAF,"TCGA-44-2666-01A-21D-A27T-08,TCGA-44-2666-10A-01D-A271-08",open,10adc108-a762-4cba-8379-5ddbbefe439d.wxs.aliquot_ensemble_masked.maf.gz,b858aafe-c2ae-4a0e-959d-73bb3f22a290,Simple Nucleotide Variation,masked_somatic_mutation,Illumina,13739,2022-08-01T16:46:12.962577-05:00,bc900e2a954a30f5e5d7b6dcb7a84d11,2024-07-31T06:33:39.397600-05:00,7014fc4d-6f54-410c-ac28-4d2cc231ed8c,Masked Somatic Mutation,released,WXS,2,35.0 - 46.0,TCGA-LUAD,d2cb9365-76b0-4b6f-9714-65ef6335d0b7,released,10adc108-a762-4cba-8379-5ddbbefe439d,https://github.com/NCI-GDC/aliquot-maf-cwl/blob/3dd621a8745ee2b91716911604bf3f096337a9b7/ensemble_aliquot_maf/ensemble_aliquot_maf_wf.cwl,Aliquot Ensemble Somatic Variant Merging and Masking,3dd621a8745ee2b91716911604bf3f096337a9b7,
a617ea8d-9067-47d2-bea1-e6bcd10659b8,MAF,"TCGA-44-2666-01A-01D-A271-08,TCGA-44-2666-10A-01D-A271-08",open,591a8236-b11b-46c4-99d8-eb142dfbf6c0.wxs.aliquot_ensemble_masked.maf.gz,646f6c9f-dfc8-47ec-bef2-308a1df6fd61,Simple Nucleotide Variation,masked_somatic_mutation,Illumina,11933,2022-08-01T16:55:35.868836-05:00,003ca2acc7090d2ea5786dd1abe8d109,2024-07-31T06:28:31.601433-05:00,a617ea8d-9067-47d2-bea1-e6bcd10659b8,Masked Somatic Mutation,released,WXS,2,35.0 - 46.0,TCGA-LUAD,29553e92-31c4-4cd7-ac07-e4b981b6c72c,released,591a8236-b11b-46c4-99d8-eb142dfbf6c0,https://github.com/NCI-GDC/aliquot-maf-cwl/blob/3dd621a8745ee2b91716911604bf3f096337a9b7/ensemble_aliquot_maf/ensemble_aliquot_maf_wf.cwl,Aliquot Ensemble Somatic Variant Merging and Masking,3dd621a8745ee2b91716911604bf3f096337a9b7,
a75e3445-1617-494d-ac38-71e781f0f1c7,MAF,"TCGA-55-8087-01A-11D-2238-08,TCGA-55-8087-10A-01D-2238-08",open,f23b4acf-62d8-4d13-b9fd-af057efe30e4.wxs.aliquot_ensemble_masked.maf.gz,23e1baff-8538-4271-845e-d070e90bb37b,Simple Nucleotide Variation,masked_somatic_mutation,Illumina,13229,2022-08-01T16:59:39.819127-05:00,1585597ae6937d51d3c766a2cd3810e7,2024-07-31T06:36:53.070634-05:00,a75e3445-1617-494d-ac38-71e781f0f1c7,Masked Somatic Mutation,released,WXS,2,35.0 - 46.0,TCGA-LUAD,ad6da0d8-6732-4a69-92bd-b7a2190584ed,released,f23b4acf-62d8-4d13-b9fd-af057efe30e4,https://github.com/NCI-GDC/aliquot-maf-cwl/blob/3dd621a8745ee2b91716911604bf3f096337a9b7/ensemble_aliquot_maf/ensemble_aliquot_maf_wf.cwl,Aliquot Ensemble Somatic Variant Merging and Masking,3dd621a8745ee2b91716911604bf3f096337a9b7,
7fd0843f-92c9-4e4f-b75e-d351758a2070,MAF,"TCGA-55-6985-01A-11D-1945-08,TCGA-55-6985-11A-01D-1945-08",open,455d4d85-b525-458c-ae66-61782f685527.wxs.aliquot_ensemble_masked.maf.gz,01a02641-1144-487f-a806-3eb92ac96454,Simple Nucleotide Variation,masked_somatic_mutation,Illumina,146421,2022-08-01T16:46:03.464973-05:00,a5507923abf0878d6bb9df7b1990d031,2024-07-31T06:29:15.425673-05:00,7fd0843f-92c9-4e4f-b75e-d351758a2070,Masked Somatic Mutation,released,WXS,2,35.0 - 46.0,TCGA-LUAD,89f10b1f-4852-4661-937e-6a47289bb7e2,released,455d4d85-b525-458c-ae66-61782f685527,https://github.com/NCI-GDC/aliquot-maf-cwl/blob/3dd621a8745ee2b91716911604bf3f096337a9b7/ensemble_aliquot_maf/ensemble_aliquot_maf_wf.cwl,Aliquot Ensemble Somatic Variant Merging and Masking,3dd621a8745ee2b91716911604bf3f096337a9b7,
07d5681a-c07b-4a25-bfc3-c8b56e36445c,MAF,"TCGA-J2-A4AE-01A-21D-A24D-08,TCGA-J2-A4AE-10A-01D-A24F-08",open,781eaeea-7011-4738-84ec-da4e8534af1d.wxs.aliquot_ensemble_masked.maf.gz,72d75684-e606-44c5-b11e-4cade835e4fe,Simple Nucleotide Variation,masked_somatic_mutation,Illumina,21928,2022-08-01T17:04:09.727459-05:00,a48e46eb0d74f3455a32f6b02c49c0b4,2024-07-31T06:33:55.947089-05:00,07d5681a-c07b-4a25-bfc3-c8b56e36445c,Masked Somatic Mutation,released,WXS,2,35.0 - 46.0,TCGA-LUAD,f827dc8e-4129-4f56-9569-a0ae036e0478,released,781eaeea-7011-4738-84ec-da4e8534af1d,https://github.com/NCI-GDC/aliquot-maf-cwl/blob/3dd621a8745ee2b91716911604bf3f096337a9b7/ensemble_aliquot_maf/ensemble_aliquot_maf_wf.cwl,Aliquot Ensemble Somatic Variant Merging and Masking,3dd621a8745ee2b91716911604bf3f096337a9b7,
dedaef8d-74fa-4e98-9d81-5ee7e50e4398,MAF,"TCGA-62-A470-01A-11D-A24D-08,TCGA-62-A470-10A-01D-A24F-08",open,a1013e4c-657f-439a-a3e6-7a63c651231a.wxs.aliquot_ensemble_masked.maf.gz,9b21f9bd-9ac4-4280-b394-3f3711f894d8,Simple Nucleotide Variation,masked_somatic_mutation,Illumina,43889,2022-08-01T17:00:57.636567-05:00,a8415ec04f3b7b94b7594268963c46aa,2024-07-31T06:38:43.294900-05:00,dedaef8d-74fa-4e98-9d81-5ee7e50e4398,Masked Somatic Mutation,released,WXS,2,35.0 - 46.0,TCGA-LUAD,812dc13b-5aa5-4180-ab29-3644c8bd6e4f,released,a1013e4c-657f-439a-a3e6-7a63c651231a,https://github.com/NCI-GDC/aliquot-maf-cwl/blob/3dd621a8745ee2b91716911604bf3f096337a9b7/ensemble_aliquot_maf/ensemble_aliquot_maf_wf.cwl,Aliquot Ensemble Somatic Variant Merging and Masking,3dd621a8745ee2b91716911604bf3f096337a9b7,
4b2e43e5-e9c7-478f-ac1c-cc5494b5cc8f,MAF,"TCGA-55-6543-01A-11D-1753-08,TCGA-55-6543-10A-01D-1753-08",open,213c9ec5-b8c5-4885-a56b-9c2eb790e018.wxs.aliquot_ensemble_masked.maf.gz,a90cc3c1-302e-4774-a994-7362f4649fdc,Simple Nucleotide Variation,masked_somatic_mutation,Illumina,11134,2022-08-01T16:42:56.529332-05:00,9814cf037f6f41d5b678a4945a59a91a,2024-07-31T06:34:34.756741-05:00,4b2e43e5-e9c7-478f-ac1c-cc5494b5cc8f,Masked Somatic Mutation,released,WXS,2,35.0 - 46.0,TCGA-LUAD,aace8259-9538-4a0a-9e00-934499f9bfce,released,213c9ec5-b8c5-4885-a56b-9c2eb790e018,https://github.com/NCI-GDC/aliquot-maf-cwl/blob/3dd621a8745ee2b91716911604bf3f096337a9b7/ensemble_aliquot_maf/ensemble_aliquot_maf_wf.cwl,Aliquot Ensemble Somatic Variant Merging and Masking,3dd621a8745ee2b91716911604bf3f096337a9b7,
9ea07ea8-c64e-4236-897b-13006bcda9f2,MAF,"TCGA-91-A4BC-01A-11D-A24D-08,TCGA-91-A4BC-10A-01D-A24F-08",open,b8e06bde-d36d-418c-bcee-6f03708def99.wxs.aliquot_ensemble_masked.maf.gz,e3f7a9a7-9f5a-4a57-ae75-9870a1beaf48,Simple Nucleotide Variation,masked_somatic_mutation,Illumina,136419,2022-08-01T17:03:48.907623-05:00,92e08ce1b30e4363126c3f61efc4ab91,2024-07-31T06:37:17.919242-05:00,9ea07ea8-c64e-4236-897b-13006bcda9f2,Masked Somatic Mutation,released,WXS,2,35.0 - 46.0,TCGA-LUAD,9c961e43-e2c7-467e-ac84-2b231552ad4e,released,b8e06bde-d36d-418c-bcee-6f03708def99,https://github.com/NCI-GDC/aliquot-maf-cwl/blob/3dd621a8745ee2b91716911604bf3f096337a9b7/ensemble_aliquot_maf/ensemble_aliquot_maf_wf.cwl,Aliquot Ensemble Somatic Variant Merging and Masking,3dd621a8745ee2b91716911604bf3f096337a9b7,
d61d17d6-916d-4f9e-b2bc-d878ccfad1c6,MAF,"TCGA-55-7995-01A-11D-2184-08,TCGA-55-7995-10A-01D-2184-08",open,2b394698-3077-43ba-b32f-678399805f34.wxs.aliquot_ensemble_masked.maf.gz,ffc44460-595c-448d-9a6c-ad903d1068e2,Simple Nucleotide Variation,masked_somatic_mutation,Illumina,218607,2022-08-01T16:57:33.222495-05:00,8e67504f077634aaeaf87b385c5c182f,2024-07-31T06:38:29.602750-05:00,d61d17d6-916d-4f9e-b2bc-d878ccfad1c6,Masked Somatic Mutation,released,WXS,2,35.0 - 46.0,TCGA-LUAD,a3b29aeb-3bb8-4cf7-b1e8-66dca1ae8c20,released,2b394698-3077-43ba-b32f-678399805f34,https://github.com/NCI-GDC/aliquot-maf-cwl/blob/3dd621a8745ee2b91716911604bf3f096337a9b7/ensemble_aliquot_maf/ensemble_aliquot_maf_wf.cwl,Aliquot Ensemble Somatic Variant Merging and Masking,3dd621a8745ee2b91716911604bf3f096337a9b7,
fa1256ab-223b-4af0-90d1-6cd404fcb585,MAF,"TCGA-50-5936-01A-11D-1625-08,TCGA-50-5936-11A-01D-1625-08",open,275640ab-8485-40fc-a9b7-bfad6eb75796.wxs.aliquot_ensemble_masked.maf.gz,4bca3dad-9c94-47a3-b5bf-1e34fe84e388,Simple Nucleotide Variation,masked_somatic_mutation,Illumina,41298,2022-08-01T17:02:44.534885-05:00,f4455510f01685f780f9608b900540f8,2024-07-31T06:34:18.820446-05:00,fa1256ab-223b-4af0-90d1-6cd404fcb585,Masked Somatic Mutation,released,WXS,2,35.0 - 46.0,TCGA-LUAD,fc338f1e-c354-46ee-982b-d32e79320776,released,275640ab-8485-40fc-a9b7-bfad6eb75796,https://github.com/NCI-GDC/aliquot-maf-cwl/blob/3dd621a8745ee2b91716911604bf3f096337a9b7/ensemble_aliquot_maf/ensemble_aliquot_maf_wf.cwl,Aliquot Ensemble Somatic Variant Merging and Masking,3dd621a8745ee2b91716911604bf3f096337a9b7,
3b20883e-ea60-4c63-8f61-acd6ed5a8125,MAF,"TCGA-44-2668-01A-01D-A271-08,TCGA-44-2668-10A-01D-1489-08",open,42148863-8ba8-4fad-b30f-348f37ece4cf.wxs.aliquot_ensemble_masked.maf.gz,c282ca27-a135-4537-a86a-1e0716288fb8,Simple Nucleotide Variation,masked_somatic_mutation,Illumina,117531,2022-08-01T16:43:59.502195-05:00,c9f35c92adb2ef672eb00660ba7b2a4c,2024-07-31T06:26:16.859915-05:00,3b20883e-ea60-4c63-8f61-acd6ed5a8125,Masked Somatic Mutation,released,WXS,2,35.0 - 46.0,TCGA-LUAD,74b4f34f-4b93-4b30-ad12-a77cb8b8d324,released,42148863-8ba8-4fad-b30f-348f37ece4cf,https://github.com/NCI-GDC/aliquot-maf-cwl/blob/3dd621a8745ee2b91716911604bf3f096337a9b7/ensemble_aliquot_maf/ensemble_aliquot_maf_wf.cwl,Aliquot Ensemble Somatic Variant Merging and Masking,3dd621a8745ee2b91716911604bf3f096337a9b7,
e6eba534-2f5c-4001-a45f-aedea1b56a81,MAF,"TCGA-86-8668-01A-11D-2393-08,TCGA-86-8668-10A-01D-2393-08",open,1da0bfb1-2d97-46f0-8936-5f994af9c44d.wxs.aliquot_ensemble_masked.maf.gz,d125972a-90eb-4d8d-9775-12a739db7816,Simple Nucleotide Variation,masked_somatic_mutation,Illumina,14309,2022-08-01T16:50:51.723074-05:00,8d26a36c782cbcc3bdfcadc988a8eaf6,2024-07-31T06:29:42.303300-05:00,e6eba534-2f5c-4001-a45f-aedea1b56a81,Masked Somatic Mutation,released,WXS,2,35.0 - 46.0,TCGA-LUAD,2f25d778-434a-4342-81a6-686283065713,released,1da0bfb1-2d97-46f0-8936-5f994af9c44d,https://github.com/NCI-GDC/aliquot-maf-cwl/blob/3dd621a8745ee2b91716911604bf3f096337a9b7/ensemble_aliquot_maf/ensemble_aliquot_maf_wf.cwl,Aliquot Ensemble Somatic Variant Merging and Masking,3dd621a8745ee2b91716911604bf3f096337a9b7,
7b500bb0-30fb-4431-bec8-2903a949a40a,MAF,"TCGA-17-Z043-01A-01W-0746-08,TCGA-17-Z043-11A-01W-0746-08",open,9cc9e034-5f42-47e1-a304-3e2d2935f57a.wxs.aliquot_ensemble_masked.maf.gz,9d389438-732b-4c1e-ac08-dc98317b2477,Simple Nucleotide Variation,masked_somatic_mutation,Illumina,65923,2022-08-01T16:38:50.737184-05:00,00c54a13c3edb86187effc6e410844bf,2024-07-31T06:28:53.269819-05:00,7b500bb0-30fb-4431-bec8-2903a949a40a,Masked Somatic Mutation,released,WXS,2,35.0 - 46.0,TCGA-LUAD,cc1ca7b3-98b1-41d4-92bc-0bf885e865d0,released,9cc9e034-5f42-47e1-a304-3e2d2935f57a,https://github.com/NCI-GDC/aliquot-maf-cwl/blob/3dd621a8745ee2b91716911604bf3f096337a9b7/ensemble_aliquot_maf/ensemble_aliquot_maf_wf.cwl,Aliquot Ensemble Somatic Variant Merging and Masking,3dd621a8745ee2b91716911604bf3f096337a9b7,
6c4ea4ee-dcfc-4481-80ed-c146c2ff9818,MAF,"TCGA-86-8673-01A-11D-2393-08,TCGA-86-8673-10A-01D-2393-08",open,a8f2869c-be4d-4112-8508-9de3d1141105.wxs.aliquot_ensemble_masked.maf.gz,55484358-a65a-42b4-bff2-3037109931d1,Simple Nucleotide Variation,masked_somatic_mutation,Illumina,151743,2022-08-01T16:38:44.026134-05:00,9b5e49412960f97908f1f45839475b0b,2024-07-31T06:28:44.262585-05:00,6c4ea4ee-dcfc-4481-80ed-c146c2ff9818,Masked Somatic Mutation,released,WXS,2,35.0 - 46.0,TCGA-LUAD,9ffa79de-5f6a-48a6-922b-4eb99e180d4d,released,a8f2869c-be4d-4112-8508-9de3d1141105,https://github.com/NCI-GDC/aliquot-maf-cwl/blob/3dd621a8745ee2b91716911604bf3f096337a9b7/ensemble_aliquot_maf/ensemble_aliquot_maf_wf.cwl,Aliquot Ensemble Somatic Variant Merging and Masking,3dd621a8745ee2b91716911604bf3f096337a9b7,
c1e449cd-167f-41bf-9a90-f1426c88e1da,MAF,"TCGA-97-7937-01A-11D-2167-08,TCGA-97-7937-10A-01D-2167-08",open,21b53a70-5a74-49b3-bf88-957cded57e82.wxs.aliquot_ensemble_masked.maf.gz,c997d297-c4be-44a4-92ee-ef6bf1dc6b5d,Simple Nucleotide Variation,masked_somatic_mutation,Illumina,152141,2022-08-01T16:50:15.184604-05:00,da78f9ecc2de6a46a1926ad787621775,2024-07-31T06:37:41.715615-05:00,c1e449cd-167f-41bf-9a90-f1426c88e1da,Masked Somatic Mutation,released,WXS,2,35.0 - 46.0,TCGA-LUAD,bd83a810-3c17-4fba-94f1-34c908f977e9,released,21b53a70-5a74-49b3-bf88-957cded57e82,https://github.com/NCI-GDC/aliquot-maf-cwl/blob/3dd621a8745ee2b91716911604bf3f096337a9b7/ensemble_aliquot_maf/ensemble_aliquot_maf_wf.cwl,Aliquot Ensemble Somatic Variant Merging and Masking,3dd621a8745ee2b91716911604bf3f096337a9b7,
04b50865-c367-44be-8288-3c5464135074,MAF,"TCGA-44-3398-01A-01D-1105-08,TCGA-44-3398-10A-01D-1105-08",open,32131c87-c7db-41cc-990c-f62e1788ad0d.wxs.aliquot_ensemble_masked.maf.gz,47e39cf5-62fe-4c75-913d-f57897a3c379,Simple Nucleotide Variation,masked_somatic_mutation,Illumina,61332,2022-08-01T16:51:02.238949-05:00,807abefa65a27f7eb0028712e592d589,2024-07-31T06:26:03.727055-05:00,04b50865-c367-44be-8288-3c5464135074,Masked Somatic Mutation,released,WXS,2,35.0 - 46.0,TCGA-LUAD,d0d847a2-931a-4526-995b-8e84994ca923,released,32131c87-c7db-41cc-990c-f62e1788ad0d,https://github.com/NCI-GDC/aliquot-maf-cwl/blob/3dd621a8745ee2b91716911604bf3f096337a9b7/ensemble_aliquot_maf/ensemble_aliquot_maf_wf.cwl,Aliquot Ensemble Somatic Variant Merging and Masking,3dd621a8745ee2b91716911604bf3f096337a9b7,
f6d87a44-2ad8-42e6-aeae-f14e1c584b3a,MAF,"TCGA-49-4487-01A-21D-1855-08,TCGA-49-4487-11A-01D-1855-08",open,d81816b6-49c1-4f0e-9798-5e50a0d44582.wxs.aliquot_ensemble_masked.maf.gz,435ec3f5-665c-4780-9cce-bc8e5de9320e,Simple Nucleotide Variation,masked_somatic_mutation,Illumina,114956,2022-08-01T17:04:54.088106-05:00,c4fcb73a198d0f211ef6fb975b88ceef,2024-07-31T06:38:00.351594-05:00,f6d87a44-2ad8-42e6-aeae-f14e1c584b3a,Masked Somatic Mutation,released,WXS,2,35.0 - 46.0,TCGA-LUAD,c99c1ea1-1424-421b-9153-2d14d69c9bb6,released,d81816b6-49c1-4f0e-9798-5e50a0d44582,https://github.com/NCI-GDC/aliquot-maf-cwl/blob/3dd621a8745ee2b91716911604bf3f096337a9b7/ensemble_aliquot_maf/ensemble_aliquot_maf_wf.cwl,Aliquot Ensemble Somatic Variant Merging and Masking,3dd621a8745ee2b91716911604bf3f096337a9b7,
e39fc5e4-1189-43d4-ae37-755097be758b,MAF,"TCGA-MP-A4TE-01A-22D-A25L-08,TCGA-MP-A4TE-10A-01D-A25L-08",open,09f954ab-0a5a-4615-8a18-06a435bba86c.wxs.aliquot_ensemble_masked.maf.gz,82facd57-2de6-47f6-a53c-571d05e9b1d1,Simple Nucleotide Variation,masked_somatic_mutation,Illumina,51445,2022-08-01T16:38:04.670771-05:00,7bfdeb23a0d8221e94042c8a4049e1e0,2024-07-31T06:30:11.218216-05:00,e39fc5e4-1189-43d4-ae37-755097be758b,Masked Somatic Mutation,released,WXS,2,35.0 - 46.0,TCGA-LUAD,733c23ad-f875-4a57-ae6f-d43861555adb,released,09f954ab-0a5a-4615-8a18-06a435bba86c,https://github.com/NCI-GDC/aliquot-maf-cwl/blob/3dd621a8745ee2b91716911604bf3f096337a9b7/ensemble_aliquot_maf/ensemble_aliquot_maf_wf.cwl,Aliquot Ensemble Somatic Variant Merging and Masking,3dd621a8745ee2b91716911604bf3f096337a9b7,
94654125-5390-4d38-9c65-93c24c8268ce,MAF,"TCGA-44-A4SU-01A-11D-A24P-08,TCGA-44-A4SU-10A-01D-A24P-08",open,d9e730a8-0442-4679-8154-4bc09b39e16a.wxs.aliquot_ensemble_masked.maf.gz,81e8c28f-7e0c-4f49-8c0a-6b308f9dfd8a,Simple Nucleotide Variation,masked_somatic_mutation,Illumina,49529,2022-08-01T17:04:01.660891-05:00,3d4e6ecb78b269ac4248398511fc99e7,2024-07-31T06:33:10.984568-05:00,94654125-5390-4d38-9c65-93c24c8268ce,Masked Somatic Mutation,released,WXS,2,35.0 - 46.0,TCGA-LUAD,da4181a2-bc06-442e-bc44-29c589bf20e1,released,d9e730a8-0442-4679-8154-4bc09b39e16a,https://github.com/NCI-GDC/aliquot-maf-cwl/blob/3dd621a8745ee2b91716911604bf3f096337a9b7/ensemble_aliquot_maf/ensemble_aliquot_maf_wf.cwl,Aliquot Ensemble Somatic Variant Merging and Masking,3dd621a8745ee2b91716911604bf3f096337a9b7,
f47a40cf-68d7-41db-94dd-d234416fc39f,MAF,"TCGA-55-7907-01A-11D-2167-08,TCGA-55-7907-10A-01D-2167-08",open,3e21f17a-1c29-4016-a61f-146b5d131f44.wxs.aliquot_ensemble_masked.maf.gz,658ca716-8e63-4755-994a-3095c6dc62b0,Simple Nucleotide Variation,masked_somatic_mutation,Illumina,378328,2022-08-01T16:39:09.588883-05:00,8095f8bf4d5b396504fab9211434e2b3,2024-07-31T06:31:13.405495-05:00,f47a40cf-68d7-41db-94dd-d234416fc39f,Masked Somatic Mutation,released,WXS,2,35.0 - 46.0,TCGA-LUAD,43116415-c2a5-41fb-a299-32f6adc73a04,released,3e21f17a-1c29-4016-a61f-146b5d131f44,https://github.com/NCI-GDC/aliquot-maf-cwl/blob/3dd621a8745ee2b91716911604bf3f096337a9b7/ensemble_aliquot_maf/ensemble_aliquot_maf_wf.cwl,Aliquot Ensemble Somatic Variant Merging and Masking,3dd621a8745ee2b91716911604bf3f096337a9b7,
d4156a36-d1e3-4de0-9427-0effe07cbe21,MAF,"TCGA-97-A4M1-01A-11D-A24P-08,TCGA-97-A4M1-10A-01D-A24P-08",open,4e80d102-460c-4555-a5b0-8c95a1676712.wxs.aliquot_ensemble_masked.maf.gz,0dc1b8c1-bf8c-41a8-b6c8-17287b78f396,Simple Nucleotide Variation,masked_somatic_mutation,Illumina,20671,2022-08-01T16:41:18.510997-05:00,5d735377d0555221b3c9c2a0673a2be4,2024-07-31T06:28:40.993446-05:00,d4156a36-d1e3-4de0-9427-0effe07cbe21,Masked Somatic Mutation,released,WXS,2,35.0 - 46.0,TCGA-LUAD,d93da465-c105-46cd-bfd6-67337ca0c3c3,released,4e80d102-460c-4555-a5b0-8c95a1676712,https://github.com/NCI-GDC/aliquot-maf-cwl/blob/3dd621a8745ee2b91716911604bf3f096337a9b7/ensemble_aliquot_maf/ensemble_aliquot_maf_wf.cwl,Aliquot Ensemble Somatic Variant Merging and Masking,3dd621a8745ee2b91716911604bf3f096337a9b7,
7649191a-1cc7-4936-907e-9e6f9e0529bf,MAF,"TCGA-86-8672-01A-21D-2393-08,TCGA-86-8672-10A-01D-2393-08",open,46771022-a605-4e9f-96b5-ba2c3cb7c47f.wxs.aliquot_ensemble_masked.maf.gz,099f1203-893e-4fd4-8776-b69bf0f9b47e,Simple Nucleotide Variation,masked_somatic_mutation,Illumina,105817,2022-08-01T16:52:06.236687-05:00,20267babd7c400d920b4c157f2b8a75f,2024-07-31T06:25:52.854961-05:00,7649191a-1cc7-4936-907e-9e6f9e0529bf,Masked Somatic Mutation,released,WXS,2,35.0 - 46.0,TCGA-LUAD,f88907e0-310f-4dc2-b6b1-b4324bbf5a56,released,46771022-a605-4e9f-96b5-ba2c3cb7c47f,https://github.com/NCI-GDC/aliquot-maf-cwl/blob/3dd621a8745ee2b91716911604bf3f096337a9b7/ensemble_aliquot_maf/ensemble_aliquot_maf_wf.cwl,Aliquot Ensemble Somatic Variant Merging and Masking,3dd621a8745ee2b91716911604bf3f096337a9b7,
dc39b9bf-3853-4d10-87e1-d7f7c8fe4cf3,MAF,"TCGA-78-7160-01A-11D-2036-08,TCGA-78-7160-10A-01D-2036-08",open,f0400c27-d826-4c7f-8993-15d8f84d58d9.wxs.aliquot_ensemble_masked.maf.gz,e0f651c1-6dd8-4ff8-a552-71061f012091,Simple Nucleotide Variation,masked_somatic_mutation,Illumina,18968,2022-08-01T16:48:49.705016-05:00,14dc931e9e8be4d3d123c98fd54ea566,2024-07-31T06:29:26.119125-05:00,dc39b9bf-3853-4d10-87e1-d7f7c8fe4cf3,Masked Somatic Mutation,released,WXS,2,35.0 - 46.0,TCGA-LUAD,6b072ed4-7c98-441c-b042-840cea348698,released,f0400c27-d826-4c7f-8993-15d8f84d58d9,https://github.com/NCI-GDC/aliquot-maf-cwl/blob/3dd621a8745ee2b91716911604bf3f096337a9b7/ensemble_aliquot_maf/ensemble_aliquot_maf_wf.cwl,Aliquot Ensemble Somatic Variant Merging and Masking,3dd621a8745ee2b91716911604bf3f096337a9b7,
0df48670-c857-469e-b1fa-c06ca744fc5a,MAF,"TCGA-78-7153-01A-11D-2036-08,TCGA-78-7153-10A-01D-2036-08",open,ca1bf9e3-97e1-4875-91a5-49c7dbff8e17.wxs.aliquot_ensemble_masked.maf.gz,7d755077-e34c-4ff8-bc15-444887b6064b,Simple Nucleotide Variation,masked_somatic_mutation,Illumina,39164,2022-08-01T16:47:14.286822-05:00,d39505471dbd2f543f86efb3c514f684,2024-07-31T06:36:27.625834-05:00,0df48670-c857-469e-b1fa-c06ca744fc5a,Masked Somatic Mutation,released,WXS,2,35.0 - 46.0,TCGA-LUAD,f5733812-ae3f-414c-ba07-0dc51f0ae58d,released,ca1bf9e3-97e1-4875-91a5-49c7dbff8e17,https://github.com/NCI-GDC/aliquot-maf-cwl/blob/3dd621a8745ee2b91716911604bf3f096337a9b7/ensemble_aliquot_maf/ensemble_aliquot_maf_wf.cwl,Aliquot Ensemble Somatic Variant Merging and Masking,3dd621a8745ee2b91716911604bf3f096337a9b7,
d7718619-286f-47ec-9b8c-430fb1a01383,MAF,"TCGA-17-Z031-01A-01W-0746-08,TCGA-17-Z031-11A-01W-0746-08",open,18aded85-5a36-47dd-b6aa-04161318df0c.wxs.aliquot_ensemble_masked.maf.gz,a85c1dc8-9f4e-41e1-b144-5745e3a650ea,Simple Nucleotide Variation,masked_somatic_mutation,Illumina,673801,2022-08-01T16:42:23.536357-05:00,f6f44dbd4886a882ceb63ae077ab51ce,2024-07-31T06:30:25.729128-05:00,d7718619-286f-47ec-9b8c-430fb1a01383,Masked Somatic Mutation,released,WXS,2,35.0 - 46.0,TCGA-LUAD,797857fa-6c56-4c0b-8f5b-53f6135fc28e,released,18aded85-5a36-47dd-b6aa-04161318df0c,https://github.com/NCI-GDC/aliquot-maf-cwl/blob/3dd621a8745ee2b91716911604bf3f096337a9b7/ensemble_aliquot_maf/ensemble_aliquot_maf_wf.cwl,Aliquot Ensemble Somatic Variant Merging and Masking,3dd621a8745ee2b91716911604bf3f096337a9b7,
b29ecd20-c063-4a22-8ea0-dc1c42fe9232,MAF,"TCGA-62-A46R-01A-11D-A24D-08,TCGA-62-A46R-10A-01D-A24F-08",open,2a1ea736-4510-43b7-9cc8-11d437c1a50f.wxs.aliquot_ensemble_masked.maf.gz,61bf536f-e5c3-4442-a9a8-aec8481af273,Simple Nucleotide Variation,masked_somatic_mutation,Illumina,61574,2022-08-01T16:41:35.388927-05:00,321d801e1b15cfd952e3f1abcd3065a7,2024-07-31T06:33:50.504947-05:00,b29ecd20-c063-4a22-8ea0-dc1c42fe9232,Masked Somatic Mutation,released,WXS,2,35.0 - 46.0,TCGA-LUAD,585dc5a4-8ef3-4704-a94d-0c3c46e224fa,released,2a1ea736-4510-43b7-9cc8-11d437c1a50f,https://github.com/NCI-GDC/aliquot-maf-cwl/blob/3dd621a8745ee2b91716911604bf3f096337a9b7/ensemble_aliquot_maf/ensemble_aliquot_maf_wf.cwl,Aliquot Ensemble Somatic Variant Merging and Masking,3dd621a8745ee2b91716911604bf3f096337a9b7,
1ce62e4b-ba0b-4410-a508-569d44de1f4b,MAF,"TCGA-75-6206-01A-11D-1753-08,TCGA-75-6206-10A-01D-1753-08",open,7bba1178-a1a8-4f9e-9ef3-ad41003065f5.wxs.aliquot_ensemble_masked.maf.gz,2dd2a79e-862b-4c24-baa4-e0aa54118ede,Simple Nucleotide Variation,masked_somatic_mutation,Illumina,33145,2022-08-01T16:58:13.157927-05:00,e1ff362ca0a7eaca36e100ceba10b9ce,2024-07-31T06:37:33.151945-05:00,1ce62e4b-ba0b-4410-a508-569d44de1f4b,Masked Somatic Mutation,released,WXS,2,35.0 - 46.0,TCGA-LUAD,2f7482ae-fb04-4420-9042-7a841303838d,released,7bba1178-a1a8-4f9e-9ef3-ad41003065f5,https://github.com/NCI-GDC/aliquot-maf-cwl/blob/3dd621a8745ee2b91716911604bf3f096337a9b7/ensemble_aliquot_maf/ensemble_aliquot_maf_wf.cwl,Aliquot Ensemble Somatic Variant Merging and Masking,3dd621a8745ee2b91716911604bf3f096337a9b7,
e62aaf6b-abf9-4129-9e80-a576432b0437,MAF,"TCGA-86-8671-01A-11D-2393-08,TCGA-86-8671-10A-01D-2393-08",open,7a49bae8-1052-4ade-94eb-843842910c24.wxs.aliquot_ensemble_masked.maf.gz,20b0a0fe-9f40-4422-89c6-9122b7fd6a80,Simple Nucleotide Variation,masked_somatic_mutation,Illumina,11925,2022-08-01T16:40:26.184987-05:00,2aabf8a081debf337a3bf0c0966b4871,2024-07-31T06:29:51.278075-05:00,e62aaf6b-abf9-4129-9e80-a576432b0437,Masked Somatic Mutation,released,WXS,2,35.0 - 46.0,TCGA-LUAD,c96e5500-bf60-4a18-b1bf-854ba1762b7d,released,7a49bae8-1052-4ade-94eb-843842910c24,https://github.com/NCI-GDC/aliquot-maf-cwl/blob/3dd621a8745ee2b91716911604bf3f096337a9b7/ensemble_aliquot_maf/ensemble_aliquot_maf_wf.cwl,Aliquot Ensemble Somatic Variant Merging and Masking,3dd621a8745ee2b91716911604bf3f096337a9b7,
3acb8ab8-4863-4b12-a02c-4e4ef7e38f84,MAF,"TCGA-55-6972-01A-11D-1945-08,TCGA-55-6972-11A-01D-1945-08",open,cdd8cd2b-bd1f-402f-aab5-9e844d1afb1b.wxs.aliquot_ensemble_masked.maf.gz,0a88bb59-e2d7-4a36-9762-685c69368f40,Simple Nucleotide Variation,masked_somatic_mutation,Illumina,93362,2022-08-01T16:51:12.934111-05:00,8f759092b041e9cbe18db4ab80ba47ba,2024-07-31T06:35:09.503280-05:00,3acb8ab8-4863-4b12-a02c-4e4ef7e38f84,Masked Somatic Mutation,released,WXS,2,35.0 - 46.0,TCGA-LUAD,a04545ea-f970-4e0c-8118-36ba8b2b483a,released,cdd8cd2b-bd1f-402f-aab5-9e844d1afb1b,https://github.com/NCI-GDC/aliquot-maf-cwl/blob/3dd621a8745ee2b91716911604bf3f096337a9b7/ensemble_aliquot_maf/ensemble_aliquot_maf_wf.cwl,Aliquot Ensemble Somatic Variant Merging and Masking,3dd621a8745ee2b91716911604bf3f096337a9b7,
0e6f702b-dd24-4d27-87ff-d2dd264c9093,MAF,"TCGA-64-1681-01A-11D-2063-08,TCGA-64-1681-10A-01D-2063-08",open,d308e3a5-99a2-4cd0-9869-26ff76a6dd75.wxs.aliquot_ensemble_masked.maf.gz,550463d2-97dc-427e-a70e-978c1d5f8977,Simple Nucleotide Variation,masked_somatic_mutation,Illumina,27831,2022-08-01T16:45:43.984906-05:00,ccab2954b3ad1c9903f36b5d040ba739,2024-07-31T06:34:26.795858-05:00,0e6f702b-dd24-4d27-87ff-d2dd264c9093,Masked Somatic Mutation,released,WXS,2,35.0 - 46.0,TCGA-LUAD,8c1b2a88-6199-45ea-9a54-fc9960b403c1,released,d308e3a5-99a2-4cd0-9869-26ff76a6dd75,https://github.com/NCI-GDC/aliquot-maf-cwl/blob/3dd621a8745ee2b91716911604bf3f096337a9b7/ensemble_aliquot_maf/ensemble_aliquot_maf_wf.cwl,Aliquot Ensemble Somatic Variant Merging and Masking,3dd621a8745ee2b91716911604bf3f096337a9b7,
7c91d8b3-b6cc-437e-9211-f2a9d1314411,MAF,"TCGA-97-A4M7-01A-11D-A24P-08,TCGA-97-A4M7-10A-01D-A24P-08",open,037ecdc2-dc6a-45fd-8eb3-6fa1fc4db46e.wxs.aliquot_ensemble_masked.maf.gz,4e064060-d9ed-4f9f-b976-38db8fa35994,Simple Nucleotide Variation,masked_somatic_mutation,Illumina,102171,2022-08-01T16:50:13.133998-05:00,72398b668718b1d9c9ed532eaf716efd,2024-07-31T06:36:09.924490-05:00,7c91d8b3-b6cc-437e-9211-f2a9d1314411,Masked Somatic Mutation,released,WXS,2,35.0 - 46.0,TCGA-LUAD,99849724-383e-4e3e-9547-e15f84c24296,released,037ecdc2-dc6a-45fd-8eb3-6fa1fc4db46e,https://github.com/NCI-GDC/aliquot-maf-cwl/blob/3dd621a8745ee2b91716911604bf3f096337a9b7/ensemble_aliquot_maf/ensemble_aliquot_maf_wf.cwl,Aliquot Ensemble Somatic Variant Merging and Masking,3dd621a8745ee2b91716911604bf3f096337a9b7,
88dd94aa-b147-44d9-9a20-f5ee3e0e99c8,MAF,"TCGA-49-4494-01A-01D-1265-08,TCGA-49-4494-11A-01D-1265-08",open,9ebd8976-aa26-491e-8406-86574f6cd76a.wxs.aliquot_ensemble_masked.maf.gz,1b5fb95f-bc33-416e-8099-9698ef6a42d5,Simple Nucleotide Variation,masked_somatic_mutation,Illumina,64239,2022-08-01T16:50:55.784013-05:00,90f3f5f23675a9179b468e12d85c111d,2024-07-31T06:25:40.596871-05:00,88dd94aa-b147-44d9-9a20-f5ee3e0e99c8,Masked Somatic Mutation,released,WXS,2,35.0 - 46.0,TCGA-LUAD,ac2a9b79-8558-4212-8ef5-1117ed6f69c7,released,9ebd8976-aa26-491e-8406-86574f6cd76a,https://github.com/NCI-GDC/aliquot-maf-cwl/blob/3dd621a8745ee2b91716911604bf3f096337a9b7/ensemble_aliquot_maf/ensemble_aliquot_maf_wf.cwl,Aliquot Ensemble Somatic Variant Merging and Masking,3dd621a8745ee2b91716911604bf3f096337a9b7,
cc63c449-f591-4f97-9b72-4f52a103c464,MAF,"TCGA-50-5946-01A-11D-1753-08,TCGA-50-5946-10A-01D-1753-08",open,170e2745-2ad5-4403-9065-5a96121454f8.wxs.aliquot_ensemble_masked.maf.gz,77a6b43e-95e9-4a96-8405-0361dbfce8bb,Simple Nucleotide Variation,masked_somatic_mutation,Illumina,225403,2022-08-01T17:03:24.416333-05:00,72e4f8f85d0e7381aa3dcca6f6b874de,2024-07-31T06:31:01.423268-05:00,cc63c449-f591-4f97-9b72-4f52a103c464,Masked Somatic Mutation,released,WXS,2,35.0 - 46.0,TCGA-LUAD,b400a551-b2fc-439c-a6b5-62371086d5ff,released,170e2745-2ad5-4403-9065-5a96121454f8,https://github.com/NCI-GDC/aliquot-maf-cwl/blob/3dd621a8745ee2b91716911604bf3f096337a9b7/ensemble_aliquot_maf/ensemble_aliquot_maf_wf.cwl,Aliquot Ensemble Somatic Variant Merging and Masking,3dd621a8745ee2b91716911604bf3f096337a9b7,
697edfa6-87d8-49ea-ab54-c413ef80e900,MAF,"TCGA-50-5946-02A-11D-2107-08,TCGA-50-5946-10A-01D-1753-08",open,785f19dd-16f5-4330-914e-0b295835b4d2.wxs.aliquot_ensemble_masked.maf.gz,326d92ed-85a1-40c0-a643-874a888420c2,Simple Nucleotide Variation,masked_somatic_mutation,Illumina,237385,2022-08-01T17:03:13.716973-05:00,d355b82ccc78d6060dc8b24e9ba04d0a,2024-07-31T02:30:20.369342-05:00,697edfa6-87d8-49ea-ab54-c413ef80e900,Masked Somatic Mutation,released,WXS,2,35.0 - 46.0,TCGA-LUAD,c2e4bfc4-cb9e-4bd3-b38f-bb7d8ce1dd30,released,785f19dd-16f5-4330-914e-0b295835b4d2,https://github.com/NCI-GDC/aliquot-maf-cwl/blob/3dd621a8745ee2b91716911604bf3f096337a9b7/ensemble_aliquot_maf/ensemble_aliquot_maf_wf.cwl,Aliquot Ensemble Somatic Variant Merging and Masking,3dd621a8745ee2b91716911604bf3f096337a9b7,
a2a5eafe-27be-4d43-b8e6-8a6af772841f,MAF,"TCGA-55-7913-01B-11D-2238-08,TCGA-55-7913-10A-01D-2238-08",open,22154f9d-6517-4fa0-9d64-de75bccc0d0e.wxs.aliquot_ensemble_masked.maf.gz,193b0c99-0d13-403c-a1d2-b7628442c8c6,Simple Nucleotide Variation,masked_somatic_mutation,Illumina,116128,2022-08-01T16:38:42.036344-05:00,b9c73e5f29dfdb4938d431b3a5a0723d,2024-07-31T06:31:16.298789-05:00,a2a5eafe-27be-4d43-b8e6-8a6af772841f,Masked Somatic Mutation,released,WXS,2,35.0 - 46.0,TCGA-LUAD,f0ee95b7-c49b-461c-ac43-1f7ddee4ee0a,released,22154f9d-6517-4fa0-9d64-de75bccc0d0e,https://github.com/NCI-GDC/aliquot-maf-cwl/blob/3dd621a8745ee2b91716911604bf3f096337a9b7/ensemble_aliquot_maf/ensemble_aliquot_maf_wf.cwl,Aliquot Ensemble Somatic Variant Merging and Masking,3dd621a8745ee2b91716911604bf3f096337a9b7,
4cd60a72-9deb-4866-8592-01c27f2e83ea,MAF,"TCGA-44-6779-01A-11D-1855-08,TCGA-44-6779-11A-01D-1855-08",open,564349f2-920c-4b4e-98e1-d179bceac096.wxs.aliquot_ensemble_masked.maf.gz,1e6d7818-24e2-4fc5-8698-ee779dbdfa1d,Simple Nucleotide Variation,masked_somatic_mutation,Illumina,38544,2022-08-01T16:54:32.657349-05:00,5ceb32914599c1d8b599162370ba1169,2024-07-31T06:33:01.746253-05:00,4cd60a72-9deb-4866-8592-01c27f2e83ea,Masked Somatic Mutation,released,WXS,2,35.0 - 46.0,TCGA-LUAD,3ad092f3-b9d2-4032-a5fb-0b29a4b02b73,released,564349f2-920c-4b4e-98e1-d179bceac096,https://github.com/NCI-GDC/aliquot-maf-cwl/blob/3dd621a8745ee2b91716911604bf3f096337a9b7/ensemble_aliquot_maf/ensemble_aliquot_maf_wf.cwl,Aliquot Ensemble Somatic Variant Merging and Masking,3dd621a8745ee2b91716911604bf3f096337a9b7,
c637fff5-ea5c-4339-948a-269ff75d1899,MAF,"TCGA-50-5055-01A-01D-1625-08,TCGA-50-5055-10A-01D-1625-08",open,211adb3c-94b0-4103-87ef-26a3e2b047ef.wxs.aliquot_ensemble_masked.maf.gz,de05f043-c4a8-4e44-a129-044da6f4c32b,Simple Nucleotide Variation,masked_somatic_mutation,Illumina,4620,2022-08-01T16:46:50.161476-05:00,8ee7f924c56a60b1ee17f14ab5142879,2024-07-31T06:27:39.963255-05:00,c637fff5-ea5c-4339-948a-269ff75d1899,Masked Somatic Mutation,released,WXS,2,35.0 - 46.0,TCGA-LUAD,92a90bb2-024f-4dca-bb08-45f8a7f327de,released,211adb3c-94b0-4103-87ef-26a3e2b047ef,https://github.com/NCI-GDC/aliquot-maf-cwl/blob/3dd621a8745ee2b91716911604bf3f096337a9b7/ensemble_aliquot_maf/ensemble_aliquot_maf_wf.cwl,Aliquot Ensemble Somatic Variant Merging and Masking,3dd621a8745ee2b91716911604bf3f096337a9b7,
43ef9d3f-7b63-4369-b66c-0bbdf5ca3a84,MAF,"TCGA-38-4628-01A-01D-1265-08,TCGA-38-4628-11A-01D-1265-08",open,b1ed9214-b0e9-44be-9517-bd8d771d1d0d.wxs.aliquot_ensemble_masked.maf.gz,2cd11beb-36db-4ea5-9e7d-908a241ab872,Simple Nucleotide Variation,masked_somatic_mutation,Illumina,49141,2022-08-01T17:01:25.345168-05:00,79e0b16eb2649928418e1b9ab4a341c6,2024-07-31T06:37:38.726757-05:00,43ef9d3f-7b63-4369-b66c-0bbdf5ca3a84,Masked Somatic Mutation,released,WXS,2,35.0 - 46.0,TCGA-LUAD,82be66cf-837a-4fb4-b279-422b5df14913,released,b1ed9214-b0e9-44be-9517-bd8d771d1d0d,https://github.com/NCI-GDC/aliquot-maf-cwl/blob/3dd621a8745ee2b91716911604bf3f096337a9b7/ensemble_aliquot_maf/ensemble_aliquot_maf_wf.cwl,Aliquot Ensemble Somatic Variant Merging and Masking,3dd621a8745ee2b91716911604bf3f096337a9b7,
3cb287d4-4de0-48e9-aa7e-6dac44363360,MAF,"TCGA-86-7713-01A-11D-2063-08,TCGA-86-7713-10A-01D-2063-08",open,e8a2594c-7c6e-476e-be39-fdc0688e45bb.wxs.aliquot_ensemble_masked.maf.gz,f0b33f13-0710-4c6e-b408-9c39a219f610,Simple Nucleotide Variation,masked_somatic_mutation,Illumina,59119,2022-08-01T16:48:10.989744-05:00,10e6dafe88efebe57b743cb426444222,2024-07-31T06:36:49.113455-05:00,3cb287d4-4de0-48e9-aa7e-6dac44363360,Masked Somatic Mutation,released,WXS,2,35.0 - 46.0,TCGA-LUAD,3c1a29ac-8f58-4511-9883-467e89671f67,released,e8a2594c-7c6e-476e-be39-fdc0688e45bb,https://github.com/NCI-GDC/aliquot-maf-cwl/blob/3dd621a8745ee2b91716911604bf3f096337a9b7/ensemble_aliquot_maf/ensemble_aliquot_maf_wf.cwl,Aliquot Ensemble Somatic Variant Merging and Masking,3dd621a8745ee2b91716911604bf3f096337a9b7,
4b32ea73-bae1-4655-947a-a71d6fa8b08c,MAF,"TCGA-44-2662-01A-01W-0928-08,TCGA-44-2662-10A-01D-0969-08",open,1fe23d5b-78f2-4d73-9dd0-5ad0247db458.wxs.aliquot_ensemble_masked.maf.gz,644b4eac-9e14-4561-b4dd-ebf8b2664a71,Simple Nucleotide Variation,masked_somatic_mutation,Illumina,74744,2022-08-01T16:46:36.437133-05:00,0ebfdc36b90375d2cdd1327720a867f1,2024-07-31T06:32:19.399271-05:00,4b32ea73-bae1-4655-947a-a71d6fa8b08c,Masked Somatic Mutation,released,WXS,2,35.0 - 46.0,TCGA-LUAD,58773a39-dffa-4793-a016-213fc017234e,released,1fe23d5b-78f2-4d73-9dd0-5ad0247db458,https://github.com/NCI-GDC/aliquot-maf-cwl/blob/3dd621a8745ee2b91716911604bf3f096337a9b7/ensemble_aliquot_maf/ensemble_aliquot_maf_wf.cwl,Aliquot Ensemble Somatic Variant Merging and Masking,3dd621a8745ee2b91716911604bf3f096337a9b7,
6393acee-06cd-479b-98aa-fd1e7e6bf5f5,MAF,"TCGA-44-2662-01B-02D-A271-08,TCGA-44-2662-10A-01D-0969-08",open,789062bc-54e7-413f-84b2-29e5c58c9adf.wxs.aliquot_ensemble_masked.maf.gz,2ddb6d74-bcb8-44a8-a81a-e02ce5b6eb4a,Simple Nucleotide Variation,masked_somatic_mutation,Illumina,67504,2022-08-01T16:46:38.996320-05:00,2d9b51b6ea6cf7d3be4cda8a630814fc,2024-07-31T06:33:46.005204-05:00,6393acee-06cd-479b-98aa-fd1e7e6bf5f5,Masked Somatic Mutation,released,WXS,2,35.0 - 46.0,TCGA-LUAD,9cb2322b-5fd9-4b3c-9f82-1a28e2d85462,released,789062bc-54e7-413f-84b2-29e5c58c9adf,https://github.com/NCI-GDC/aliquot-maf-cwl/blob/3dd621a8745ee2b91716911604bf3f096337a9b7/ensemble_aliquot_maf/ensemble_aliquot_maf_wf.cwl,Aliquot Ensemble Somatic Variant Merging and Masking,3dd621a8745ee2b91716911604bf3f096337a9b7,
b3405656-8b22-41e2-b049-f4837c2f0edc,MAF,"TCGA-44-2662-01A-01D-0969-08,TCGA-44-2662-10A-01D-0969-08",open,3a49b1fd-2b78-4c15-ba62-42b0d2258e23.wxs.aliquot_ensemble_masked.maf.gz,35559481-a92c-4961-8006-b9d4f00edbad,Simple Nucleotide Variation,masked_somatic_mutation,Illumina,80049,2022-08-01T16:46:41.608601-05:00,b89b58daf6de7694ab0a5fe1e6076eef,2024-07-31T06:34:59.697215-05:00,b3405656-8b22-41e2-b049-f4837c2f0edc,Masked Somatic Mutation,released,WXS,2,35.0 - 46.0,TCGA-LUAD,88642735-b9fb-438f-affb-64f9ec05dcdd,released,3a49b1fd-2b78-4c15-ba62-42b0d2258e23,https://github.com/NCI-GDC/aliquot-maf-cwl/blob/3dd621a8745ee2b91716911604bf3f096337a9b7/ensemble_aliquot_maf/ensemble_aliquot_maf_wf.cwl,Aliquot Ensemble Somatic Variant Merging and Masking,3dd621a8745ee2b91716911604bf3f096337a9b7,
83ea44c2-1dca-4cec-9684-46435070405f,MAF,"TCGA-44-2662-01A-01D-A271-08,TCGA-44-2662-10A-01D-0969-08",open,72328e19-ca06-4df3-801f-814287b3eb9f.wxs.aliquot_ensemble_masked.maf.gz,f4b19d38-0abb-453a-b20a-073f20a6c6af,Simple Nucleotide Variation,masked_somatic_mutation,Illumina,76645,2022-08-01T16:44:44.300560-05:00,a3adbccacbc0b2741b05457f9354a01d,2024-07-31T06:26:33.453061-05:00,83ea44c2-1dca-4cec-9684-46435070405f,Masked Somatic Mutation,released,WXS,2,35.0 - 46.0,TCGA-LUAD,93055de3-302d-4490-b987-e8daf53074a2,released,72328e19-ca06-4df3-801f-814287b3eb9f,https://github.com/NCI-GDC/aliquot-maf-cwl/blob/3dd621a8745ee2b91716911604bf3f096337a9b7/ensemble_aliquot_maf/ensemble_aliquot_maf_wf.cwl,Aliquot Ensemble Somatic Variant Merging and Masking,3dd621a8745ee2b91716911604bf3f096337a9b7,
4f412ba5-ecf7-4c9a-80a5-4250f6400957,MAF,"TCGA-67-6216-01A-11D-1753-08,TCGA-67-6216-10A-01D-1753-08",open,8892a894-2f26-45a0-bd4d-40324e92186e.wxs.aliquot_ensemble_masked.maf.gz,e5811458-2fec-438b-84f9-76ea8e0a739f,Simple Nucleotide Variation,masked_somatic_mutation,Illumina,12237,2022-08-01T17:03:25.913278-05:00,1cdcc20a3e04cd517b720507258d1419,2024-07-31T06:37:55.022707-05:00,4f412ba5-ecf7-4c9a-80a5-4250f6400957,Masked Somatic Mutation,released,WXS,2,35.0 - 46.0,TCGA-LUAD,710eda34-8b4c-442d-ad97-a72b57d31c79,released,8892a894-2f26-45a0-bd4d-40324e92186e,https://github.com/NCI-GDC/aliquot-maf-cwl/blob/3dd621a8745ee2b91716911604bf3f096337a9b7/ensemble_aliquot_maf/ensemble_aliquot_maf_wf.cwl,Aliquot Ensemble Somatic Variant Merging and Masking,3dd621a8745ee2b91716911604bf3f096337a9b7,
14634f3e-3e1a-45db-8f70-0861a361b6aa,MAF,"TCGA-55-7283-01A-11D-2036-08,TCGA-55-7283-10A-01D-2036-08",open,49c7ed58-80e9-4cae-924b-6887da02522c.wxs.aliquot_ensemble_masked.maf.gz,4469086c-9dd4-434b-995e-70df1cbf372b,Simple Nucleotide Variation,masked_somatic_mutation,Illumina,83615,2022-08-01T17:03:32.022271-05:00,1db69e7864ee7a8eb8ad3f4a0c4db0b5,2024-07-31T06:38:17.492613-05:00,14634f3e-3e1a-45db-8f70-0861a361b6aa,Masked Somatic Mutation,released,WXS,2,35.0 - 46.0,TCGA-LUAD,a0db4e10-4cc3-4d20-b7b3-a8b134c3ce1b,released,49c7ed58-80e9-4cae-924b-6887da02522c,https://github.com/NCI-GDC/aliquot-maf-cwl/blob/3dd621a8745ee2b91716911604bf3f096337a9b7/ensemble_aliquot_maf/ensemble_aliquot_maf_wf.cwl,Aliquot Ensemble Somatic Variant Merging and Masking,3dd621a8745ee2b91716911604bf3f096337a9b7,
817fc690-3aed-489d-a74d-d74f53610656,MAF,"TCGA-73-4659-01A-01D-1265-08,TCGA-73-4659-11A-01D-1265-08",open,67285c0c-aa78-4b02-bd0d-824fcce3bee0.wxs.aliquot_ensemble_masked.maf.gz,f726e854-9a41-48b0-9014-0566fa019d60,Simple Nucleotide Variation,masked_somatic_mutation,Illumina,73921,2022-08-01T16:50:05.390624-05:00,4a97f3e6fc9d00cd95d8b011234f26a2,2024-07-31T06:30:32.856665-05:00,817fc690-3aed-489d-a74d-d74f53610656,Masked Somatic Mutation,released,WXS,2,35.0 - 46.0,TCGA-LUAD,6a5dcfad-4df2-46fe-93c9-b58a8531713a,released,67285c0c-aa78-4b02-bd0d-824fcce3bee0,https://github.com/NCI-GDC/aliquot-maf-cwl/blob/3dd621a8745ee2b91716911604bf3f096337a9b7/ensemble_aliquot_maf/ensemble_aliquot_maf_wf.cwl,Aliquot Ensemble Somatic Variant Merging and Masking,3dd621a8745ee2b91716911604bf3f096337a9b7,
0a250294-e760-418a-bed3-be259ae161e1,MAF,"TCGA-86-8073-01A-11D-2238-08,TCGA-86-8073-10A-01D-2238-08",open,ecb0ff77-09f2-45fe-aa40-9e02aa7b988a.wxs.aliquot_ensemble_masked.maf.gz,6c713dbb-3770-4977-9ca2-14669cfdd360,Simple Nucleotide Variation,masked_somatic_mutation,Illumina,455763,2022-08-01T16:49:42.648382-05:00,be755aff0d7395836bc6289aea129b13,2024-07-31T06:35:37.789790-05:00,0a250294-e760-418a-bed3-be259ae161e1,Masked Somatic Mutation,released,WXS,2,35.0 - 46.0,TCGA-LUAD,61435b72-4187-49f5-ba2e-fa54fb33890a,released,ecb0ff77-09f2-45fe-aa40-9e02aa7b988a,https://github.com/NCI-GDC/aliquot-maf-cwl/blob/3dd621a8745ee2b91716911604bf3f096337a9b7/ensemble_aliquot_maf/ensemble_aliquot_maf_wf.cwl,Aliquot Ensemble Somatic Variant Merging and Masking,3dd621a8745ee2b91716911604bf3f096337a9b7,
4c7b3b93-be85-483e-b423-c8ca6372c2b0,MAF,"TCGA-49-AARE-01A-11D-A410-08,TCGA-49-AARE-11A-11D-A413-08",open,090b9ba2-7d58-4be9-afb3-f29b8a7e0337.wxs.aliquot_ensemble_masked.maf.gz,6b308f8c-ccb2-4641-b293-70ea77113ab6,Simple Nucleotide Variation,masked_somatic_mutation,Illumina,396863,2022-08-01T16:42:48.532544-05:00,2ca586b0a8de1595f362a9a1f9e993e5,2024-07-31T06:32:48.677403-05:00,4c7b3b93-be85-483e-b423-c8ca6372c2b0,Masked Somatic Mutation,released,WXS,2,35.0 - 46.0,TCGA-LUAD,dfd33cf6-14dc-4597-9d59-70720c359a67,released,090b9ba2-7d58-4be9-afb3-f29b8a7e0337,https://github.com/NCI-GDC/aliquot-maf-cwl/blob/3dd621a8745ee2b91716911604bf3f096337a9b7/ensemble_aliquot_maf/ensemble_aliquot_maf_wf.cwl,Aliquot Ensemble Somatic Variant Merging and Masking,3dd621a8745ee2b91716911604bf3f096337a9b7,
9ff327bf-3a69-4255-9504-10d14725eeb4,MAF,"TCGA-05-4403-01A-01D-1265-08,TCGA-05-4403-10A-01D-1265-08",open,38b27442-bdfb-488f-8ad1-ef837020aeff.wxs.aliquot_ensemble_masked.maf.gz,1858ad09-a809-44fe-9c93-b85ac86ffed6,Simple Nucleotide Variation,masked_somatic_mutation,Illumina,51536,2022-08-01T16:59:41.778546-05:00,6e603b009089c1c59b6809e848abe1b5,2024-07-31T06:36:44.041153-05:00,9ff327bf-3a69-4255-9504-10d14725eeb4,Masked Somatic Mutation,released,WXS,2,35.0 - 46.0,TCGA-LUAD,ebc8f2cd-69ec-4d13-bc6f-0961e6f23167,released,38b27442-bdfb-488f-8ad1-ef837020aeff,https://github.com/NCI-GDC/aliquot-maf-cwl/blob/3dd621a8745ee2b91716911604bf3f096337a9b7/ensemble_aliquot_maf/ensemble_aliquot_maf_wf.cwl,Aliquot Ensemble Somatic Variant Merging and Masking,3dd621a8745ee2b91716911604bf3f096337a9b7,
4af323b6-4726-4635-a118-7232c7785f35,MAF,"TCGA-MN-A4N4-01A-12D-A24P-08,TCGA-MN-A4N4-10A-01D-A24P-08",open,f783b9df-75c8-46cf-8859-be1f3b440d53.wxs.aliquot_ensemble_masked.maf.gz,eca9af7b-5a80-4fe7-801b-3d6342c9c1b6,Simple Nucleotide Variation,masked_somatic_mutation,Illumina,461912,2022-08-01T16:43:21.379001-05:00,f4b79c5b21979957f0a5d7b4a2328ced,2024-07-31T06:34:44.012862-05:00,4af323b6-4726-4635-a118-7232c7785f35,Masked Somatic Mutation,released,WXS,2,35.0 - 46.0,TCGA-LUAD,4b673a5b-18c4-490c-9687-5011ca9ded68,released,f783b9df-75c8-46cf-8859-be1f3b440d53,https://github.com/NCI-GDC/aliquot-maf-cwl/blob/3dd621a8745ee2b91716911604bf3f096337a9b7/ensemble_aliquot_maf/ensemble_aliquot_maf_wf.cwl,Aliquot Ensemble Somatic Variant Merging and Masking,3dd621a8745ee2b91716911604bf3f096337a9b7,
45afcbe4-e313-459b-b664-543e93eba1f7,MAF,"TCGA-17-Z023-01A-01W-0746-08,TCGA-17-Z023-11A-01W-0746-08",open,a03808d4-4d3c-4c34-ab2e-705cebc4283d.wxs.aliquot_ensemble_masked.maf.gz,13cda7c0-0463-440c-bf7c-04c1b2cd5ed7,Simple Nucleotide Variation,masked_somatic_mutation,Illumina,132095,2022-08-01T17:04:55.872442-05:00,a36264b3db176a780cf032a965df5133,2024-07-31T06:33:31.159491-05:00,45afcbe4-e313-459b-b664-543e93eba1f7,Masked Somatic Mutation,released,WXS,2,35.0 - 46.0,TCGA-LUAD,88cb30d9-0466-4d9e-8be7-e435f1952a5b,released,a03808d4-4d3c-4c34-ab2e-705cebc4283d,https://github.com/NCI-GDC/aliquot-maf-cwl/blob/3dd621a8745ee2b91716911604bf3f096337a9b7/ensemble_aliquot_maf/ensemble_aliquot_maf_wf.cwl,Aliquot Ensemble Somatic Variant Merging and Masking,3dd621a8745ee2b91716911604bf3f096337a9b7,
506491ed-0214-44bf-bd00-a74a5e8e31b0,MAF,"TCGA-17-Z032-01A-01W-0746-08,TCGA-17-Z032-11A-01W-0746-08",open,cfc4040b-2274-4e37-a6b7-b61bed1b5d95.wxs.aliquot_ensemble_masked.maf.gz,0edc2bfa-6366-4776-bbfa-56391d810a17,Simple Nucleotide Variation,masked_somatic_mutation,Illumina,39251,2022-08-01T16:50:38.088666-05:00,2524aa588e0823d1bf3c38757976fd4c,2024-07-31T06:35:38.946346-05:00,506491ed-0214-44bf-bd00-a74a5e8e31b0,Masked Somatic Mutation,released,WXS,2,35.0 - 46.0,TCGA-LUAD,6215aa19-17ea-46a5-975b-2379386b3819,released,cfc4040b-2274-4e37-a6b7-b61bed1b5d95,https://github.com/NCI-GDC/aliquot-maf-cwl/blob/3dd621a8745ee2b91716911604bf3f096337a9b7/ensemble_aliquot_maf/ensemble_aliquot_maf_wf.cwl,Aliquot Ensemble Somatic Variant Merging and Masking,3dd621a8745ee2b91716911604bf3f096337a9b7,
dcc7b0a6-7b05-4fa1-8dbc-72cb9188a548,MAF,"TCGA-05-4415-01A-22D-1855-08,TCGA-05-4415-10A-01D-1855-08",open,7b413fc5-9285-4a73-93d6-7e09afd478d0.wxs.aliquot_ensemble_masked.maf.gz,57fec5ac-8e63-4770-8c96-a0659e535108,Simple Nucleotide Variation,masked_somatic_mutation,Illumina,74049,2022-08-01T16:46:43.148855-05:00,eb444a4d302a9cd5474bb5c66528e5ec,2024-07-31T06:34:06.910215-05:00,dcc7b0a6-7b05-4fa1-8dbc-72cb9188a548,Masked Somatic Mutation,released,WXS,2,35.0 - 46.0,TCGA-LUAD,c32357c6-05e1-49a3-8f8d-ab3c890ab809,released,7b413fc5-9285-4a73-93d6-7e09afd478d0,https://github.com/NCI-GDC/aliquot-maf-cwl/blob/3dd621a8745ee2b91716911604bf3f096337a9b7/ensemble_aliquot_maf/ensemble_aliquot_maf_wf.cwl,Aliquot Ensemble Somatic Variant Merging and Masking,3dd621a8745ee2b91716911604bf3f096337a9b7,
31feb00f-ddca-48b4-a94a-0d465079a281,MAF,"TCGA-75-5147-01A-01D-1625-08,TCGA-75-5147-10A-01D-1625-08",open,f679ab69-0fdc-4905-9086-01f4a6136df8.wxs.aliquot_ensemble_masked.maf.gz,3fdeef2e-b989-446f-a612-feccd6c6156a,Simple Nucleotide Variation,masked_somatic_mutation,Illumina,17307,2022-08-01T16:57:12.990901-05:00,faa65f0b59a6141aab78fab91ca2e40a,2024-07-31T06:33:54.511282-05:00,31feb00f-ddca-48b4-a94a-0d465079a281,Masked Somatic Mutation,released,WXS,2,35.0 - 46.0,TCGA-LUAD,e6c0da0b-69a2-44e6-b1ce-10c74869fc6d,released,f679ab69-0fdc-4905-9086-01f4a6136df8,https://github.com/NCI-GDC/aliquot-maf-cwl/blob/3dd621a8745ee2b91716911604bf3f096337a9b7/ensemble_aliquot_maf/ensemble_aliquot_maf_wf.cwl,Aliquot Ensemble Somatic Variant Merging and Masking,3dd621a8745ee2b91716911604bf3f096337a9b7,
9f22ba12-9cf9-4b68-9561-8096d2d46355,MAF,"TCGA-78-7154-01A-11D-2036-08,TCGA-78-7154-10A-01D-2036-08",open,9c5a8417-312f-4584-abb8-2afc0ff976f5.wxs.aliquot_ensemble_masked.maf.gz,900cec60-2805-4155-b8f3-a0d4a312e515,Simple Nucleotide Variation,masked_somatic_mutation,Illumina,91722,2022-08-01T17:02:56.909109-05:00,b965546e059e5e9e754c104421f35a4c,2024-07-31T06:37:44.305889-05:00,9f22ba12-9cf9-4b68-9561-8096d2d46355,Masked Somatic Mutation,released,WXS,2,35.0 - 46.0,TCGA-LUAD,8350c7a6-f825-4bdc-b79d-4430ea35c4ff,released,9c5a8417-312f-4584-abb8-2afc0ff976f5,https://github.com/NCI-GDC/aliquot-maf-cwl/blob/3dd621a8745ee2b91716911604bf3f096337a9b7/ensemble_aliquot_maf/ensemble_aliquot_maf_wf.cwl,Aliquot Ensemble Somatic Variant Merging and Masking,3dd621a8745ee2b91716911604bf3f096337a9b7,
42e75696-f91f-4815-add7-2cff3af0e4c1,MAF,"TCGA-95-A4VK-01A-11D-A25L-08,TCGA-95-A4VK-10A-01D-A25L-08",open,c15e783a-6783-4764-b9b1-afa1dfed818d.wxs.aliquot_ensemble_masked.maf.gz,46e3bbc5-57ca-44c5-b514-3d381e94b767,Simple Nucleotide Variation,masked_somatic_mutation,Illumina,84690,2022-08-01T16:47:24.894912-05:00,c9b7b5001d4c9ddf6ac6570096dc8dc8,2024-07-31T06:35:59.410523-05:00,42e75696-f91f-4815-add7-2cff3af0e4c1,Masked Somatic Mutation,released,WXS,2,35.0 - 46.0,TCGA-LUAD,03f91f10-f7c7-45fd-ba6c-3268812057c9,released,c15e783a-6783-4764-b9b1-afa1dfed818d,https://github.com/NCI-GDC/aliquot-maf-cwl/blob/3dd621a8745ee2b91716911604bf3f096337a9b7/ensemble_aliquot_maf/ensemble_aliquot_maf_wf.cwl,Aliquot Ensemble Somatic Variant Merging and Masking,3dd621a8745ee2b91716911604bf3f096337a9b7,
84cb2e34-c26d-459c-bf13-c94ca34cdc8e,MAF,"TCGA-99-AA5R-01A-11D-A397-08,TCGA-99-AA5R-10A-01D-A39A-08",open,02b85206-3f54-4b9d-8a11-e0d5ddaad387.wxs.aliquot_ensemble_masked.maf.gz,500283b7-86c9-4594-a33a-119c73b0f84b,Simple Nucleotide Variation,masked_somatic_mutation,Illumina,14596,2022-08-01T16:49:58.543836-05:00,9eba478e811c3fdd44f2ef05792fb39d,2024-07-31T06:33:12.578172-05:00,84cb2e34-c26d-459c-bf13-c94ca34cdc8e,Masked Somatic Mutation,released,WXS,2,35.0 - 46.0,TCGA-LUAD,520fd3a2-02e9-485e-9823-5e662e41b970,released,02b85206-3f54-4b9d-8a11-e0d5ddaad387,https://github.com/NCI-GDC/aliquot-maf-cwl/blob/3dd621a8745ee2b91716911604bf3f096337a9b7/ensemble_aliquot_maf/ensemble_aliquot_maf_wf.cwl,Aliquot Ensemble Somatic Variant Merging and Masking,3dd621a8745ee2b91716911604bf3f096337a9b7,
7525468d-9e54-4e92-bc04-a8938966633e,MAF,"TCGA-53-7626-01A-12D-2063-08,TCGA-53-7626-10A-01D-2063-08",open,680b15b2-5fd1-4226-926b-f0db8a106822.wxs.aliquot_ensemble_masked.maf.gz,4ac43530-2b9d-4b7e-ae16-12b548242335,Simple Nucleotide Variation,masked_somatic_mutation,Illumina,116353,2022-08-01T16:39:55.650056-05:00,0d50adfbc59c1a1c8aac226dd934b804,2024-07-31T06:25:08.995453-05:00,7525468d-9e54-4e92-bc04-a8938966633e,Masked Somatic Mutation,released,WXS,2,35.0 - 46.0,TCGA-LUAD,21f4539e-f0f8-4e56-bb86-bf7fca42f3d6,released,680b15b2-5fd1-4226-926b-f0db8a106822,https://github.com/NCI-GDC/aliquot-maf-cwl/blob/3dd621a8745ee2b91716911604bf3f096337a9b7/ensemble_aliquot_maf/ensemble_aliquot_maf_wf.cwl,Aliquot Ensemble Somatic Variant Merging and Masking,3dd621a8745ee2b91716911604bf3f096337a9b7,
8e0d20ca-4628-4bd1-b8de-db0f29507693,MAF,"TCGA-50-8457-01A-11D-2323-08,TCGA-50-8457-10A-01D-2323-08",open,f5ce9296-fb6b-46c7-96f0-147fb37ff33f.wxs.aliquot_ensemble_masked.maf.gz,8878a711-2b42-42d8-9700-a9dae62f6868,Simple Nucleotide Variation,masked_somatic_mutation,Illumina,22114,2022-08-01T17:03:27.532478-05:00,007f0486fcd04c1d8d33fe5185553318,2024-07-31T06:36:46.560037-05:00,8e0d20ca-4628-4bd1-b8de-db0f29507693,Masked Somatic Mutation,released,WXS,2,35.0 - 46.0,TCGA-LUAD,562d9434-1bfd-47c3-8041-cbe21696903d,released,f5ce9296-fb6b-46c7-96f0-147fb37ff33f,https://github.com/NCI-GDC/aliquot-maf-cwl/blob/3dd621a8745ee2b91716911604bf3f096337a9b7/ensemble_aliquot_maf/ensemble_aliquot_maf_wf.cwl,Aliquot Ensemble Somatic Variant Merging and Masking,3dd621a8745ee2b91716911604bf3f096337a9b7,
d41b4708-0ccc-474f-84c8-b85e2f5795dc,MAF,"TCGA-91-6840-01A-11D-1945-08,TCGA-91-6840-10A-01D-1946-08",open,6706798d-874b-4b44-a996-35b3c9a19aff.wxs.aliquot_ensemble_masked.maf.gz,5ffdaf35-6eab-4f7e-b206-d56015ce2a63,Simple Nucleotide Variation,masked_somatic_mutation,Illumina,48045,2022-08-01T16:45:04.189101-05:00,6c45af9ab644b36449aec81f90d406b8,2024-07-31T06:27:56.155032-05:00,d41b4708-0ccc-474f-84c8-b85e2f5795dc,Masked Somatic Mutation,released,WXS,2,35.0 - 46.0,TCGA-LUAD,e7e92367-e3c7-4413-810e-134ba033fa9d,released,6706798d-874b-4b44-a996-35b3c9a19aff,https://github.com/NCI-GDC/aliquot-maf-cwl/blob/3dd621a8745ee2b91716911604bf3f096337a9b7/ensemble_aliquot_maf/ensemble_aliquot_maf_wf.cwl,Aliquot Ensemble Somatic Variant Merging and Masking,3dd621a8745ee2b91716911604bf3f096337a9b7,
f1a6c1a4-c8f9-4ed6-9df0-85e7d5c2eadf,MAF,"TCGA-55-8507-01A-11D-2393-08,TCGA-55-8507-10A-01D-2393-08",open,111dbfb4-baf4-49f8-be22-f7ff338167fe.wxs.aliquot_ensemble_masked.maf.gz,141426d7-ceb8-4b9b-8085-bb16c5f6d898,Simple Nucleotide Variation,masked_somatic_mutation,Illumina,301555,2022-08-01T17:04:28.286470-05:00,2bfa6eb532fd46ee6fac66e69f23f059,2024-07-31T06:34:42.636414-05:00,f1a6c1a4-c8f9-4ed6-9df0-85e7d5c2eadf,Masked Somatic Mutation,released,WXS,2,35.0 - 46.0,TCGA-LUAD,bb16223e-52fb-4f66-badd-0228d16dfe88,released,111dbfb4-baf4-49f8-be22-f7ff338167fe,https://github.com/NCI-GDC/aliquot-maf-cwl/blob/3dd621a8745ee2b91716911604bf3f096337a9b7/ensemble_aliquot_maf/ensemble_aliquot_maf_wf.cwl,Aliquot Ensemble Somatic Variant Merging and Masking,3dd621a8745ee2b91716911604bf3f096337a9b7,
eee02b4a-375e-4947-b2f1-b0f48f95423b,MAF,"TCGA-17-Z049-01A-01W-0746-08,TCGA-17-Z049-11A-01W-0747-08",open,25e5d1ef-c0e7-43c7-b4b1-dc1db7d06ed3.wxs.aliquot_ensemble_masked.maf.gz,e37e2b9f-a5ca-44b0-aab1-f27962242a34,Simple Nucleotide Variation,masked_somatic_mutation,Illumina,161183,2022-08-01T17:00:06.898625-05:00,10263ebd2e9ff45eff9839244ec38800,2024-07-31T06:35:06.702208-05:00,eee02b4a-375e-4947-b2f1-b0f48f95423b,Masked Somatic Mutation,released,WXS,2,35.0 - 46.0,TCGA-LUAD,d52de24e-1f49-4d9a-bd8d-9a49176ff24b,released,25e5d1ef-c0e7-43c7-b4b1-dc1db7d06ed3,https://github.com/NCI-GDC/aliquot-maf-cwl/blob/3dd621a8745ee2b91716911604bf3f096337a9b7/ensemble_aliquot_maf/ensemble_aliquot_maf_wf.cwl,Aliquot Ensemble Somatic Variant Merging and Masking,3dd621a8745ee2b91716911604bf3f096337a9b7,
7e89e242-69ef-4c82-8069-460a36bed8e1,MAF,"TCGA-55-6969-01A-11D-1945-08,TCGA-55-6969-11A-01D-1945-08",open,23472ce9-116c-46b6-812c-5fdf93d253e4.wxs.aliquot_ensemble_masked.maf.gz,5cf86be7-5c0e-4253-a620-ffd161d289ff,Simple Nucleotide Variation,masked_somatic_mutation,Illumina,133345,2022-08-01T16:46:16.704348-05:00,e2ed67ceef232403915295bcc242370b,2024-07-31T06:30:27.262646-05:00,7e89e242-69ef-4c82-8069-460a36bed8e1,Masked Somatic Mutation,released,WXS,2,35.0 - 46.0,TCGA-LUAD,fa44d0f0-89e2-4942-8349-1f64cc31d0ff,released,23472ce9-116c-46b6-812c-5fdf93d253e4,https://github.com/NCI-GDC/aliquot-maf-cwl/blob/3dd621a8745ee2b91716911604bf3f096337a9b7/ensemble_aliquot_maf/ensemble_aliquot_maf_wf.cwl,Aliquot Ensemble Somatic Variant Merging and Masking,3dd621a8745ee2b91716911604bf3f096337a9b7,
a8c70d6b-6eea-40aa-8125-ff5186e8706f,MAF,"TCGA-78-8655-01A-11D-2393-08,TCGA-78-8655-10A-01D-2393-08",open,e8285c1d-f550-402b-9280-7e3ca9c9db03.wxs.aliquot_ensemble_masked.maf.gz,1f9257b6-843d-4800-abdf-713019ccddc1,Simple Nucleotide Variation,masked_somatic_mutation,Illumina,38176,2022-08-01T17:05:20.918369-05:00,5adeb89fc49cf9e74b4a84abc22bdcbd,2024-07-31T06:32:27.669216-05:00,a8c70d6b-6eea-40aa-8125-ff5186e8706f,Masked Somatic Mutation,released,WXS,2,35.0 - 46.0,TCGA-LUAD,67d685ea-3ef9-493f-84b7-28d7bcebb130,released,e8285c1d-f550-402b-9280-7e3ca9c9db03,https://github.com/NCI-GDC/aliquot-maf-cwl/blob/3dd621a8745ee2b91716911604bf3f096337a9b7/ensemble_aliquot_maf/ensemble_aliquot_maf_wf.cwl,Aliquot Ensemble Somatic Variant Merging and Masking,3dd621a8745ee2b91716911604bf3f096337a9b7,
1da591c2-45a1-4912-99ef-d797969bedad,MAF,"TCGA-78-7536-01A-11D-2063-08,TCGA-78-7536-10A-01D-2063-08",open,a7582bc7-5fbf-41d4-b50a-635838ca7404.wxs.aliquot_ensemble_masked.maf.gz,b743d7da-a68c-484a-b8f1-92e9130fc912,Simple Nucleotide Variation,masked_somatic_mutation,Illumina,208653,2022-08-01T16:44:29.456365-05:00,c5bc9daf475a0180e645d13c8ef0e064,2024-07-31T06:29:18.032635-05:00,1da591c2-45a1-4912-99ef-d797969bedad,Masked Somatic Mutation,released,WXS,2,35.0 - 46.0,TCGA-LUAD,e51db784-7dca-49a6-8266-3e339469f9fa,released,a7582bc7-5fbf-41d4-b50a-635838ca7404,https://github.com/NCI-GDC/aliquot-maf-cwl/blob/3dd621a8745ee2b91716911604bf3f096337a9b7/ensemble_aliquot_maf/ensemble_aliquot_maf_wf.cwl,Aliquot Ensemble Somatic Variant Merging and Masking,3dd621a8745ee2b91716911604bf3f096337a9b7,
f13e461b-ed6d-4fdd-a360-70264d873f85,MAF,"TCGA-49-4488-01A-01D-1753-08,TCGA-49-4488-11A-01D-1753-08",open,3aa8f901-83be-4d62-9af9-957769a62493.wxs.aliquot_ensemble_masked.maf.gz,cd3ada65-6fec-4cc7-8526-73b73948d9a4,Simple Nucleotide Variation,masked_somatic_mutation,Illumina,94320,2022-08-01T16:45:31.382673-05:00,43ca0d98ded1fbb0aca2e43ad8035ada,2024-07-31T06:36:00.674837-05:00,f13e461b-ed6d-4fdd-a360-70264d873f85,Masked Somatic Mutation,released,WXS,2,35.0 - 46.0,TCGA-LUAD,35d89b7e-f624-446b-9a99-a64c1930ed54,released,3aa8f901-83be-4d62-9af9-957769a62493,https://github.com/NCI-GDC/aliquot-maf-cwl/blob/3dd621a8745ee2b91716911604bf3f096337a9b7/ensemble_aliquot_maf/ensemble_aliquot_maf_wf.cwl,Aliquot Ensemble Somatic Variant Merging and Masking,3dd621a8745ee2b91716911604bf3f096337a9b7,
3307d2d2-5e85-4dfa-8458-959837cab5e1,MAF,"TCGA-86-8280-01A-11D-2284-08,TCGA-86-8280-10A-01D-2284-08",open,5bdffdc6-ab76-468b-ab2e-dc69f3e8620c.wxs.aliquot_ensemble_masked.maf.gz,8546da03-7b8a-4e63-948d-d668cd9c48db,Simple Nucleotide Variation,masked_somatic_mutation,Illumina,20190,2022-08-01T16:42:43.928327-05:00,4fc751e47cf4d0e5aa98417a8a1dfe67,2024-07-31T06:29:48.261092-05:00,3307d2d2-5e85-4dfa-8458-959837cab5e1,Masked Somatic Mutation,released,WXS,2,35.0 - 46.0,TCGA-LUAD,19292312-5d45-4dab-87ad-b5204285c250,released,5bdffdc6-ab76-468b-ab2e-dc69f3e8620c,https://github.com/NCI-GDC/aliquot-maf-cwl/blob/3dd621a8745ee2b91716911604bf3f096337a9b7/ensemble_aliquot_maf/ensemble_aliquot_maf_wf.cwl,Aliquot Ensemble Somatic Variant Merging and Masking,3dd621a8745ee2b91716911604bf3f096337a9b7,
4d69eb0c-4110-48f6-a540-0a14a1fab3c1,MAF,"TCGA-86-6562-01A-11D-1753-08,TCGA-86-6562-10A-01D-1753-08",open,851a3caf-f287-4d2b-b61b-c03e6c0358c4.wxs.aliquot_ensemble_masked.maf.gz,1b1cbe7b-027e-4e59-a452-5d56bf61aa65,Simple Nucleotide Variation,masked_somatic_mutation,Illumina,20228,2022-08-01T16:38:28.728281-05:00,2c59a0aa4600be4a1197f7101a46b099,2024-07-31T06:30:51.749476-05:00,4d69eb0c-4110-48f6-a540-0a14a1fab3c1,Masked Somatic Mutation,released,WXS,2,35.0 - 46.0,TCGA-LUAD,6785a9ac-6cf8-4059-98bb-835a8024767c,released,851a3caf-f287-4d2b-b61b-c03e6c0358c4,https://github.com/NCI-GDC/aliquot-maf-cwl/blob/3dd621a8745ee2b91716911604bf3f096337a9b7/ensemble_aliquot_maf/ensemble_aliquot_maf_wf.cwl,Aliquot Ensemble Somatic Variant Merging and Masking,3dd621a8745ee2b91716911604bf3f096337a9b7,
401b2d00-7678-4c47-9468-73debf61a5f2,MAF,"TCGA-17-Z011-01A-01W-0746-08,TCGA-17-Z011-11A-01W-0746-08",open,257c51d5-e3bf-4c3f-9cd6-acf827764784.wxs.aliquot_ensemble_masked.maf.gz,807290b7-ccfe-49b0-963c-9efd3f5eae10,Simple Nucleotide Variation,masked_somatic_mutation,Illumina,37412,2022-08-01T16:41:37.391749-05:00,b1e969b7dcb777cad6fde44a7b8c4e5f,2024-07-31T06:26:26.734893-05:00,401b2d00-7678-4c47-9468-73debf61a5f2,Masked Somatic Mutation,released,WXS,2,35.0 - 46.0,TCGA-LUAD,e8a290ec-e028-4485-ba96-9c6ff36364ca,released,257c51d5-e3bf-4c3f-9cd6-acf827764784,https://github.com/NCI-GDC/aliquot-maf-cwl/blob/3dd621a8745ee2b91716911604bf3f096337a9b7/ensemble_aliquot_maf/ensemble_aliquot_maf_wf.cwl,Aliquot Ensemble Somatic Variant Merging and Masking,3dd621a8745ee2b91716911604bf3f096337a9b7,
9c3fc5a7-5dd1-4eb5-bce8-bafa31ed0ae2,MAF,"TCGA-55-7815-01A-11D-2167-08,TCGA-55-7815-10A-01D-2167-08",open,a56f81a6-76fa-4e54-89ef-08e340de73f2.wxs.aliquot_ensemble_masked.maf.gz,75371fa5-c88d-40a5-a457-9484837d32ef,Simple Nucleotide Variation,masked_somatic_mutation,Illumina,54666,2022-08-01T17:02:59.351137-05:00,2ed89de8a6a9715a47c37f1815f90531,2024-07-31T06:38:27.065404-05:00,9c3fc5a7-5dd1-4eb5-bce8-bafa31ed0ae2,Masked Somatic Mutation,released,WXS,2,35.0 - 46.0,TCGA-LUAD,4986d029-b03f-45e3-82bc-0159291506ee,released,a56f81a6-76fa-4e54-89ef-08e340de73f2,https://github.com/NCI-GDC/aliquot-maf-cwl/blob/3dd621a8745ee2b91716911604bf3f096337a9b7/ensemble_aliquot_maf/ensemble_aliquot_maf_wf.cwl,Aliquot Ensemble Somatic Variant Merging and Masking,3dd621a8745ee2b91716911604bf3f096337a9b7,
f625525a-8b3c-4e8f-b600-730b3648c166,MAF,"TCGA-44-5645-01A-51D-A27T-08,TCGA-44-5645-10A-01D-1625-08",open,ac31a6af-cd18-489d-8f66-4578d4020c28.wxs.aliquot_ensemble_masked.maf.gz,f03d7f93-45b1-4691-9766-db4da61d9a3a,Simple Nucleotide Variation,masked_somatic_mutation,Illumina,17925,2022-08-01T16:41:03.115965-05:00,84b8a8ffd5f0e755ed7ea37e83797cb7,2024-07-31T06:29:24.732952-05:00,f625525a-8b3c-4e8f-b600-730b3648c166,Masked Somatic Mutation,released,WXS,2,35.0 - 46.0,TCGA-LUAD,27ee21e5-7118-4e96-a624-0b398b50aa0e,released,ac31a6af-cd18-489d-8f66-4578d4020c28,https://github.com/NCI-GDC/aliquot-maf-cwl/blob/3dd621a8745ee2b91716911604bf3f096337a9b7/ensemble_aliquot_maf/ensemble_aliquot_maf_wf.cwl,Aliquot Ensemble Somatic Variant Merging and Masking,3dd621a8745ee2b91716911604bf3f096337a9b7,
119683b6-76c0-4d07-93d4-9139375d9556,MAF,"TCGA-44-5645-01A-21D-A27T-08,TCGA-44-5645-10A-01D-1625-08",open,cef89c20-5cd4-41e4-941c-9d0d9be013f9.wxs.aliquot_ensemble_masked.maf.gz,7d1f3c46-8c29-4a89-bbbd-1cbdfa05a5e5,Simple Nucleotide Variation,masked_somatic_mutation,Illumina,18511,2022-08-01T16:40:54.336585-05:00,88aac98e8cb1b3b284c1188d106de725,2024-07-31T06:26:02.438141-05:00,119683b6-76c0-4d07-93d4-9139375d9556,Masked Somatic Mutation,released,WXS,2,35.0 - 46.0,TCGA-LUAD,67b2cf97-4d52-4c4a-9eb7-01d44482bcdd,released,cef89c20-5cd4-41e4-941c-9d0d9be013f9,https://github.com/NCI-GDC/aliquot-maf-cwl/blob/3dd621a8745ee2b91716911604bf3f096337a9b7/ensemble_aliquot_maf/ensemble_aliquot_maf_wf.cwl,Aliquot Ensemble Somatic Variant Merging and Masking,3dd621a8745ee2b91716911604bf3f096337a9b7,
a0934950-1fe4-4ac9-8980-6be7989df732,MAF,"TCGA-44-5645-01B-04D-A271-08,TCGA-44-5645-10A-01D-1625-08",open,a81d0d7a-97cf-452f-8756-e1b094da29b9.wxs.aliquot_ensemble_masked.maf.gz,5c82e0e1-c2f3-4769-8e46-676afb4264dd,Simple Nucleotide Variation,masked_somatic_mutation,Illumina,17523,2022-08-01T16:40:59.067119-05:00,e36dd809fbd32056ca048219dae8ec27,2024-07-31T06:26:52.134965-05:00,a0934950-1fe4-4ac9-8980-6be7989df732,Masked Somatic Mutation,released,WXS,2,35.0 - 46.0,TCGA-LUAD,762ae114-c4c3-4685-88fa-387e3d308cc6,released,a81d0d7a-97cf-452f-8756-e1b094da29b9,https://github.com/NCI-GDC/aliquot-maf-cwl/blob/3dd621a8745ee2b91716911604bf3f096337a9b7/ensemble_aliquot_maf/ensemble_aliquot_maf_wf.cwl,Aliquot Ensemble Somatic Variant Merging and Masking,3dd621a8745ee2b91716911604bf3f096337a9b7,
b0e5f8aa-e144-4030-9b53-79783e53003f,MAF,"TCGA-97-A4M0-01A-11D-A24P-08,TCGA-97-A4M0-10A-01D-A24P-08",open,c3ce02f8-cce9-40c0-bc0b-08f04007c95e.wxs.aliquot_ensemble_masked.maf.gz,91dc6062-17ed-491b-8249-6ef46c0b511b,Simple Nucleotide Variation,masked_somatic_mutation,Illumina,131727,2022-08-01T16:49:50.345894-05:00,5760dd87d160a08a62bc583fadf89230,2024-07-31T06:26:56.114230-05:00,b0e5f8aa-e144-4030-9b53-79783e53003f,Masked Somatic Mutation,released,WXS,2,35.0 - 46.0,TCGA-LUAD,53016649-b1b7-4838-865a-1bd6f99832ea,released,c3ce02f8-cce9-40c0-bc0b-08f04007c95e,https://github.com/NCI-GDC/aliquot-maf-cwl/blob/3dd621a8745ee2b91716911604bf3f096337a9b7/ensemble_aliquot_maf/ensemble_aliquot_maf_wf.cwl,Aliquot Ensemble Somatic Variant Merging and Masking,3dd621a8745ee2b91716911604bf3f096337a9b7,
a05cc25a-f110-4410-8f60-ec64b8b848c3,MAF,"TCGA-75-7030-01A-11D-1945-08,TCGA-75-7030-10A-01D-1946-08",open,11453881-ef25-4187-af52-a687736c02f0.wxs.aliquot_ensemble_masked.maf.gz,4f9bd5b1-e25a-4a98-ad01-1751656d4912,Simple Nucleotide Variation,masked_somatic_mutation,Illumina,4675,2022-08-01T16:46:59.387365-05:00,561befe74d328c47975254901e154e79,2024-07-31T06:34:09.664471-05:00,a05cc25a-f110-4410-8f60-ec64b8b848c3,Masked Somatic Mutation,released,WXS,2,35.0 - 46.0,TCGA-LUAD,929ca4e7-04e9-41c0-8fab-ea2146b54d3f,released,11453881-ef25-4187-af52-a687736c02f0,https://github.com/NCI-GDC/aliquot-maf-cwl/blob/3dd621a8745ee2b91716911604bf3f096337a9b7/ensemble_aliquot_maf/ensemble_aliquot_maf_wf.cwl,Aliquot Ensemble Somatic Variant Merging and Masking,3dd621a8745ee2b91716911604bf3f096337a9b7,
a7c18e08-bb81-4201-b497-03fef3a45ed2,MAF,"TCGA-44-2666-01B-02D-A271-08,TCGA-44-2666-10A-01D-A271-08",open,3471a0e7-e840-47f6-8efd-ecf5bbe28987.wxs.aliquot_ensemble_masked.maf.gz,34e54eac-1acc-453b-b24a-ff33e8b28b9f,Simple Nucleotide Variation,masked_somatic_mutation,Illumina,10661,2022-08-01T16:54:06.917449-05:00,9ce3effa39e034784bf938665790facc,2024-07-31T06:35:17.952128-05:00,a7c18e08-bb81-4201-b497-03fef3a45ed2,Masked Somatic Mutation,released,WXS,2,35.0 - 46.0,TCGA-LUAD,f62b6f3b-ea07-4461-b599-074df70311f3,released,3471a0e7-e840-47f6-8efd-ecf5bbe28987,https://github.com/NCI-GDC/aliquot-maf-cwl/blob/3dd621a8745ee2b91716911604bf3f096337a9b7/ensemble_aliquot_maf/ensemble_aliquot_maf_wf.cwl,Aliquot Ensemble Somatic Variant Merging and Masking,3dd621a8745ee2b91716911604bf3f096337a9b7,
726c4d16-23fb-412c-90e0-1388a1bf55e1,MAF,"TCGA-44-2666-01A-01W-0928-08,TCGA-44-2666-10A-01D-A271-08",open,80334a86-3498-4e73-bd8b-8afcfae51ddf.wxs.aliquot_ensemble_masked.maf.gz,c7d4c6eb-5c6e-4443-abe3-84476353f57e,Simple Nucleotide Variation,masked_somatic_mutation,Illumina,12792,2022-08-01T16:39:51.117317-05:00,6bb97d63a15278534c09cdf6ffbb284a,2024-07-31T06:30:43.629182-05:00,726c4d16-23fb-412c-90e0-1388a1bf55e1,Masked Somatic Mutation,released,WXS,2,35.0 - 46.0,TCGA-LUAD,aebfdccc-52c2-41ac-9893-9da1e494e471,released,80334a86-3498-4e73-bd8b-8afcfae51ddf,https://github.com/NCI-GDC/aliquot-maf-cwl/blob/3dd621a8745ee2b91716911604bf3f096337a9b7/ensemble_aliquot_maf/ensemble_aliquot_maf_wf.cwl,Aliquot Ensemble Somatic Variant Merging and Masking,3dd621a8745ee2b91716911604bf3f096337a9b7,
376e0df4-6287-4ef6-8af5-f7f4f0285e1c,MAF,"TCGA-86-A4JF-01A-11D-A24P-08,TCGA-86-A4JF-10A-01D-A24P-08",open,27e2a3e4-854b-414d-8f1f-2d3682a4e897.wxs.aliquot_ensemble_masked.maf.gz,3dc81501-3197-4d1a-a53b-c3abe162e6df,Simple Nucleotide Variation,masked_somatic_mutation,Illumina,471082,2022-08-01T16:59:55.637595-05:00,5a1a0eeaec52b8245b79860d0997f91f,2024-07-31T06:35:25.990071-05:00,376e0df4-6287-4ef6-8af5-f7f4f0285e1c,Masked Somatic Mutation,released,WXS,2,35.0 - 46.0,TCGA-LUAD,53c17980-9d7b-4fe0-b9db-bebbc312e93f,released,27e2a3e4-854b-414d-8f1f-2d3682a4e897,https://github.com/NCI-GDC/aliquot-maf-cwl/blob/3dd621a8745ee2b91716911604bf3f096337a9b7/ensemble_aliquot_maf/ensemble_aliquot_maf_wf.cwl,Aliquot Ensemble Somatic Variant Merging and Masking,3dd621a8745ee2b91716911604bf3f096337a9b7,
895ed862-fb75-45eb-8251-a503fc5e3af2,MAF,"TCGA-J2-A4AG-01A-11D-A24D-08,TCGA-J2-A4AG-10A-01D-A24F-08",open,4eba2e38-67a5-4bc2-a1e5-a29f44156a59.wxs.aliquot_ensemble_masked.maf.gz,b53a9ffa-dc74-495d-a5f4-b539d2de7002,Simple Nucleotide Variation,masked_somatic_mutation,Illumina,29233,2022-08-01T16:55:51.296061-05:00,6cb1fbc13853cdf02c6cf11d4e6c3939,2024-07-31T06:32:47.432616-05:00,895ed862-fb75-45eb-8251-a503fc5e3af2,Masked Somatic Mutation,released,WXS,2,35.0 - 46.0,TCGA-LUAD,13ca743d-34e9-4dd7-935f-a20186c00d07,released,4eba2e38-67a5-4bc2-a1e5-a29f44156a59,https://github.com/NCI-GDC/aliquot-maf-cwl/blob/3dd621a8745ee2b91716911604bf3f096337a9b7/ensemble_aliquot_maf/ensemble_aliquot_maf_wf.cwl,Aliquot Ensemble Somatic Variant Merging and Masking,3dd621a8745ee2b91716911604bf3f096337a9b7,
a06d22e0-4cbb-4bd7-ad0f-e08c1f5ac64a,MAF,"TCGA-05-5715-01A-01D-1625-08,TCGA-05-5715-10A-01D-1625-08",open,c3a4473b-398f-410c-940e-66e6b43792ef.wxs.aliquot_ensemble_masked.maf.gz,92b67c17-c634-484a-9d0a-273bd360168f,Simple Nucleotide Variation,masked_somatic_mutation,Illumina,45047,2022-08-01T16:57:48.797052-05:00,89dbf4925c1070ea165974c9bcb56708,2024-07-31T06:38:13.270394-05:00,a06d22e0-4cbb-4bd7-ad0f-e08c1f5ac64a,Masked Somatic Mutation,released,WXS,2,35.0 - 46.0,TCGA-LUAD,29031152-b6a1-4e02-bea0-440ef48deeb2,released,c3a4473b-398f-410c-940e-66e6b43792ef,https://github.com/NCI-GDC/aliquot-maf-cwl/blob/3dd621a8745ee2b91716911604bf3f096337a9b7/ensemble_aliquot_maf/ensemble_aliquot_maf_wf.cwl,Aliquot Ensemble Somatic Variant Merging and Masking,3dd621a8745ee2b91716911604bf3f096337a9b7,
463e5386-ef24-48ae-b39c-4c13ab36e6be,MAF,"TCGA-50-6593-01A-11D-1753-08,TCGA-50-6593-11A-01D-1753-08",open,23d0de5d-9159-4edb-969e-efb3e580e56e.wxs.aliquot_ensemble_masked.maf.gz,08005020-664c-4d64-aeb4-c8c83db236bf,Simple Nucleotide Variation,masked_somatic_mutation,Illumina,103174,2022-08-01T16:40:39.405322-05:00,f64505dc92db11df3ea7f031a5ccacaa,2024-07-31T06:25:01.815691-05:00,463e5386-ef24-48ae-b39c-4c13ab36e6be,Masked Somatic Mutation,released,WXS,2,35.0 - 46.0,TCGA-LUAD,9c5a4837-e143-48e8-87b5-dc72fe80e7f6,released,23d0de5d-9159-4edb-969e-efb3e580e56e,https://github.com/NCI-GDC/aliquot-maf-cwl/blob/3dd621a8745ee2b91716911604bf3f096337a9b7/ensemble_aliquot_maf/ensemble_aliquot_maf_wf.cwl,Aliquot Ensemble Somatic Variant Merging and Masking,3dd621a8745ee2b91716911604bf3f096337a9b7,
182fab72-ac82-424f-86d6-200179dc5564,MAF,"TCGA-17-Z022-01A-01W-0746-08,TCGA-17-Z022-11A-01W-0746-08",open,47c43e45-c3b5-458b-9b39-a2e99a058199.wxs.aliquot_ensemble_masked.maf.gz,71e36d13-e5c4-4bc6-a5fc-302bd9c69e10,Simple Nucleotide Variation,masked_somatic_mutation,Illumina,392294,2022-08-01T16:57:51.172171-05:00,7e09b84f067c926b7b920eb83dc1ad15,2024-07-31T06:32:50.026080-05:00,182fab72-ac82-424f-86d6-200179dc5564,Masked Somatic Mutation,released,WXS,2,35.0 - 46.0,TCGA-LUAD,ae582ce9-088e-4f98-a1b7-6c8978c17e64,released,47c43e45-c3b5-458b-9b39-a2e99a058199,https://github.com/NCI-GDC/aliquot-maf-cwl/blob/3dd621a8745ee2b91716911604bf3f096337a9b7/ensemble_aliquot_maf/ensemble_aliquot_maf_wf.cwl,Aliquot Ensemble Somatic Variant Merging and Masking,3dd621a8745ee2b91716911604bf3f096337a9b7,
7147b412-20da-4617-93db-29578230b4af,MAF,"TCGA-97-A4LX-01A-11D-A24P-08,TCGA-97-A4LX-10A-01D-A24P-08",open,42c632bc-1a83-49b5-8a58-dcbd452aa967.wxs.aliquot_ensemble_masked.maf.gz,c16d6fb1-c070-492c-886e-cd3c90f5a918,Simple Nucleotide Variation,masked_somatic_mutation,Illumina,57297,2022-08-01T16:39:48.948140-05:00,900dbf838b1142bfac0277c13dd41f3a,2024-07-31T06:32:31.951547-05:00,7147b412-20da-4617-93db-29578230b4af,Masked Somatic Mutation,released,WXS,2,35.0 - 46.0,TCGA-LUAD,e92af389-6fda-409e-9218-92220e69a401,released,42c632bc-1a83-49b5-8a58-dcbd452aa967,https://github.com/NCI-GDC/aliquot-maf-cwl/blob/3dd621a8745ee2b91716911604bf3f096337a9b7/ensemble_aliquot_maf/ensemble_aliquot_maf_wf.cwl,Aliquot Ensemble Somatic Variant Merging and Masking,3dd621a8745ee2b91716911604bf3f096337a9b7,
050b0844-ba9b-4257-8f83-f68f054f67ab,MAF,"TCGA-62-A472-01A-11D-A24D-08,TCGA-62-A472-10A-01D-A24F-08",open,4f0437f4-be61-4881-8f74-fe88e4cc4ed3.wxs.aliquot_ensemble_masked.maf.gz,fa6a7fc6-1930-48d9-bcd3-9d5a422fc98e,Simple Nucleotide Variation,masked_somatic_mutation,Illumina,23494,2022-08-01T16:38:48.141708-05:00,efa6abdb51ae29a5e60d05e96f1baba1,2024-07-31T06:28:39.619138-05:00,050b0844-ba9b-4257-8f83-f68f054f67ab,Masked Somatic Mutation,released,WXS,2,35.0 - 46.0,TCGA-LUAD,f7c83ae9-3a11-4983-90d8-552b3544f1e7,released,4f0437f4-be61-4881-8f74-fe88e4cc4ed3,https://github.com/NCI-GDC/aliquot-maf-cwl/blob/3dd621a8745ee2b91716911604bf3f096337a9b7/ensemble_aliquot_maf/ensemble_aliquot_maf_wf.cwl,Aliquot Ensemble Somatic Variant Merging and Masking,3dd621a8745ee2b91716911604bf3f096337a9b7,
bcb43723-260d-465f-9fe8-a9519a57b29e,MAF,"TCGA-MP-A4T2-01A-11D-A24P-08,TCGA-MP-A4T2-10A-01D-A24P-08",open,2e74d26e-c0c8-49dc-98d8-88d28a98f662.wxs.aliquot_ensemble_masked.maf.gz,65f15e54-e1f1-46a6-8ee2-15ee91fbc99f,Simple Nucleotide Variation,masked_somatic_mutation,Illumina,30568,2022-08-01T16:43:48.241964-05:00,73dd21d21c15835009aa747b0df7b8a4,2024-07-31T06:31:58.813192-05:00,bcb43723-260d-465f-9fe8-a9519a57b29e,Masked Somatic Mutation,released,WXS,2,35.0 - 46.0,TCGA-LUAD,8f352106-4527-4da4-aefe-508490c8c010,released,2e74d26e-c0c8-49dc-98d8-88d28a98f662,https://github.com/NCI-GDC/aliquot-maf-cwl/blob/3dd621a8745ee2b91716911604bf3f096337a9b7/ensemble_aliquot_maf/ensemble_aliquot_maf_wf.cwl,Aliquot Ensemble Somatic Variant Merging and Masking,3dd621a8745ee2b91716911604bf3f096337a9b7,
4e44c528-4c1a-4707-984f-a976c433628f,MAF,"TCGA-55-A493-01A-11D-A24D-08,TCGA-55-A493-10A-01D-A24F-08",open,5ff85c14-6433-4173-bfa1-2214d92a6482.wxs.aliquot_ensemble_masked.maf.gz,64e2ad94-108d-4414-8528-dfe7009f4dfe,Simple Nucleotide Variation,masked_somatic_mutation,Illumina,88477,2022-08-01T17:04:32.899440-05:00,48575bae0cf0ae323dfe490f45831ef2,2024-07-31T06:38:41.942899-05:00,4e44c528-4c1a-4707-984f-a976c433628f,Masked Somatic Mutation,released,WXS,2,35.0 - 46.0,TCGA-LUAD,8a62e63a-ac57-439a-b6f1-fe8430bb561c,released,5ff85c14-6433-4173-bfa1-2214d92a6482,https://github.com/NCI-GDC/aliquot-maf-cwl/blob/3dd621a8745ee2b91716911604bf3f096337a9b7/ensemble_aliquot_maf/ensemble_aliquot_maf_wf.cwl,Aliquot Ensemble Somatic Variant Merging and Masking,3dd621a8745ee2b91716911604bf3f096337a9b7,
b24cf492-595c-47b8-a62c-3d40ec30f2da,MAF,"TCGA-93-7348-01A-21D-2036-08,TCGA-93-7348-10A-01D-2036-08",open,edbbf735-d52b-42e2-9da3-26e69d3348f2.wxs.aliquot_ensemble_masked.maf.gz,67c6e7f9-8a6e-458c-8ae8-884118b5a68f,Simple Nucleotide Variation,masked_somatic_mutation,Illumina,37987,2022-08-01T16:46:01.939724-05:00,2ba4bf6d24b912f3fd017cedc4de80e2,2024-07-31T06:29:00.153996-05:00,b24cf492-595c-47b8-a62c-3d40ec30f2da,Masked Somatic Mutation,released,WXS,2,35.0 - 46.0,TCGA-LUAD,c2be98fb-d3af-40ab-a6cd-b642af118d92,released,edbbf735-d52b-42e2-9da3-26e69d3348f2,https://github.com/NCI-GDC/aliquot-maf-cwl/blob/3dd621a8745ee2b91716911604bf3f096337a9b7/ensemble_aliquot_maf/ensemble_aliquot_maf_wf.cwl,Aliquot Ensemble Somatic Variant Merging and Masking,3dd621a8745ee2b91716911604bf3f096337a9b7,
a350afa2-198c-4462-8625-ba2410d823fe,MAF,"TCGA-78-7542-01A-21D-2063-08,TCGA-78-7542-11A-01D-2063-08",open,b9469a1e-f810-4c0c-975e-1e82257ff032.wxs.aliquot_ensemble_masked.maf.gz,8cd8ef8e-be74-41d5-b36a-97c83cc16ca4,Simple Nucleotide Variation,masked_somatic_mutation,Illumina,123817,2022-08-01T16:58:40.183510-05:00,2dfedbe6e71c1abcc7e3178a1c5169da,2024-07-31T06:35:21.895638-05:00,a350afa2-198c-4462-8625-ba2410d823fe,Masked Somatic Mutation,released,WXS,2,35.0 - 46.0,TCGA-LUAD,6279cc39-bb31-44e5-9911-69e777e476cb,released,b9469a1e-f810-4c0c-975e-1e82257ff032,https://github.com/NCI-GDC/aliquot-maf-cwl/blob/3dd621a8745ee2b91716911604bf3f096337a9b7/ensemble_aliquot_maf/ensemble_aliquot_maf_wf.cwl,Aliquot Ensemble Somatic Variant Merging and Masking,3dd621a8745ee2b91716911604bf3f096337a9b7,
f1efa2b4-7be6-44db-8eb1-52acf869b6e0,MAF,"TCGA-78-7147-01A-11D-2036-08,TCGA-78-7147-10A-01D-2036-08",open,fe6029e2-872b-44b4-a22b-1a9fc0e33739.wxs.aliquot_ensemble_masked.maf.gz,faaa79c2-9b9a-4d0f-a843-a3da8ea8cf37,Simple Nucleotide Variation,masked_somatic_mutation,Illumina,119808,2022-08-01T16:45:37.250815-05:00,78d1b90cb6007df26884b5e4064f275c,2024-07-31T06:29:43.682730-05:00,f1efa2b4-7be6-44db-8eb1-52acf869b6e0,Masked Somatic Mutation,released,WXS,2,35.0 - 46.0,TCGA-LUAD,91646d0b-c3b3-414e-990c-1c50043001ee,released,fe6029e2-872b-44b4-a22b-1a9fc0e33739,https://github.com/NCI-GDC/aliquot-maf-cwl/blob/3dd621a8745ee2b91716911604bf3f096337a9b7/ensemble_aliquot_maf/ensemble_aliquot_maf_wf.cwl,Aliquot Ensemble Somatic Variant Merging and Masking,3dd621a8745ee2b91716911604bf3f096337a9b7,
22fc52e1-b395-4d0d-81ea-335a5a65dff3,MAF,"TCGA-78-7148-01A-11D-2036-08,TCGA-78-7148-10A-01D-2036-08",open,96a114f9-2edc-44f7-8a89-3d59cf3a75c3.wxs.aliquot_ensemble_masked.maf.gz,1e3cf496-cee9-40a6-b698-2b647b12583b,Simple Nucleotide Variation,masked_somatic_mutation,Illumina,77504,2022-08-01T16:54:47.591373-05:00,431e078073c16ff44687e67c1e58f2ef,2024-07-31T06:35:15.141295-05:00,22fc52e1-b395-4d0d-81ea-335a5a65dff3,Masked Somatic Mutation,released,WXS,2,35.0 - 46.0,TCGA-LUAD,b17fe070-aefe-42ab-924d-45668a3809ed,released,96a114f9-2edc-44f7-8a89-3d59cf3a75c3,https://github.com/NCI-GDC/aliquot-maf-cwl/blob/3dd621a8745ee2b91716911604bf3f096337a9b7/ensemble_aliquot_maf/ensemble_aliquot_maf_wf.cwl,Aliquot Ensemble Somatic Variant Merging and Masking,3dd621a8745ee2b91716911604bf3f096337a9b7,
c68dd550-fd19-4323-9d07-6387be57ee96,MAF,"TCGA-97-7938-01A-11D-2167-08,TCGA-97-7938-10A-01D-2167-08",open,addc7bff-7f2f-41ea-800e-e66ce8734f28.wxs.aliquot_ensemble_masked.maf.gz,82fe34af-3e41-4a5f-8e3b-26540bfd5171,Simple Nucleotide Variation,masked_somatic_mutation,Illumina,134548,2022-08-01T17:03:00.544876-05:00,dd625472cbb45baa0a47b29cdc4d3a22,2024-07-31T06:38:04.598937-05:00,c68dd550-fd19-4323-9d07-6387be57ee96,Masked Somatic Mutation,released,WXS,2,35.0 - 46.0,TCGA-LUAD,64f6b746-9067-4d67-a83c-f3cd7f6dd169,released,addc7bff-7f2f-41ea-800e-e66ce8734f28,https://github.com/NCI-GDC/aliquot-maf-cwl/blob/3dd621a8745ee2b91716911604bf3f096337a9b7/ensemble_aliquot_maf/ensemble_aliquot_maf_wf.cwl,Aliquot Ensemble Somatic Variant Merging and Masking,3dd621a8745ee2b91716911604bf3f096337a9b7,
1cc4878e-349d-42a5-b272-c74c7d19cd10,MAF,"TCGA-17-Z000-01A-01W-0746-08,TCGA-17-Z000-11A-01W-0746-08",open,22ac955c-e0d7-4b5e-9d92-5a982e84e51a.wxs.aliquot_ensemble_masked.maf.gz,989fc24e-ce64-44ad-ab8f-2671c47204ad,Simple Nucleotide Variation,masked_somatic_mutation,Illumina,42993,2022-08-01T17:05:18.960586-05:00,87a70ade56babf65ffaaf859d9e2b33d,2024-07-31T06:37:14.022868-05:00,1cc4878e-349d-42a5-b272-c74c7d19cd10,Masked Somatic Mutation,released,WXS,2,35.0 - 46.0,TCGA-LUAD,77971b6f-5382-430a-b36c-4789ee261645,released,22ac955c-e0d7-4b5e-9d92-5a982e84e51a,https://github.com/NCI-GDC/aliquot-maf-cwl/blob/3dd621a8745ee2b91716911604bf3f096337a9b7/ensemble_aliquot_maf/ensemble_aliquot_maf_wf.cwl,Aliquot Ensemble Somatic Variant Merging and Masking,3dd621a8745ee2b91716911604bf3f096337a9b7,
8ef33e93-f001-4967-8243-fc0069390f28,MAF,"TCGA-05-4432-01A-01D-1265-08,TCGA-05-4432-10A-01D-1265-08",open,e376cd13-49c0-4c46-bfb9-5d5230bfb35e.wxs.aliquot_ensemble_masked.maf.gz,1a6db077-c08b-4008-af68-7c610c59dbef,Simple Nucleotide Variation,masked_somatic_mutation,Illumina,189888,2022-08-01T16:42:11.137912-05:00,33ae2c2dcc4bb8d26791b63512c1e9cd,2024-07-31T06:25:58.002702-05:00,8ef33e93-f001-4967-8243-fc0069390f28,Masked Somatic Mutation,released,WXS,2,35.0 - 46.0,TCGA-LUAD,2beac9a7-a4b5-4066-96de-3ed377f60f13,released,e376cd13-49c0-4c46-bfb9-5d5230bfb35e,https://github.com/NCI-GDC/aliquot-maf-cwl/blob/3dd621a8745ee2b91716911604bf3f096337a9b7/ensemble_aliquot_maf/ensemble_aliquot_maf_wf.cwl,Aliquot Ensemble Somatic Variant Merging and Masking,3dd621a8745ee2b91716911604bf3f096337a9b7,
0ba7dbf0-2634-4340-8d26-f182c3665a7d,MAF,"TCGA-93-7347-01A-11D-2184-08,TCGA-93-7347-10A-01D-2184-08",open,ddcc2fd9-c351-4632-921e-5a9d0464c2a5.wxs.aliquot_ensemble_masked.maf.gz,aabb8014-c3d6-4c73-801a-26e0c18154e6,Simple Nucleotide Variation,masked_somatic_mutation,Illumina,42161,2022-08-01T16:57:23.768234-05:00,8f03f9a255f734a02dcf67b911de7230,2024-07-31T06:26:34.712710-05:00,0ba7dbf0-2634-4340-8d26-f182c3665a7d,Masked Somatic Mutation,released,WXS,2,35.0 - 46.0,TCGA-LUAD,13a55499-837a-4c22-81ba-8ab02c291160,released,ddcc2fd9-c351-4632-921e-5a9d0464c2a5,https://github.com/NCI-GDC/aliquot-maf-cwl/blob/3dd621a8745ee2b91716911604bf3f096337a9b7/ensemble_aliquot_maf/ensemble_aliquot_maf_wf.cwl,Aliquot Ensemble Somatic Variant Merging and Masking,3dd621a8745ee2b91716911604bf3f096337a9b7,
d413c741-61a3-4635-9873-ca37b12af6c4,MAF,"TCGA-55-6984-01A-11D-1945-08,TCGA-55-6984-11A-01D-1945-08",open,09403493-a14f-46c3-8d89-4b7b5ac407b1.wxs.aliquot_ensemble_masked.maf.gz,bc3c8e3f-c134-4f0c-a853-de3d84154962,Simple Nucleotide Variation,masked_somatic_mutation,Illumina,10952,2022-08-01T16:43:23.519383-05:00,e93715d55787d63ce8ab6a1f0ebd067f,2024-07-31T06:29:01.619709-05:00,d413c741-61a3-4635-9873-ca37b12af6c4,Masked Somatic Mutation,released,WXS,2,35.0 - 46.0,TCGA-LUAD,5ee88350-7247-4ba9-ac6f-972a4cde4461,released,09403493-a14f-46c3-8d89-4b7b5ac407b1,https://github.com/NCI-GDC/aliquot-maf-cwl/blob/3dd621a8745ee2b91716911604bf3f096337a9b7/ensemble_aliquot_maf/ensemble_aliquot_maf_wf.cwl,Aliquot Ensemble Somatic Variant Merging and Masking,3dd621a8745ee2b91716911604bf3f096337a9b7,
fbf508aa-eddc-4680-b831-ba8724e6dfff,MAF,"TCGA-17-Z047-01A-01W-0747-08,TCGA-17-Z047-11A-01W-0746-08",open,5b0b7840-ba24-4aab-bbaf-a26e6ef0b993.wxs.aliquot_ensemble_masked.maf.gz,f7bbb645-2498-49e2-9125-270f611ed513,Simple Nucleotide Variation,masked_somatic_mutation,Illumina,11558,2022-08-01T16:38:54.611439-05:00,d9c616ac78f30783841715f94317b71f,2024-07-30T23:50:52.915604-05:00,fbf508aa-eddc-4680-b831-ba8724e6dfff,Masked Somatic Mutation,released,WXS,2,35.0 - 46.0,TCGA-LUAD,f02b6836-2e1a-46e1-bb2d-69eefdec8e69,released,5b0b7840-ba24-4aab-bbaf-a26e6ef0b993,https://github.com/NCI-GDC/aliquot-maf-cwl/blob/3dd621a8745ee2b91716911604bf3f096337a9b7/ensemble_aliquot_maf/ensemble_aliquot_maf_wf.cwl,Aliquot Ensemble Somatic Variant Merging and Masking,3dd621a8745ee2b91716911604bf3f096337a9b7,
fbf056f2-8cd3-4ad1-83a1-608f41362823,MAF,"TCGA-97-8547-01A-11D-2393-08,TCGA-97-8547-10A-01D-2393-08",open,7a5fb9c5-bc52-4c7f-a65f-8660e7fca8d8.wxs.aliquot_ensemble_masked.maf.gz,b5c13265-e4af-4e75-a87d-2f0d0c7b812c,Simple Nucleotide Variation,masked_somatic_mutation,Illumina,22026,2022-08-01T16:44:47.076136-05:00,7db033004dec9cf556d9c87fc02f36de,2024-07-31T06:28:08.135265-05:00,fbf056f2-8cd3-4ad1-83a1-608f41362823,Masked Somatic Mutation,released,WXS,2,35.0 - 46.0,TCGA-LUAD,8e40a07f-9ae8-438c-a7f9-10eef835f650,released,7a5fb9c5-bc52-4c7f-a65f-8660e7fca8d8,https://github.com/NCI-GDC/aliquot-maf-cwl/blob/3dd621a8745ee2b91716911604bf3f096337a9b7/ensemble_aliquot_maf/ensemble_aliquot_maf_wf.cwl,Aliquot Ensemble Somatic Variant Merging and Masking,3dd621a8745ee2b91716911604bf3f096337a9b7,
f09497c7-2fbe-4355-81c7-bfa2dea95b9a,MAF,"TCGA-05-4390-01A-02D-1753-08,TCGA-05-4390-10A-01D-1753-08",open,1e99bf12-cf11-4b19-b4e7-fd81306cc2fb.wxs.aliquot_ensemble_masked.maf.gz,2b7134a8-d676-4b86-b01f-77449f5feadb,Simple Nucleotide Variation,masked_somatic_mutation,Illumina,177392,2022-08-01T16:47:57.895199-05:00,8991665c65ca79e187691353a64e38b3,2024-07-31T06:27:52.139605-05:00,f09497c7-2fbe-4355-81c7-bfa2dea95b9a,Masked Somatic Mutation,released,WXS,2,35.0 - 46.0,TCGA-LUAD,12dfaf89-74c9-444e-ae40-03c10d15e8e7,released,1e99bf12-cf11-4b19-b4e7-fd81306cc2fb,https://github.com/NCI-GDC/aliquot-maf-cwl/blob/3dd621a8745ee2b91716911604bf3f096337a9b7/ensemble_aliquot_maf/ensemble_aliquot_maf_wf.cwl,Aliquot Ensemble Somatic Variant Merging and Masking,3dd621a8745ee2b91716911604bf3f096337a9b7,
59339970-dcc3-4b6c-bce5-cb6448170c1b,MAF,"TCGA-4B-A93V-01A-11D-A397-08,TCGA-4B-A93V-10A-01D-A39A-08",open,0e9593d3-994f-45ed-af55-577c1bfbf7c8.wxs.aliquot_ensemble_masked.maf.gz,35b86ce4-a0af-45e9-9807-0745fd1cc840,Simple Nucleotide Variation,masked_somatic_mutation,Illumina,54201,2022-08-01T17:05:03.255720-05:00,07897903da355b795881efbf5e09b368,2024-07-31T06:32:12.607269-05:00,59339970-dcc3-4b6c-bce5-cb6448170c1b,Masked Somatic Mutation,released,WXS,2,35.0 - 46.0,TCGA-LUAD,c47ab6a1-5192-4b4d-b3bf-118653278cbe,released,0e9593d3-994f-45ed-af55-577c1bfbf7c8,https://github.com/NCI-GDC/aliquot-maf-cwl/blob/3dd621a8745ee2b91716911604bf3f096337a9b7/ensemble_aliquot_maf/ensemble_aliquot_maf_wf.cwl,Aliquot Ensemble Somatic Variant Merging and Masking,3dd621a8745ee2b91716911604bf3f096337a9b7,
e2c19b73-08e1-4dde-bfa3-a97313c2051c,MAF,"TCGA-50-5941-01A-11D-1753-08,TCGA-50-5941-10A-01D-1753-08",open,8ab41759-32a6-4b72-911f-507260ed2c9a.wxs.aliquot_ensemble_masked.maf.gz,20fdc320-54da-4287-bc98-a6815736445b,Simple Nucleotide Variation,masked_somatic_mutation,Illumina,122583,2022-08-01T16:47:33.284898-05:00,549b8f693ff1c979989348c3384b74f1,2024-07-31T06:32:55.401204-05:00,e2c19b73-08e1-4dde-bfa3-a97313c2051c,Masked Somatic Mutation,released,WXS,2,35.0 - 46.0,TCGA-LUAD,da690c14-2991-4f46-a586-1a457b8dc347,released,8ab41759-32a6-4b72-911f-507260ed2c9a,https://github.com/NCI-GDC/aliquot-maf-cwl/blob/3dd621a8745ee2b91716911604bf3f096337a9b7/ensemble_aliquot_maf/ensemble_aliquot_maf_wf.cwl,Aliquot Ensemble Somatic Variant Merging and Masking,3dd621a8745ee2b91716911604bf3f096337a9b7,
6f30cf5c-d490-4bd2-bad1-37e18979888a,MAF,"TCGA-49-AAR2-01A-11D-A397-08,TCGA-49-AAR2-11A-11D-A39A-08",open,aa17d1ba-3fa8-4679-b700-3e7a8bf7f45b.wxs.aliquot_ensemble_masked.maf.gz,169bc5a4-4cad-496b-ade2-2ca3ca26f429,Simple Nucleotide Variation,masked_somatic_mutation,Illumina,127698,2022-08-01T16:38:00.152513-05:00,e594c892c20909eaae183c626afcff69,2024-07-31T06:25:35.011242-05:00,6f30cf5c-d490-4bd2-bad1-37e18979888a,Masked Somatic Mutation,released,WXS,2,35.0 - 46.0,TCGA-LUAD,5951bed8-ecc8-438c-8a61-e91dc469b784,released,aa17d1ba-3fa8-4679-b700-3e7a8bf7f45b,https://github.com/NCI-GDC/aliquot-maf-cwl/blob/3dd621a8745ee2b91716911604bf3f096337a9b7/ensemble_aliquot_maf/ensemble_aliquot_maf_wf.cwl,Aliquot Ensemble Somatic Variant Merging and Masking,3dd621a8745ee2b91716911604bf3f096337a9b7,
a73e30b7-55b7-4465-9132-4bfadfcaf372,MAF,"TCGA-44-A4SS-01A-11D-A24P-08,TCGA-44-A4SS-10A-01D-A24P-08",open,22e9286d-c0d8-443e-8de8-65fbcf4903cd.wxs.aliquot_ensemble_masked.maf.gz,a07ae8b8-5bef-4f44-b781-dfab57eb31cf,Simple Nucleotide Variation,masked_somatic_mutation,Illumina,153180,2022-08-01T16:49:09.889438-05:00,24623bd549ecbd4e6dcb06094d911485,2024-07-31T06:34:33.426920-05:00,a73e30b7-55b7-4465-9132-4bfadfcaf372,Masked Somatic Mutation,released,WXS,2,35.0 - 46.0,TCGA-LUAD,ebb89a03-eb17-481e-932f-9d43251cfc3c,released,22e9286d-c0d8-443e-8de8-65fbcf4903cd,https://github.com/NCI-GDC/aliquot-maf-cwl/blob/3dd621a8745ee2b91716911604bf3f096337a9b7/ensemble_aliquot_maf/ensemble_aliquot_maf_wf.cwl,Aliquot Ensemble Somatic Variant Merging and Masking,3dd621a8745ee2b91716911604bf3f096337a9b7,
3b0339db-235b-411b-8954-5504b38896b9,MAF,"TCGA-78-7155-01A-11D-2036-08,TCGA-78-7155-10A-01D-2036-08",open,b7cbda3e-a159-4d46-a4bb-52e4c6a4bdbd.wxs.aliquot_ensemble_masked.maf.gz,afaca86f-7057-45a5-a397-1f6c1fafe7e4,Simple Nucleotide Variation,masked_somatic_mutation,Illumina,480124,2022-08-01T17:03:44.570906-05:00,26d268fe58b799817bb93c64b7d010c9,2024-07-31T06:29:31.416810-05:00,3b0339db-235b-411b-8954-5504b38896b9,Masked Somatic Mutation,released,WXS,2,35.0 - 46.0,TCGA-LUAD,52f1af09-504f-4ce4-8da6-1ae0c1ead48e,released,b7cbda3e-a159-4d46-a4bb-52e4c6a4bdbd,https://github.com/NCI-GDC/aliquot-maf-cwl/blob/3dd621a8745ee2b91716911604bf3f096337a9b7/ensemble_aliquot_maf/ensemble_aliquot_maf_wf.cwl,Aliquot Ensemble Somatic Variant Merging and Masking,3dd621a8745ee2b91716911604bf3f096337a9b7,
10c0500e-d828-4c4b-b574-2035ead37702,MAF,"TCGA-05-4250-01A-01D-1105-08,TCGA-05-4250-10A-01D-1105-08",open,3722e40f-ae0a-4d22-b64b-5aae459ac112.wxs.aliquot_ensemble_masked.maf.gz,ac736569-ed71-455b-8608-4692345fff45,Simple Nucleotide Variation,masked_somatic_mutation,Illumina,125323,2022-08-01T17:03:03.040440-05:00,10f4904c63a70d344009edb32365ee03,2024-07-31T06:31:31.358253-05:00,10c0500e-d828-4c4b-b574-2035ead37702,Masked Somatic Mutation,released,WXS,2,35.0 - 46.0,TCGA-LUAD,58ea2d7b-7e2b-4050-83b7-0cc2cb20a522,released,3722e40f-ae0a-4d22-b64b-5aae459ac112,https://github.com/NCI-GDC/aliquot-maf-cwl/blob/3dd621a8745ee2b91716911604bf3f096337a9b7/ensemble_aliquot_maf/ensemble_aliquot_maf_wf.cwl,Aliquot Ensemble Somatic Variant Merging and Masking,3dd621a8745ee2b91716911604bf3f096337a9b7,
a594321c-a1aa-45c7-8460-ee554b75c97e,MAF,"TCGA-78-7146-01A-11D-2036-08,TCGA-78-7146-10A-01D-2036-08",open,c714f92e-558d-4f85-8994-7382693f7cdf.wxs.aliquot_ensemble_masked.maf.gz,aed02859-8475-4d70-ab41-e09ec3c26fe3,Simple Nucleotide Variation,masked_somatic_mutation,Illumina,124902,2022-08-01T16:38:37.655697-05:00,c2d7e79060cb822e21b1d0a1e18af61c,2024-07-31T06:26:49.727108-05:00,a594321c-a1aa-45c7-8460-ee554b75c97e,Masked Somatic Mutation,released,WXS,2,35.0 - 46.0,TCGA-LUAD,95e9babc-121e-4b89-bf23-c5f6abf108bd,released,c714f92e-558d-4f85-8994-7382693f7cdf,https://github.com/NCI-GDC/aliquot-maf-cwl/blob/3dd621a8745ee2b91716911604bf3f096337a9b7/ensemble_aliquot_maf/ensemble_aliquot_maf_wf.cwl,Aliquot Ensemble Somatic Variant Merging and Masking,3dd621a8745ee2b91716911604bf3f096337a9b7,
2ecec5c0-eb4f-4a29-9de2-63b0d3bc743f,MAF,"TCGA-44-2665-01A-01W-0928-08,TCGA-44-2665-10A-01D-1040-01",open,26cc9fa4-a92b-41f5-830f-c5333eac4365.wxs.aliquot_ensemble_masked.maf.gz,20824364-a769-4892-b04f-7a34cdc129a0,Simple Nucleotide Variation,masked_somatic_mutation,Illumina,19805,2022-08-01T16:55:48.871450-05:00,0ab98ffb0f3ca4a7956f143b679dd4f9,2024-07-31T02:29:57.374945-05:00,2ecec5c0-eb4f-4a29-9de2-63b0d3bc743f,Masked Somatic Mutation,released,WXS,2,35.0 - 46.0,TCGA-LUAD,c152e138-c677-4176-bb82-16cb6c3bc679,released,26cc9fa4-a92b-41f5-830f-c5333eac4365,https://github.com/NCI-GDC/aliquot-maf-cwl/blob/3dd621a8745ee2b91716911604bf3f096337a9b7/ensemble_aliquot_maf/ensemble_aliquot_maf_wf.cwl,Aliquot Ensemble Somatic Variant Merging and Masking,3dd621a8745ee2b91716911604bf3f096337a9b7,
d8a4a3fa-c99f-4e5f-aea7-98d4d6791bd0,MAF,"TCGA-44-2665-01B-06D-A271-08,TCGA-44-2665-10A-01D-1040-01",open,cf8a9954-172b-4c31-8dbd-068a01d1e7f5.wxs.aliquot_ensemble_masked.maf.gz,fe46ce6e-4f10-494a-b607-b1e6a4857fd2,Simple Nucleotide Variation,masked_somatic_mutation,Illumina,19709,2022-08-01T16:56:16.578375-05:00,9c8efaf6f1b7867777bc9d34a9d3a2ee,2024-07-31T06:31:04.150802-05:00,d8a4a3fa-c99f-4e5f-aea7-98d4d6791bd0,Masked Somatic Mutation,released,WXS,2,35.0 - 46.0,TCGA-LUAD,b285e46a-dc94-4580-bf75-2de7cc1de509,released,cf8a9954-172b-4c31-8dbd-068a01d1e7f5,https://github.com/NCI-GDC/aliquot-maf-cwl/blob/3dd621a8745ee2b91716911604bf3f096337a9b7/ensemble_aliquot_maf/ensemble_aliquot_maf_wf.cwl,Aliquot Ensemble Somatic Variant Merging and Masking,3dd621a8745ee2b91716911604bf3f096337a9b7,
f9337f7b-8de7-4bbf-b999-11897ddf1156,MAF,"TCGA-55-8616-01A-11D-2393-08,TCGA-55-8616-10A-01D-2393-08",open,dcf24b26-a9ba-4523-bd10-56a5c6bd3a70.wxs.aliquot_ensemble_masked.maf.gz,f1d17593-0cb8-402f-ac4d-03e88bd00844,Simple Nucleotide Variation,masked_somatic_mutation,Illumina,162201,2022-08-01T16:56:44.624690-05:00,a4c5accf649423d6097e4057a49063e6,2024-07-31T06:28:28.864506-05:00,f9337f7b-8de7-4bbf-b999-11897ddf1156,Masked Somatic Mutation,released,WXS,2,35.0 - 46.0,TCGA-LUAD,31da5f05-27fe-46e0-b290-70cecfcd6bbe,released,dcf24b26-a9ba-4523-bd10-56a5c6bd3a70,https://github.com/NCI-GDC/aliquot-maf-cwl/blob/3dd621a8745ee2b91716911604bf3f096337a9b7/ensemble_aliquot_maf/ensemble_aliquot_maf_wf.cwl,Aliquot Ensemble Somatic Variant Merging and Masking,3dd621a8745ee2b91716911604bf3f096337a9b7,
2adbac87-1656-4f60-b224-b10feef293ec,MAF,"TCGA-38-7271-01A-11D-2036-08,TCGA-38-7271-11A-01D-2036-08",open,e65fc432-29d8-46b0-b083-84b673f70630.wxs.aliquot_ensemble_masked.maf.gz,d84e0eb0-00f7-4c43-af49-8d1361aa4c0e,Simple Nucleotide Variation,masked_somatic_mutation,Illumina,20158,2022-08-01T16:48:08.293368-05:00,00a58d72936859473c5a247d226284c0,2024-07-31T06:32:29.095953-05:00,2adbac87-1656-4f60-b224-b10feef293ec,Masked Somatic Mutation,released,WXS,2,35.0 - 46.0,TCGA-LUAD,0e2d89fe-bc18-4d3d-8a2b-5c323f66d4fd,released,e65fc432-29d8-46b0-b083-84b673f70630,https://github.com/NCI-GDC/aliquot-maf-cwl/blob/3dd621a8745ee2b91716911604bf3f096337a9b7/ensemble_aliquot_maf/ensemble_aliquot_maf_wf.cwl,Aliquot Ensemble Somatic Variant Merging and Masking,3dd621a8745ee2b91716911604bf3f096337a9b7,
56ee7c04-78c2-4484-bbff-7bca5056a4e3,MAF,"TCGA-86-8076-01A-31D-2238-08,TCGA-86-8076-10A-01D-2238-08",open,2f2bb436-47e8-4f0e-840f-13073e79be16.wxs.aliquot_ensemble_masked.maf.gz,7526ea94-c9e6-447b-97c3-c67334ee22e4,Simple Nucleotide Variation,masked_somatic_mutation,Illumina,24983,2022-08-01T16:43:16.760462-05:00,11b59259b449ad16e271fa61967470c7,2024-07-31T06:33:34.031030-05:00,56ee7c04-78c2-4484-bbff-7bca5056a4e3,Masked Somatic Mutation,released,WXS,2,35.0 - 46.0,TCGA-LUAD,16fb7f0f-17d9-4353-a570-632ea4753eed,released,2f2bb436-47e8-4f0e-840f-13073e79be16,https://github.com/NCI-GDC/aliquot-maf-cwl/blob/3dd621a8745ee2b91716911604bf3f096337a9b7/ensemble_aliquot_maf/ensemble_aliquot_maf_wf.cwl,Aliquot Ensemble Somatic Variant Merging and Masking,3dd621a8745ee2b91716911604bf3f096337a9b7,
28b17e7d-8b8b-42c4-acc7-9397f52c1773,MAF,"TCGA-44-7661-01A-11D-2063-08,TCGA-44-7661-10A-01D-2063-08",open,4da39cd3-7acc-4cc1-b877-1220d09f0bdb.wxs.aliquot_ensemble_masked.maf.gz,896210be-d69c-48ee-840f-89d65caad045,Simple Nucleotide Variation,masked_somatic_mutation,Illumina,90288,2022-08-01T17:00:03.639248-05:00,8d254f19635357d4fe7818df5441bd07,2024-07-31T06:38:25.541953-05:00,28b17e7d-8b8b-42c4-acc7-9397f52c1773,Masked Somatic Mutation,released,WXS,2,35.0 - 46.0,TCGA-LUAD,529a9027-7f07-414f-8e9f-724f164f744b,released,4da39cd3-7acc-4cc1-b877-1220d09f0bdb,https://github.com/NCI-GDC/aliquot-maf-cwl/blob/3dd621a8745ee2b91716911604bf3f096337a9b7/ensemble_aliquot_maf/ensemble_aliquot_maf_wf.cwl,Aliquot Ensemble Somatic Variant Merging and Masking,3dd621a8745ee2b91716911604bf3f096337a9b7,
d9c46dd7-be43-4e5a-b1d0-c7279d6b6d54,MAF,"TCGA-73-7498-01A-12D-2184-08,TCGA-73-7498-10A-01D-2184-08",open,b0f91091-0153-488d-85b7-4544a0e22c1f.wxs.aliquot_ensemble_masked.maf.gz,4b44f07d-93d1-4d54-8b2b-d5feea10e35a,Simple Nucleotide Variation,masked_somatic_mutation,Illumina,44201,2022-08-01T16:55:22.856590-05:00,0e6fae8be677c925e6f7bd1d4661b686,2024-07-31T06:27:45.630749-05:00,d9c46dd7-be43-4e5a-b1d0-c7279d6b6d54,Masked Somatic Mutation,released,WXS,2,35.0 - 46.0,TCGA-LUAD,16a6bd0b-864f-4ce3-be0e-bd5ee595cbe1,released,b0f91091-0153-488d-85b7-4544a0e22c1f,https://github.com/NCI-GDC/aliquot-maf-cwl/blob/3dd621a8745ee2b91716911604bf3f096337a9b7/ensemble_aliquot_maf/ensemble_aliquot_maf_wf.cwl,Aliquot Ensemble Somatic Variant Merging and Masking,3dd621a8745ee2b91716911604bf3f096337a9b7,
c85e7461-3613-4c69-bf55-aa8e8fe191ad,MAF,"TCGA-55-7725-01A-11D-2167-08,TCGA-55-7725-10A-01D-2167-08",open,ae8bbb73-9bc2-4347-a7f5-8e57de1668ef.wxs.aliquot_ensemble_masked.maf.gz,bf08d86e-0339-4a62-81f9-0c1a3ba16065,Simple Nucleotide Variation,masked_somatic_mutation,Illumina,53599,2022-08-01T17:03:15.661346-05:00,c57e087824663c6e8aadfc93af878d0f,2024-07-31T06:38:37.711300-05:00,c85e7461-3613-4c69-bf55-aa8e8fe191ad,Masked Somatic Mutation,released,WXS,2,35.0 - 46.0,TCGA-LUAD,9b2791a4-71f5-4790-a0e2-dc61018e3487,released,ae8bbb73-9bc2-4347-a7f5-8e57de1668ef,https://github.com/NCI-GDC/aliquot-maf-cwl/blob/3dd621a8745ee2b91716911604bf3f096337a9b7/ensemble_aliquot_maf/ensemble_aliquot_maf_wf.cwl,Aliquot Ensemble Somatic Variant Merging and Masking,3dd621a8745ee2b91716911604bf3f096337a9b7,
345f1cca-aabd-493a-b873-e6c3c3e5910f,MAF,"TCGA-05-4405-01A-21D-1855-08,TCGA-05-4405-10A-01D-1855-08",open,e1579ac6-e964-463a-9121-36cf21144620.wxs.aliquot_ensemble_masked.maf.gz,3d09aff2-2c79-4031-b663-fe10ddf30e5a,Simple Nucleotide Variation,masked_somatic_mutation,Illumina,124012,2022-08-01T16:49:53.984185-05:00,00e1b9be50c2d271a59d727a19dac8bf,2024-07-31T06:31:25.999505-05:00,345f1cca-aabd-493a-b873-e6c3c3e5910f,Masked Somatic Mutation,released,WXS,2,35.0 - 46.0,TCGA-LUAD,893ff717-4979-4308-972b-cef7a062a9bd,released,e1579ac6-e964-463a-9121-36cf21144620,https://github.com/NCI-GDC/aliquot-maf-cwl/blob/3dd621a8745ee2b91716911604bf3f096337a9b7/ensemble_aliquot_maf/ensemble_aliquot_maf_wf.cwl,Aliquot Ensemble Somatic Variant Merging and Masking,3dd621a8745ee2b91716911604bf3f096337a9b7,
c2d5187b-f6a7-47c9-b9b8-fd99d5879d1a,MAF,"TCGA-67-3770-01A-01D-0969-08,TCGA-67-3770-10A-01D-0969-08",open,f6aba9b1-3310-4e09-b3c4-4b336740596b.wxs.aliquot_ensemble_masked.maf.gz,fec64a36-7ebe-43fb-8a1a-93e50cefa832,Simple Nucleotide Variation,masked_somatic_mutation,Illumina,75320,2022-08-01T16:49:40.519944-05:00,37b28b38a2bc294276b7e0a5ad71ad1b,2024-07-31T06:36:45.173241-05:00,c2d5187b-f6a7-47c9-b9b8-fd99d5879d1a,Masked Somatic Mutation,released,WXS,2,35.0 - 46.0,TCGA-LUAD,b3c9e6d7-01c6-45ca-ab63-142b0269d714,released,f6aba9b1-3310-4e09-b3c4-4b336740596b,https://github.com/NCI-GDC/aliquot-maf-cwl/blob/3dd621a8745ee2b91716911604bf3f096337a9b7/ensemble_aliquot_maf/ensemble_aliquot_maf_wf.cwl,Aliquot Ensemble Somatic Variant Merging and Masking,3dd621a8745ee2b91716911604bf3f096337a9b7,
879297cc-5afe-48aa-9a38-e8b1c6fe0a32,MAF,"TCGA-05-4382-01A-01D-1931-08,TCGA-05-4382-10A-01D-1265-08",open,d30c9651-0eee-4446-aa6f-5dbbb1c3cab4.wxs.aliquot_ensemble_masked.maf.gz,119f9cfb-a4b2-4c24-a34d-982b701b96e4,Simple Nucleotide Variation,masked_somatic_mutation,Illumina,522307,2022-08-01T16:58:35.025040-05:00,6cd127822bc49e71fbb633e1c9ab0526,2024-07-31T06:34:39.927071-05:00,879297cc-5afe-48aa-9a38-e8b1c6fe0a32,Masked Somatic Mutation,released,WXS,2,35.0 - 46.0,TCGA-LUAD,8debac0f-7f7e-442b-a99d-2e68a599179f,released,d30c9651-0eee-4446-aa6f-5dbbb1c3cab4,https://github.com/NCI-GDC/aliquot-maf-cwl/blob/3dd621a8745ee2b91716911604bf3f096337a9b7/ensemble_aliquot_maf/ensemble_aliquot_maf_wf.cwl,Aliquot Ensemble Somatic Variant Merging and Masking,3dd621a8745ee2b91716911604bf3f096337a9b7,
ca656ad9-cb41-490a-9f6e-3b308b640a94,MAF,"TCGA-55-8621-01A-11D-2393-08,TCGA-55-8621-10A-01D-2393-08",open,241a7084-76d4-4e1d-83cf-b119b2d12cf4.wxs.aliquot_ensemble_masked.maf.gz,ca7246b4-242e-47a2-b6d9-99407eeb9ede,Simple Nucleotide Variation,masked_somatic_mutation,Illumina,18666,2022-08-01T16:57:07.484119-05:00,6908e009d92993c98e9201152036f62e,2024-07-31T06:38:03.079886-05:00,ca656ad9-cb41-490a-9f6e-3b308b640a94,Masked Somatic Mutation,released,WXS,2,35.0 - 46.0,TCGA-LUAD,833ec4d6-9b05-4c4d-8c35-0bb87e160c62,released,241a7084-76d4-4e1d-83cf-b119b2d12cf4,https://github.com/NCI-GDC/aliquot-maf-cwl/blob/3dd621a8745ee2b91716911604bf3f096337a9b7/ensemble_aliquot_maf/ensemble_aliquot_maf_wf.cwl,Aliquot Ensemble Somatic Variant Merging and Masking,3dd621a8745ee2b91716911604bf3f096337a9b7,
800af215-08e1-4911-9976-5c50cadbffa5,MAF,"TCGA-50-5935-01A-11D-1753-08,TCGA-50-5935-11A-01D-1753-08",open,f43001d4-b3f7-4cc3-a6f3-ccc7684096d8.wxs.aliquot_ensemble_masked.maf.gz,9ef76214-c364-4387-9b26-8143db7f2dea,Simple Nucleotide Variation,masked_somatic_mutation,Illumina,33133,2022-08-01T16:49:01.192861-05:00,1de5e9c2a86852cfdf51e3514b656c96,2024-07-31T06:32:14.086428-05:00,800af215-08e1-4911-9976-5c50cadbffa5,Masked Somatic Mutation,released,WXS,2,35.0 - 46.0,TCGA-LUAD,705c74ba-8f94-47ec-95a4-e9027ed7718f,released,f43001d4-b3f7-4cc3-a6f3-ccc7684096d8,https://github.com/NCI-GDC/aliquot-maf-cwl/blob/3dd621a8745ee2b91716911604bf3f096337a9b7/ensemble_aliquot_maf/ensemble_aliquot_maf_wf.cwl,Aliquot Ensemble Somatic Variant Merging and Masking,3dd621a8745ee2b91716911604bf3f096337a9b7,
19524185-3ec6-4956-996a-c88422958a73,MAF,"TCGA-17-Z003-01A-01W-0746-08,TCGA-17-Z003-11A-01W-0746-08",open,6f3ed15f-ea3a-4f62-b5dd-4d9af15beec9.wxs.aliquot_ensemble_masked.maf.gz,a9fbb017-08b5-484f-a1d9-9c1526b3c4be,Simple Nucleotide Variation,masked_somatic_mutation,Illumina,80503,2022-08-01T17:00:28.319023-05:00,a9a0b1577b68d5aeb9b1bbdada3a0a01,2024-07-31T06:35:42.954592-05:00,19524185-3ec6-4956-996a-c88422958a73,Masked Somatic Mutation,released,WXS,2,35.0 - 46.0,TCGA-LUAD,80ec4d9d-64bf-4826-a294-7348876b133c,released,6f3ed15f-ea3a-4f62-b5dd-4d9af15beec9,https://github.com/NCI-GDC/aliquot-maf-cwl/blob/3dd621a8745ee2b91716911604bf3f096337a9b7/ensemble_aliquot_maf/ensemble_aliquot_maf_wf.cwl,Aliquot Ensemble Somatic Variant Merging and Masking,3dd621a8745ee2b91716911604bf3f096337a9b7,
e87a5ce4-3ac2-49db-80cd-1b0cec1a49bd,MAF,"TCGA-55-7576-01A-11D-2063-08,TCGA-55-7576-10A-01D-2063-08",open,23323f4e-584a-42dd-b9c6-2ad74f2c9006.wxs.aliquot_ensemble_masked.maf.gz,59b461bb-7927-4379-815f-64ee5862b32f,Simple Nucleotide Variation,masked_somatic_mutation,Illumina,126274,2022-08-01T16:41:49.543285-05:00,3889ce6e4c87da49821635f3b7853dff,2024-07-31T06:31:36.715916-05:00,e87a5ce4-3ac2-49db-80cd-1b0cec1a49bd,Masked Somatic Mutation,released,WXS,2,35.0 - 46.0,TCGA-LUAD,ee1b6222-36bc-4076-90af-901dcf12f2e1,released,23323f4e-584a-42dd-b9c6-2ad74f2c9006,https://github.com/NCI-GDC/aliquot-maf-cwl/blob/3dd621a8745ee2b91716911604bf3f096337a9b7/ensemble_aliquot_maf/ensemble_aliquot_maf_wf.cwl,Aliquot Ensemble Somatic Variant Merging and Masking,3dd621a8745ee2b91716911604bf3f096337a9b7,
99503d51-c6d3-4116-9952-485963a90730,MAF,"TCGA-NJ-A7XG-01A-12D-A397-08,TCGA-NJ-A7XG-10A-01D-A39A-08",open,df21a677-bf91-4f94-be05-7be5f87730fa.wxs.aliquot_ensemble_masked.maf.gz,2c24c878-6e13-4636-b961-e7fae407755e,Simple Nucleotide Variation,masked_somatic_mutation,Illumina,13972,2022-08-01T16:57:39.311000-05:00,35740bcd39aefc7d5904a8d31b9cec8b,2024-07-31T06:29:28.729823-05:00,99503d51-c6d3-4116-9952-485963a90730,Masked Somatic Mutation,released,WXS,2,35.0 - 46.0,TCGA-LUAD,9d0e13d1-26c9-4456-9a45-e050b71e8c2b,released,df21a677-bf91-4f94-be05-7be5f87730fa,https://github.com/NCI-GDC/aliquot-maf-cwl/blob/3dd621a8745ee2b91716911604bf3f096337a9b7/ensemble_aliquot_maf/ensemble_aliquot_maf_wf.cwl,Aliquot Ensemble Somatic Variant Merging and Masking,3dd621a8745ee2b91716911604bf3f096337a9b7,
cce0f20b-ae33-43f3-9b5c-583d02611eea,MAF,"TCGA-44-3917-01A-01D-A271-08,TCGA-44-3917-10A-01D-A271-08",open,70e49dda-c41a-492b-b841-ef3155c006a5.wxs.aliquot_ensemble_masked.maf.gz,15180d60-2576-4400-9b6e-70dfb1e3c397,Simple Nucleotide Variation,masked_somatic_mutation,Illumina,76845,2022-08-01T16:50:40.610673-05:00,deeee07c4952d4c60da9dd5270b7a91f,2024-07-31T06:30:59.938647-05:00,cce0f20b-ae33-43f3-9b5c-583d02611eea,Masked Somatic Mutation,released,WXS,2,35.0 - 46.0,TCGA-LUAD,98c001c2-ffe4-4a86-b59f-af84ec60e30f,released,70e49dda-c41a-492b-b841-ef3155c006a5,https://github.com/NCI-GDC/aliquot-maf-cwl/blob/3dd621a8745ee2b91716911604bf3f096337a9b7/ensemble_aliquot_maf/ensemble_aliquot_maf_wf.cwl,Aliquot Ensemble Somatic Variant Merging and Masking,3dd621a8745ee2b91716911604bf3f096337a9b7,
9e864a4d-37e6-437e-a7e2-4a46b13c4ac2,MAF,"TCGA-86-7955-01A-11D-2184-08,TCGA-86-7955-10A-01D-2184-08",open,7d6406ce-6b98-4890-85bc-5fdbb524ddfc.wxs.aliquot_ensemble_masked.maf.gz,ac02d284-dcee-4efc-bd14-fab1827b92f8,Simple Nucleotide Variation,masked_somatic_mutation,Illumina,110091,2022-08-01T16:45:26.636573-05:00,f5b314dce47d39df72dc1c33f95a6f53,2024-07-31T06:35:56.704172-05:00,9e864a4d-37e6-437e-a7e2-4a46b13c4ac2,Masked Somatic Mutation,released,WXS,2,35.0 - 46.0,TCGA-LUAD,3dc799d0-cfe0-4ad7-aff3-2d19ae75880e,released,7d6406ce-6b98-4890-85bc-5fdbb524ddfc,https://github.com/NCI-GDC/aliquot-maf-cwl/blob/3dd621a8745ee2b91716911604bf3f096337a9b7/ensemble_aliquot_maf/ensemble_aliquot_maf_wf.cwl,Aliquot Ensemble Somatic Variant Merging and Masking,3dd621a8745ee2b91716911604bf3f096337a9b7,
2ff606b8-6f4d-4b67-9cbb-f3c9ac6755bc,MAF,"TCGA-86-7954-01A-11D-2184-08,TCGA-86-7954-10A-01D-2184-08",open,782eaec0-34e1-4561-a190-2355811282e9.wxs.aliquot_ensemble_masked.maf.gz,2c151e00-ac38-4f17-9f92-5891c9a36108,Simple Nucleotide Variation,masked_somatic_mutation,Illumina,72915,2022-08-01T16:45:20.263941-05:00,0293313dfb65a675a7ac22e5ec04e271,2024-07-31T06:31:09.494033-05:00,2ff606b8-6f4d-4b67-9cbb-f3c9ac6755bc,Masked Somatic Mutation,released,WXS,2,35.0 - 46.0,TCGA-LUAD,5de940d9-5b9d-44f1-a8d9-443778108f57,released,782eaec0-34e1-4561-a190-2355811282e9,https://github.com/NCI-GDC/aliquot-maf-cwl/blob/3dd621a8745ee2b91716911604bf3f096337a9b7/ensemble_aliquot_maf/ensemble_aliquot_maf_wf.cwl,Aliquot Ensemble Somatic Variant Merging and Masking,3dd621a8745ee2b91716911604bf3f096337a9b7,
fc5acadd-ea8f-4e82-ab61-fb990945d07b,MAF,"TCGA-69-7763-01A-11D-2167-08,TCGA-69-7763-10A-01D-2167-08",open,dfec7687-58d5-4ed0-951e-d75ac11b52fe.wxs.aliquot_ensemble_masked.maf.gz,b98109ab-1f04-4429-afb9-cfaea1638078,Simple Nucleotide Variation,masked_somatic_mutation,Illumina,27230,2022-08-01T16:48:26.826037-05:00,5b195042a6063d50657f1e8efbd8a15e,2024-07-31T06:37:31.767295-05:00,fc5acadd-ea8f-4e82-ab61-fb990945d07b,Masked Somatic Mutation,released,WXS,2,35.0 - 46.0,TCGA-LUAD,90ee0446-4cb3-4c8b-a316-9c5b48af6bce,released,dfec7687-58d5-4ed0-951e-d75ac11b52fe,https://github.com/NCI-GDC/aliquot-maf-cwl/blob/3dd621a8745ee2b91716911604bf3f096337a9b7/ensemble_aliquot_maf/ensemble_aliquot_maf_wf.cwl,Aliquot Ensemble Somatic Variant Merging and Masking,3dd621a8745ee2b91716911604bf3f096337a9b7,
f4105ab4-e70d-4c92-98a7-6106a3893516,MAF,"TCGA-50-5944-01A-11D-1753-08,TCGA-50-5944-10A-01D-1753-08",open,f6ac0d17-0d1c-4997-8f84-3be523f10618.wxs.aliquot_ensemble_masked.maf.gz,43ce9e5f-2a42-40f3-954c-6372fed6469d,Simple Nucleotide Variation,masked_somatic_mutation,Illumina,26242,2022-08-01T16:59:29.030114-05:00,394c477faeaf0ac226a89589c5a7f50b,2024-07-31T06:28:38.385231-05:00,f4105ab4-e70d-4c92-98a7-6106a3893516,Masked Somatic Mutation,released,WXS,2,35.0 - 46.0,TCGA-LUAD,983cf80a-a39e-4d65-bb5d-7794130d3484,released,f6ac0d17-0d1c-4997-8f84-3be523f10618,https://github.com/NCI-GDC/aliquot-maf-cwl/blob/3dd621a8745ee2b91716911604bf3f096337a9b7/ensemble_aliquot_maf/ensemble_aliquot_maf_wf.cwl,Aliquot Ensemble Somatic Variant Merging and Masking,3dd621a8745ee2b91716911604bf3f096337a9b7,
e89e47e9-d2f5-4bb9-b067-e68476b3bd28,MAF,"TCGA-97-7552-01A-11D-2036-08,TCGA-97-7552-10A-01D-2036-08",open,0bd40519-bbf9-4820-8629-b7d5b0a2eb8f.wxs.aliquot_ensemble_masked.maf.gz,604541e6-59cf-4e5c-8212-6926e5b0b48c,Simple Nucleotide Variation,masked_somatic_mutation,Illumina,13750,2022-08-01T16:55:03.326858-05:00,e63bc03d9af552ba6e0d3ac48939c71c,2024-07-31T06:32:44.685510-05:00,e89e47e9-d2f5-4bb9-b067-e68476b3bd28,Masked Somatic Mutation,released,WXS,2,35.0 - 46.0,TCGA-LUAD,6039bc72-f7c2-4e27-92ac-4bb7addce9ba,released,0bd40519-bbf9-4820-8629-b7d5b0a2eb8f,https://github.com/NCI-GDC/aliquot-maf-cwl/blob/3dd621a8745ee2b91716911604bf3f096337a9b7/ensemble_aliquot_maf/ensemble_aliquot_maf_wf.cwl,Aliquot Ensemble Somatic Variant Merging and Masking,3dd621a8745ee2b91716911604bf3f096337a9b7,
725a21a4-0067-45fc-b8f2-d9f22049f574,MAF,"TCGA-69-7764-01A-11D-2167-08,TCGA-69-7764-10A-01D-2167-08",open,90eeec39-6c71-46dd-82d8-6c727f9b6485.wxs.aliquot_ensemble_masked.maf.gz,ba08b3b8-51fc-455f-930a-7c64fb5ebee9,Simple Nucleotide Variation,masked_somatic_mutation,Illumina,32515,2022-08-01T16:55:27.230640-05:00,9aef1f128afd32f5dda11a0cd4ddc6b0,2024-07-31T06:29:12.676899-05:00,725a21a4-0067-45fc-b8f2-d9f22049f574,Masked Somatic Mutation,released,WXS,2,35.0 - 46.0,TCGA-LUAD,2157b4ac-bb18-405c-8140-a7b2d201eeef,released,90eeec39-6c71-46dd-82d8-6c727f9b6485,https://github.com/NCI-GDC/aliquot-maf-cwl/blob/3dd621a8745ee2b91716911604bf3f096337a9b7/ensemble_aliquot_maf/ensemble_aliquot_maf_wf.cwl,Aliquot Ensemble Somatic Variant Merging and Masking,3dd621a8745ee2b91716911604bf3f096337a9b7,
0aa4fbc1-ec6c-4376-b2c7-5e796584d234,MAF,"TCGA-73-A9RS-01A-11D-A410-08,TCGA-73-A9RS-10A-01D-A413-08",open,df6491d4-98ff-4a0b-b88d-780b7ca73d11.wxs.aliquot_ensemble_masked.maf.gz,e4ef579b-5f5c-4bb8-a406-f1df28bfa172,Simple Nucleotide Variation,masked_somatic_mutation,Illumina,315931,2022-08-01T16:48:58.542668-05:00,3a89a33e7d6de325a81e9840836e4e9a,2024-07-31T06:36:16.689542-05:00,0aa4fbc1-ec6c-4376-b2c7-5e796584d234,Masked Somatic Mutation,released,WXS,2,35.0 - 46.0,TCGA-LUAD,689d5591-6ede-4973-bae8-9613c4ec2fa0,released,df6491d4-98ff-4a0b-b88d-780b7ca73d11,https://github.com/NCI-GDC/aliquot-maf-cwl/blob/3dd621a8745ee2b91716911604bf3f096337a9b7/ensemble_aliquot_maf/ensemble_aliquot_maf_wf.cwl,Aliquot Ensemble Somatic Variant Merging and Masking,3dd621a8745ee2b91716911604bf3f096337a9b7,
cebdaf8a-6798-4827-8b07-07c74cf7d4e1,MAF,"TCGA-17-Z007-01A-01W-0746-08,TCGA-17-Z007-11A-01W-0746-08",open,1cc37bd7-7f9c-4cb9-8e9f-90f0a7f8de08.wxs.aliquot_ensemble_masked.maf.gz,29b30bae-1e50-4e43-9185-8911e3b851db,Simple Nucleotide Variation,masked_somatic_mutation,Illumina,24003,2022-08-01T16:51:37.404819-05:00,202a62331ce9ddda383be87a48afd2af,2024-07-31T06:27:35.678120-05:00,cebdaf8a-6798-4827-8b07-07c74cf7d4e1,Masked Somatic Mutation,released,WXS,2,35.0 - 46.0,TCGA-LUAD,901bb774-e758-47a8-8c99-5db8b205c6bc,released,1cc37bd7-7f9c-4cb9-8e9f-90f0a7f8de08,https://github.com/NCI-GDC/aliquot-maf-cwl/blob/3dd621a8745ee2b91716911604bf3f096337a9b7/ensemble_aliquot_maf/ensemble_aliquot_maf_wf.cwl,Aliquot Ensemble Somatic Variant Merging and Masking,3dd621a8745ee2b91716911604bf3f096337a9b7,
89b69526-12a8-48f2-a23c-7af1523b1124,MAF,"TCGA-38-A44F-01A-11D-A24D-08,TCGA-38-A44F-10A-01D-A24F-08",open,24b01859-8a9e-4986-92fb-9956ea88fd18.wxs.aliquot_ensemble_masked.maf.gz,c456ea82-dc08-4450-978c-c2d0f2b1e989,Simple Nucleotide Variation,masked_somatic_mutation,Illumina,6470,2022-08-01T16:42:18.789056-05:00,4e90f6d7048eadb9ed73417a6925043b,2024-07-31T06:25:55.260742-05:00,89b69526-12a8-48f2-a23c-7af1523b1124,Masked Somatic Mutation,released,WXS,2,35.0 - 46.0,TCGA-LUAD,336d7330-3f57-4adf-a418-892048ee20bc,released,24b01859-8a9e-4986-92fb-9956ea88fd18,https://github.com/NCI-GDC/aliquot-maf-cwl/blob/3dd621a8745ee2b91716911604bf3f096337a9b7/ensemble_aliquot_maf/ensemble_aliquot_maf_wf.cwl,Aliquot Ensemble Somatic Variant Merging and Masking,3dd621a8745ee2b91716911604bf3f096337a9b7,
29447f6e-930e-4538-a469-b20dd40ef845,MAF,"TCGA-93-A4JP-01A-11D-A24P-08,TCGA-93-A4JP-10A-01D-A24P-08",open,8d486da5-c534-46de-894e-d96980f71dee.wxs.aliquot_ensemble_masked.maf.gz,e18de547-a62d-48a0-8021-b89b3a5d86b4,Simple Nucleotide Variation,masked_somatic_mutation,Illumina,23006,2022-08-01T16:42:25.500120-05:00,3d96d95f09004b9530d51a9dfa2875e7,2024-07-31T06:26:22.579007-05:00,29447f6e-930e-4538-a469-b20dd40ef845,Masked Somatic Mutation,released,WXS,2,35.0 - 46.0,TCGA-LUAD,22e87c9c-d61c-494e-a0c1-5f3d673e7e1f,released,8d486da5-c534-46de-894e-d96980f71dee,https://github.com/NCI-GDC/aliquot-maf-cwl/blob/3dd621a8745ee2b91716911604bf3f096337a9b7/ensemble_aliquot_maf/ensemble_aliquot_maf_wf.cwl,Aliquot Ensemble Somatic Variant Merging and Masking,3dd621a8745ee2b91716911604bf3f096337a9b7,
1f1e44a3-bf1f-4017-a82f-b27a7d434b33,MAF,"TCGA-91-6835-01A-11D-1855-08,TCGA-91-6835-11A-01D-1855-08",open,f8168075-6514-433c-ad01-7feb66970972.wxs.aliquot_ensemble_masked.maf.gz,c71fd5ac-6837-4dbd-87c9-b650ac5d5523,Simple Nucleotide Variation,masked_somatic_mutation,Illumina,28813,2022-08-01T16:56:54.381598-05:00,eacd44fc6a6a392d4ab46b6da3293049,2024-07-31T02:30:00.960018-05:00,1f1e44a3-bf1f-4017-a82f-b27a7d434b33,Masked Somatic Mutation,released,WXS,2,35.0 - 46.0,TCGA-LUAD,b59d7058-2273-49d8-bc03-cff4150719e8,released,f8168075-6514-433c-ad01-7feb66970972,https://github.com/NCI-GDC/aliquot-maf-cwl/blob/3dd621a8745ee2b91716911604bf3f096337a9b7/ensemble_aliquot_maf/ensemble_aliquot_maf_wf.cwl,Aliquot Ensemble Somatic Variant Merging and Masking,3dd621a8745ee2b91716911604bf3f096337a9b7,
debfd306-2fa3-4675-a9a0-dd4db98010a9,MAF,"TCGA-55-A48X-01A-11D-A24D-08,TCGA-55-A48X-10A-01D-A24F-08",open,4aee0fff-4d4b-4074-96ce-0f78c3a8810a.wxs.aliquot_ensemble_masked.maf.gz,2b927eaf-9196-430b-beef-1d346137c584,Simple Nucleotide Variation,masked_somatic_mutation,Illumina,123248,2022-08-01T16:49:08.500925-05:00,07911e80415aed41e67057505e612a73,2024-07-31T06:27:47.010083-05:00,debfd306-2fa3-4675-a9a0-dd4db98010a9,Masked Somatic Mutation,released,WXS,2,35.0 - 46.0,TCGA-LUAD,306afc47-2502-41ad-b12d-f87260a9486b,released,4aee0fff-4d4b-4074-96ce-0f78c3a8810a,https://github.com/NCI-GDC/aliquot-maf-cwl/blob/3dd621a8745ee2b91716911604bf3f096337a9b7/ensemble_aliquot_maf/ensemble_aliquot_maf_wf.cwl,Aliquot Ensemble Somatic Variant Merging and Masking,3dd621a8745ee2b91716911604bf3f096337a9b7,
4d2b3e1f-f8d0-4188-b3bf-7f2ea01620e3,MAF,"TCGA-71-8520-01A-11D-2393-08,TCGA-71-8520-10A-01D-2393-08",open,7a9a3cf4-4c75-4c90-beac-eccefc9690da.wxs.aliquot_ensemble_masked.maf.gz,888a5ba6-5f75-478e-ab2c-7f2733b71c3f,Simple Nucleotide Variation,masked_somatic_mutation,Illumina,35666,2022-08-01T16:48:06.193431-05:00,108820a25c6debcffcf0844a70d4200a,2024-07-31T06:25:25.243150-05:00,4d2b3e1f-f8d0-4188-b3bf-7f2ea01620e3,Masked Somatic Mutation,released,WXS,2,35.0 - 46.0,TCGA-LUAD,15d1cbf7-a6c2-4b3e-a4f3-71fa8949e5ac,released,7a9a3cf4-4c75-4c90-beac-eccefc9690da,https://github.com/NCI-GDC/aliquot-maf-cwl/blob/3dd621a8745ee2b91716911604bf3f096337a9b7/ensemble_aliquot_maf/ensemble_aliquot_maf_wf.cwl,Aliquot Ensemble Somatic Variant Merging and Masking,3dd621a8745ee2b91716911604bf3f096337a9b7,
fd852a09-d4fc-48a7-a58f-5b515420af36,MAF,"TCGA-97-7553-01A-21D-2036-08,TCGA-97-7553-10A-01D-2036-08",open,b25916cd-80ce-49fc-874c-2d26e5db6d0d.wxs.aliquot_ensemble_masked.maf.gz,0059f07d-e700-4d1b-ba63-4e1cff1666e3,Simple Nucleotide Variation,masked_somatic_mutation,Illumina,21582,2022-08-01T16:38:46.164626-05:00,f82bc35162a5a571275fdd2bec015985,2024-07-31T06:29:10.047531-05:00,fd852a09-d4fc-48a7-a58f-5b515420af36,Masked Somatic Mutation,released,WXS,2,35.0 - 46.0,TCGA-LUAD,b730df07-b9d4-4ea9-b59a-b2f836ad2e4c,released,b25916cd-80ce-49fc-874c-2d26e5db6d0d,https://github.com/NCI-GDC/aliquot-maf-cwl/blob/3dd621a8745ee2b91716911604bf3f096337a9b7/ensemble_aliquot_maf/ensemble_aliquot_maf_wf.cwl,Aliquot Ensemble Somatic Variant Merging and Masking,3dd621a8745ee2b91716911604bf3f096337a9b7,
06dbacda-e119-4e05-b65a-799d89dd1758,MAF,"TCGA-17-Z058-01A-01W-0747-08,TCGA-17-Z058-11A-01W-0747-08",open,c7aaf657-5f86-4959-9c6e-8d588646f532.wxs.aliquot_ensemble_masked.maf.gz,8e8f51dc-8603-4798-977d-b10f0f07fb29,Simple Nucleotide Variation,masked_somatic_mutation,Illumina,26734,2022-08-01T16:48:56.944226-05:00,5b6f0440b84763680ce1b6cc40929d14,2024-07-31T06:33:09.608222-05:00,06dbacda-e119-4e05-b65a-799d89dd1758,Masked Somatic Mutation,released,WXS,2,35.0 - 46.0,TCGA-LUAD,8d971b66-c46d-489e-af87-d6fef0fc343e,released,c7aaf657-5f86-4959-9c6e-8d588646f532,https://github.com/NCI-GDC/aliquot-maf-cwl/blob/3dd621a8745ee2b91716911604bf3f096337a9b7/ensemble_aliquot_maf/ensemble_aliquot_maf_wf.cwl,Aliquot Ensemble Somatic Variant Merging and Masking,3dd621a8745ee2b91716911604bf3f096337a9b7,
c551e781-f69d-4cd8-b85f-41e6f50e7ebe,MAF,"TCGA-55-A4DG-01A-11D-A24D-08,TCGA-55-A4DG-10A-01D-A24F-08",open,64749795-d448-4308-b810-0db71295f28c.wxs.aliquot_ensemble_masked.maf.gz,ec36e527-7b3e-40fb-aac9-26a052223cd9,Simple Nucleotide Variation,masked_somatic_mutation,Illumina,228549,2022-08-01T16:50:02.615123-05:00,be594de2896fbd5f798f5157a343b164,2024-07-31T06:27:32.955941-05:00,c551e781-f69d-4cd8-b85f-41e6f50e7ebe,Masked Somatic Mutation,released,WXS,2,35.0 - 46.0,TCGA-LUAD,1fa0ffd4-2f12-4288-b2f8-9d8787819f2a,released,64749795-d448-4308-b810-0db71295f28c,https://github.com/NCI-GDC/aliquot-maf-cwl/blob/3dd621a8745ee2b91716911604bf3f096337a9b7/ensemble_aliquot_maf/ensemble_aliquot_maf_wf.cwl,Aliquot Ensemble Somatic Variant Merging and Masking,3dd621a8745ee2b91716911604bf3f096337a9b7,
a7e41e8a-57ac-4206-a300-ce3377059e5a,MAF,"TCGA-73-4662-01A-01D-1265-08,TCGA-73-4662-11A-01D-1265-08",open,ede6b4a7-aa1d-4324-b91e-d842f7f7cdc6.wxs.aliquot_ensemble_masked.maf.gz,2271ce6f-a4bd-4b8a-b3f7-1d2d81ce53bd,Simple Nucleotide Variation,masked_somatic_mutation,Illumina,73864,2022-08-01T16:45:02.803977-05:00,a9c9f719f6981dbd55ea0433bde54c14,2024-07-31T06:26:53.366640-05:00,a7e41e8a-57ac-4206-a300-ce3377059e5a,Masked Somatic Mutation,released,WXS,2,35.0 - 46.0,TCGA-LUAD,f3308d53-176c-4b6d-99ce-333bd93f823c,released,ede6b4a7-aa1d-4324-b91e-d842f7f7cdc6,https://github.com/NCI-GDC/aliquot-maf-cwl/blob/3dd621a8745ee2b91716911604bf3f096337a9b7/ensemble_aliquot_maf/ensemble_aliquot_maf_wf.cwl,Aliquot Ensemble Somatic Variant Merging and Masking,3dd621a8745ee2b91716911604bf3f096337a9b7,
de00c77e-335d-443d-877e-7e39f17b55ee,MAF,"TCGA-67-4679-01B-01D-1753-08,TCGA-67-4679-10A-01D-1753-08",open,a88e0400-57c1-4a4b-a2bd-8aab4c106ccc.wxs.aliquot_ensemble_masked.maf.gz,200ba624-e146-4e33-91dc-78dfc4e6a5c6,Simple Nucleotide Variation,masked_somatic_mutation,Illumina,98687,2022-08-01T16:43:06.006950-05:00,ce0d03b2070e11733f042ed37e4e61af,2024-07-31T06:32:15.483451-05:00,de00c77e-335d-443d-877e-7e39f17b55ee,Masked Somatic Mutation,released,WXS,2,35.0 - 46.0,TCGA-LUAD,9adfa483-0874-4ffa-b80b-5769fe33751c,released,a88e0400-57c1-4a4b-a2bd-8aab4c106ccc,https://github.com/NCI-GDC/aliquot-maf-cwl/blob/3dd621a8745ee2b91716911604bf3f096337a9b7/ensemble_aliquot_maf/ensemble_aliquot_maf_wf.cwl,Aliquot Ensemble Somatic Variant Merging and Masking,3dd621a8745ee2b91716911604bf3f096337a9b7,
9b3d7404-46e3-4966-a5ce-7578ffbd6e22,MAF,"TCGA-44-2656-01B-06D-A271-08,TCGA-44-2656-10A-01D-0969-08",open,1f57797f-0688-4767-8e44-3195c340f48c.wxs.aliquot_ensemble_masked.maf.gz,63b59116-c885-4063-beb0-40dc718d2b74,Simple Nucleotide Variation,masked_somatic_mutation,Illumina,230429,2022-08-01T16:47:44.477078-05:00,5d6766ed17848dd98f6887242cce71ee,2024-07-31T06:32:16.655783-05:00,9b3d7404-46e3-4966-a5ce-7578ffbd6e22,Masked Somatic Mutation,released,WXS,2,35.0 - 46.0,TCGA-LUAD,df48f3d5-a6c9-4633-86c6-a423f55944a8,released,1f57797f-0688-4767-8e44-3195c340f48c,https://github.com/NCI-GDC/aliquot-maf-cwl/blob/3dd621a8745ee2b91716911604bf3f096337a9b7/ensemble_aliquot_maf/ensemble_aliquot_maf_wf.cwl,Aliquot Ensemble Somatic Variant Merging and Masking,3dd621a8745ee2b91716911604bf3f096337a9b7,
d472f29e-ce7e-4ad4-a309-25f9a03d9199,MAF,"TCGA-17-Z048-01A-01W-0746-08,TCGA-17-Z048-11A-01W-0746-08",open,c110f524-8d21-42ae-b391-78fd09e47a02.wxs.aliquot_ensemble_masked.maf.gz,fbbd3700-d609-4300-ba19-c0c88777755e,Simple Nucleotide Variation,masked_somatic_mutation,Illumina,14599,2022-08-01T16:43:02.630972-05:00,3d7385ace0aed84a4c31ad13ede4774a,2024-07-31T06:27:57.400571-05:00,d472f29e-ce7e-4ad4-a309-25f9a03d9199,Masked Somatic Mutation,released,WXS,2,35.0 - 46.0,TCGA-LUAD,0e8266be-28a7-462f-99be-7b77614fd7d5,released,c110f524-8d21-42ae-b391-78fd09e47a02,https://github.com/NCI-GDC/aliquot-maf-cwl/blob/3dd621a8745ee2b91716911604bf3f096337a9b7/ensemble_aliquot_maf/ensemble_aliquot_maf_wf.cwl,Aliquot Ensemble Somatic Variant Merging and Masking,3dd621a8745ee2b91716911604bf3f096337a9b7,
03add666-b87c-414c-8695-5667f3b599c1,MAF,"TCGA-55-7994-01A-11D-2184-08,TCGA-55-7994-10A-01D-2184-08",open,778cde8c-6445-4b59-9185-3cc50f51836d.wxs.aliquot_ensemble_masked.maf.gz,150ebddf-3452-491b-9a5f-f60b8df9af54,Simple Nucleotide Variation,masked_somatic_mutation,Illumina,489346,2022-08-01T16:46:47.904594-05:00,adbf1f026cad82a0173b6bc84ae7a267,2024-07-31T06:35:40.319351-05:00,03add666-b87c-414c-8695-5667f3b599c1,Masked Somatic Mutation,released,WXS,2,35.0 - 46.0,TCGA-LUAD,d8a496cd-4104-4f39-8510-97a29025d9b4,released,778cde8c-6445-4b59-9185-3cc50f51836d,https://github.com/NCI-GDC/aliquot-maf-cwl/blob/3dd621a8745ee2b91716911604bf3f096337a9b7/ensemble_aliquot_maf/ensemble_aliquot_maf_wf.cwl,Aliquot Ensemble Somatic Variant Merging and Masking,3dd621a8745ee2b91716911604bf3f096337a9b7,
c6704b0e-e31e-4511-9d47-ce8b38ceaf65,MAF,"TCGA-44-6145-01A-11D-1753-08,TCGA-44-6145-10A-01D-1753-08",open,b290139c-d657-4e25-a406-6214f6ec704c.wxs.aliquot_ensemble_masked.maf.gz,cbcd5093-b5df-45bc-8c36-61bc6a111e1d,Simple Nucleotide Variation,masked_somatic_mutation,Illumina,103300,2022-08-01T16:45:13.073858-05:00,9744a4ef05910062e8276692be540279,2024-07-31T06:27:16.900330-05:00,c6704b0e-e31e-4511-9d47-ce8b38ceaf65,Masked Somatic Mutation,released,WXS,2,35.0 - 46.0,TCGA-LUAD,42445220-9815-43d3-abe0-cbf9b2b704b3,released,b290139c-d657-4e25-a406-6214f6ec704c,https://github.com/NCI-GDC/aliquot-maf-cwl/blob/3dd621a8745ee2b91716911604bf3f096337a9b7/ensemble_aliquot_maf/ensemble_aliquot_maf_wf.cwl,Aliquot Ensemble Somatic Variant Merging and Masking,3dd621a8745ee2b91716911604bf3f096337a9b7,
194031cc-b208-4b76-8185-9ac777cb242c,MAF,"TCGA-93-A4JQ-01A-11D-A24P-08,TCGA-93-A4JQ-10A-01D-A24P-08",open,9b04524a-cf78-42a9-90d4-fea652fa85b2.wxs.aliquot_ensemble_masked.maf.gz,bc7802b3-3d50-40b1-8ac8-602d602709e6,Simple Nucleotide Variation,masked_somatic_mutation,Illumina,43756,2022-08-01T16:51:14.765030-05:00,32b25ad70e8f176118a6daf2fbb5acd0,2024-07-31T06:34:53.234796-05:00,194031cc-b208-4b76-8185-9ac777cb242c,Masked Somatic Mutation,released,WXS,2,35.0 - 46.0,TCGA-LUAD,d8c2d939-2249-4f19-888c-f886c4aaf8df,released,9b04524a-cf78-42a9-90d4-fea652fa85b2,https://github.com/NCI-GDC/aliquot-maf-cwl/blob/3dd621a8745ee2b91716911604bf3f096337a9b7/ensemble_aliquot_maf/ensemble_aliquot_maf_wf.cwl,Aliquot Ensemble Somatic Variant Merging and Masking,3dd621a8745ee2b91716911604bf3f096337a9b7,
969aad40-d48a-4ab9-979b-3e6ca0127d12,MAF,"TCGA-44-4112-01B-06D-A271-08,TCGA-44-4112-10A-01D-1458-08",open,c33aa13a-61cc-432d-9881-b43e150ee9dc.wxs.aliquot_ensemble_masked.maf.gz,80d7c5d2-de64-4ebc-ba00-3c5e705b1b1c,Simple Nucleotide Variation,masked_somatic_mutation,Illumina,113419,2022-08-01T16:50:26.367055-05:00,5cf4a80acbae20d785a3429d9656acc4,2024-07-31T06:35:32.454394-05:00,969aad40-d48a-4ab9-979b-3e6ca0127d12,Masked Somatic Mutation,released,WXS,2,35.0 - 46.0,TCGA-LUAD,65d404b9-87fd-4e1b-874f-ae51e286dfa8,released,c33aa13a-61cc-432d-9881-b43e150ee9dc,https://github.com/NCI-GDC/aliquot-maf-cwl/blob/3dd621a8745ee2b91716911604bf3f096337a9b7/ensemble_aliquot_maf/ensemble_aliquot_maf_wf.cwl,Aliquot Ensemble Somatic Variant Merging and Masking,3dd621a8745ee2b91716911604bf3f096337a9b7,
ed127c0c-4eea-4685-8ccf-b4706cab0dfa,MAF,"TCGA-55-8094-01A-11D-2238-08,TCGA-55-8094-10A-01D-2238-08",open,0ca72b82-9c92-4c43-ad66-a0d2a6756cc6.wxs.aliquot_ensemble_masked.maf.gz,d5905654-a974-4a11-b13f-8de3699963d3,Simple Nucleotide Variation,masked_somatic_mutation,Illumina,152779,2022-08-01T16:41:26.268962-05:00,c7d2b053a897456e6c6b5316eb98faea,2024-07-31T06:28:04.193490-05:00,ed127c0c-4eea-4685-8ccf-b4706cab0dfa,Masked Somatic Mutation,released,WXS,2,35.0 - 46.0,TCGA-LUAD,f2da52d1-e85b-45c7-a487-5109f2a34b66,released,0ca72b82-9c92-4c43-ad66-a0d2a6756cc6,https://github.com/NCI-GDC/aliquot-maf-cwl/blob/3dd621a8745ee2b91716911604bf3f096337a9b7/ensemble_aliquot_maf/ensemble_aliquot_maf_wf.cwl,Aliquot Ensemble Somatic Variant Merging and Masking,3dd621a8745ee2b91716911604bf3f096337a9b7,
fc12fe01-bdd0-48c2-865e-35717f1c4c79,MAF,"TCGA-55-8204-01A-11D-2238-08,TCGA-55-8204-10A-01D-2238-08",open,da73d463-b49a-48ec-85cd-20583a3c14ba.wxs.aliquot_ensemble_masked.maf.gz,fcf2d5dc-4225-4216-98d6-8bb93a65e9d9,Simple Nucleotide Variation,masked_somatic_mutation,Illumina,73221,2022-08-01T17:03:40.713503-05:00,7296850841ff585a80ee69239f7582e9,2024-07-31T06:28:24.759257-05:00,fc12fe01-bdd0-48c2-865e-35717f1c4c79,Masked Somatic Mutation,released,WXS,2,35.0 - 46.0,TCGA-LUAD,0207644d-6f2f-437d-b549-134b03b75792,released,da73d463-b49a-48ec-85cd-20583a3c14ba,https://github.com/NCI-GDC/aliquot-maf-cwl/blob/3dd621a8745ee2b91716911604bf3f096337a9b7/ensemble_aliquot_maf/ensemble_aliquot_maf_wf.cwl,Aliquot Ensemble Somatic Variant Merging and Masking,3dd621a8745ee2b91716911604bf3f096337a9b7,
0b893e93-dd75-4593-b1b3-336bcebb5bfd,MAF,"TCGA-05-4425-01A-01D-1753-08,TCGA-05-4425-10A-01D-1753-08",open,a5befb51-702c-4e71-ba8b-9f9cb04ae9c1.wxs.aliquot_ensemble_masked.maf.gz,76872d3c-9707-4782-9c09-2b20916ab91d,Simple Nucleotide Variation,masked_somatic_mutation,Illumina,18135,2022-08-01T16:51:51.766218-05:00,2e06181df5412dc8cdeb5a19eeac1cdb,2024-07-31T06:34:14.836915-05:00,0b893e93-dd75-4593-b1b3-336bcebb5bfd,Masked Somatic Mutation,released,WXS,2,35.0 - 46.0,TCGA-LUAD,7839ebe4-c688-47a8-9253-3a6eb9e1d10e,released,a5befb51-702c-4e71-ba8b-9f9cb04ae9c1,https://github.com/NCI-GDC/aliquot-maf-cwl/blob/3dd621a8745ee2b91716911604bf3f096337a9b7/ensemble_aliquot_maf/ensemble_aliquot_maf_wf.cwl,Aliquot Ensemble Somatic Variant Merging and Masking,3dd621a8745ee2b91716911604bf3f096337a9b7,
62dc818d-45a5-43c4-a29b-311fc55d6cf9,MAF,"TCGA-44-3918-01B-02D-A271-08,TCGA-44-3918-10A-01D-A271-08",open,a7e655af-867c-4350-946c-9856fd1b4b22.wxs.aliquot_ensemble_masked.maf.gz,4218a1a0-0598-4642-be58-2d70b2eb60c7,Simple Nucleotide Variation,masked_somatic_mutation,Illumina,290485,2022-08-01T16:43:53.168511-05:00,c619b725305968bc266c8d69da2ce2d4,2024-07-31T06:35:33.742578-05:00,62dc818d-45a5-43c4-a29b-311fc55d6cf9,Masked Somatic Mutation,released,WXS,2,35.0 - 46.0,TCGA-LUAD,fcf5d07d-1f97-4cfd-8e34-098fae0b8736,released,a7e655af-867c-4350-946c-9856fd1b4b22,https://github.com/NCI-GDC/aliquot-maf-cwl/blob/3dd621a8745ee2b91716911604bf3f096337a9b7/ensemble_aliquot_maf/ensemble_aliquot_maf_wf.cwl,Aliquot Ensemble Somatic Variant Merging and Masking,3dd621a8745ee2b91716911604bf3f096337a9b7,
c5238aa5-5e5b-4437-afe4-d1c76b47bae7,MAF,"TCGA-95-8494-01A-11D-2323-08,TCGA-95-8494-10A-01D-2323-08",open,e9b92c52-a0ac-4297-956c-6af61c63d87a.wxs.aliquot_ensemble_masked.maf.gz,6205178a-02a7-46e1-8309-8ce25474427f,Simple Nucleotide Variation,masked_somatic_mutation,Illumina,41455,2022-08-01T16:44:25.053946-05:00,20a028b8e95e08ed36b7b996109483db,2024-07-31T06:27:03.282765-05:00,c5238aa5-5e5b-4437-afe4-d1c76b47bae7,Masked Somatic Mutation,released,WXS,2,35.0 - 46.0,TCGA-LUAD,5cc00bc5-19d8-464f-83c2-2f44157caf68,released,e9b92c52-a0ac-4297-956c-6af61c63d87a,https://github.com/NCI-GDC/aliquot-maf-cwl/blob/3dd621a8745ee2b91716911604bf3f096337a9b7/ensemble_aliquot_maf/ensemble_aliquot_maf_wf.cwl,Aliquot Ensemble Somatic Variant Merging and Masking,3dd621a8745ee2b91716911604bf3f096337a9b7,
9dfce856-565c-41d9-a89f-0a6654675fba,MAF,"TCGA-55-8208-01A-11D-2238-08,TCGA-55-8208-10A-01D-2238-08",open,6b8c4f63-879e-4a88-af27-65a0685af755.wxs.aliquot_ensemble_masked.maf.gz,fe3fd2ec-f351-4acb-84fd-5f7521d1eb52,Simple Nucleotide Variation,masked_somatic_mutation,Illumina,109465,2022-08-01T17:01:51.123263-05:00,bef207ff73f50ba7a65911d63554b0a5,2024-07-31T06:28:45.557515-05:00,9dfce856-565c-41d9-a89f-0a6654675fba,Masked Somatic Mutation,released,WXS,2,35.0 - 46.0,TCGA-LUAD,ced44399-d874-48be-8d40-0bfc29e0e39a,released,6b8c4f63-879e-4a88-af27-65a0685af755,https://github.com/NCI-GDC/aliquot-maf-cwl/blob/3dd621a8745ee2b91716911604bf3f096337a9b7/ensemble_aliquot_maf/ensemble_aliquot_maf_wf.cwl,Aliquot Ensemble Somatic Variant Merging and Masking,3dd621a8745ee2b91716911604bf3f096337a9b7,
93cd07f3-bf6b-4d35-8c5a-483bd2ce7221,MAF,"TCGA-78-7156-01A-11D-2036-08,TCGA-78-7156-10A-01D-2036-08",open,d4769f0f-f678-4a7b-9941-f08c4725ea61.wxs.aliquot_ensemble_masked.maf.gz,23998333-d7c4-441b-92c9-fb25bdcbf6d8,Simple Nucleotide Variation,masked_somatic_mutation,Illumina,102924,2022-08-01T17:03:37.144340-05:00,ae6363a65654ae3e9bacaeae4369fb0f,2024-07-31T06:38:47.342270-05:00,93cd07f3-bf6b-4d35-8c5a-483bd2ce7221,Masked Somatic Mutation,released,WXS,2,35.0 - 46.0,TCGA-LUAD,f4369dd9-8b00-4729-98c6-ee48f51af022,released,d4769f0f-f678-4a7b-9941-f08c4725ea61,https://github.com/NCI-GDC/aliquot-maf-cwl/blob/3dd621a8745ee2b91716911604bf3f096337a9b7/ensemble_aliquot_maf/ensemble_aliquot_maf_wf.cwl,Aliquot Ensemble Somatic Variant Merging and Masking,3dd621a8745ee2b91716911604bf3f096337a9b7,
4ec598a0-1c13-46ec-921a-08bed238e017,MAF,"TCGA-86-7701-01A-11D-2167-08,TCGA-86-7701-10A-01D-2167-08",open,de384d7d-2f68-45ac-ad6e-ee851e607aac.wxs.aliquot_ensemble_masked.maf.gz,9650dde0-eca1-432f-9e81-079fe6bdff4b,Simple Nucleotide Variation,masked_somatic_mutation,Illumina,67320,2022-08-01T16:44:07.683812-05:00,c287f5676c2af47c54ea01a6382a3fd3,2024-07-31T06:29:46.731263-05:00,4ec598a0-1c13-46ec-921a-08bed238e017,Masked Somatic Mutation,released,WXS,2,35.0 - 46.0,TCGA-LUAD,843200a4-97aa-4fd1-8c54-a627d04cb2d9,released,de384d7d-2f68-45ac-ad6e-ee851e607aac,https://github.com/NCI-GDC/aliquot-maf-cwl/blob/3dd621a8745ee2b91716911604bf3f096337a9b7/ensemble_aliquot_maf/ensemble_aliquot_maf_wf.cwl,Aliquot Ensemble Somatic Variant Merging and Masking,3dd621a8745ee2b91716911604bf3f096337a9b7,
6675f6b0-85f2-4520-aa9a-b1701b23736a,MAF,"TCGA-55-7574-01A-11D-2036-08,TCGA-55-7574-10A-01D-2036-08",open,876e80f1-3c84-4649-b922-493d3f894786.wxs.aliquot_ensemble_masked.maf.gz,381f57d9-8f92-421f-b845-59cb021d5e47,Simple Nucleotide Variation,masked_somatic_mutation,Illumina,79264,2022-08-01T16:55:16.911619-05:00,c1acdaf7f450da193caacfc4ae1c37eb,2024-07-31T06:36:58.535928-05:00,6675f6b0-85f2-4520-aa9a-b1701b23736a,Masked Somatic Mutation,released,WXS,2,35.0 - 46.0,TCGA-LUAD,ac6419b4-3cab-48ab-ad9f-c1e8b26653aa,released,876e80f1-3c84-4649-b922-493d3f894786,https://github.com/NCI-GDC/aliquot-maf-cwl/blob/3dd621a8745ee2b91716911604bf3f096337a9b7/ensemble_aliquot_maf/ensemble_aliquot_maf_wf.cwl,Aliquot Ensemble Somatic Variant Merging and Masking,3dd621a8745ee2b91716911604bf3f096337a9b7,
64cd7216-82b7-4576-8b36-e68eb05e8a68,MAF,"TCGA-73-4675-01A-01D-1265-08,TCGA-73-4675-11A-01D-1265-08",open,72725611-02d2-4c38-837a-249a9eb41373.wxs.aliquot_ensemble_masked.maf.gz,dfd1e4a5-57f1-478f-a10a-163477a6eb4e,Simple Nucleotide Variation,masked_somatic_mutation,Illumina,27527,2022-08-01T16:47:35.101726-05:00,82bfef0b6726094369a4395f7d8a521e,2024-07-31T06:29:56.716103-05:00,64cd7216-82b7-4576-8b36-e68eb05e8a68,Masked Somatic Mutation,released,WXS,2,35.0 - 46.0,TCGA-LUAD,0619e966-d799-46b8-bf8e-d7321e10a80d,released,72725611-02d2-4c38-837a-249a9eb41373,https://github.com/NCI-GDC/aliquot-maf-cwl/blob/3dd621a8745ee2b91716911604bf3f096337a9b7/ensemble_aliquot_maf/ensemble_aliquot_maf_wf.cwl,Aliquot Ensemble Somatic Variant Merging and Masking,3dd621a8745ee2b91716911604bf3f096337a9b7,
54549144-9502-409c-bb87-d8eedff5c343,MAF,"TCGA-44-7660-01A-11D-2063-08,TCGA-44-7660-10A-01D-2063-08",open,15efa039-1f99-4271-b297-4e1f789f14ff.wxs.aliquot_ensemble_masked.maf.gz,525670f4-cecc-4886-8bd0-cbf2e9e26613,Simple Nucleotide Variation,masked_somatic_mutation,Illumina,115360,2022-08-01T16:44:23.173541-05:00,7ad8c044a1f0e05871c128849a5e1966,2024-07-31T06:32:54.055266-05:00,54549144-9502-409c-bb87-d8eedff5c343,Masked Somatic Mutation,released,WXS,2,35.0 - 46.0,TCGA-LUAD,63e79f37-0707-44f5-b18a-1362ab4b7799,released,15efa039-1f99-4271-b297-4e1f789f14ff,https://github.com/NCI-GDC/aliquot-maf-cwl/blob/3dd621a8745ee2b91716911604bf3f096337a9b7/ensemble_aliquot_maf/ensemble_aliquot_maf_wf.cwl,Aliquot Ensemble Somatic Variant Merging and Masking,3dd621a8745ee2b91716911604bf3f096337a9b7,
2261346f-f46d-4137-8739-a2b97855b1b3,MAF,"TCGA-49-6743-01A-11D-1855-08,TCGA-49-6743-11A-01D-1855-08",open,79ca68ff-75d8-4ccd-908a-15fe74d2d217.wxs.aliquot_ensemble_masked.maf.gz,fa2a7d1e-55dd-426e-9577-c0bf3cb9b570,Simple Nucleotide Variation,masked_somatic_mutation,Illumina,246140,2022-08-01T16:42:42.361153-05:00,fb5df2463786fc8f700cb4840f0cdd50,2024-07-31T06:26:05.067296-05:00,2261346f-f46d-4137-8739-a2b97855b1b3,Masked Somatic Mutation,released,WXS,2,35.0 - 46.0,TCGA-LUAD,3e977366-0f1d-4f3c-a7c8-12eee9b0bca9,released,79ca68ff-75d8-4ccd-908a-15fe74d2d217,https://github.com/NCI-GDC/aliquot-maf-cwl/blob/3dd621a8745ee2b91716911604bf3f096337a9b7/ensemble_aliquot_maf/ensemble_aliquot_maf_wf.cwl,Aliquot Ensemble Somatic Variant Merging and Masking,3dd621a8745ee2b91716911604bf3f096337a9b7,
51fa21b0-c1aa-4509-8957-4db955a9bcff,MAF,"TCGA-55-8301-01A-11D-2284-08,TCGA-55-8301-10A-01D-2284-08",open,4fce196c-b38d-487a-b7d2-58c0f1bb24d2.wxs.aliquot_ensemble_masked.maf.gz,930d2051-645e-4ddd-80ea-c5a49bbabdf7,Simple Nucleotide Variation,masked_somatic_mutation,Illumina,93381,2022-08-01T16:51:56.331165-05:00,8eedb9b10e7a3f14a5f10c078261eb91,2024-07-31T06:28:27.348842-05:00,51fa21b0-c1aa-4509-8957-4db955a9bcff,Masked Somatic Mutation,released,WXS,2,35.0 - 46.0,TCGA-LUAD,453240aa-6b2e-4bdc-aafe-4c0e4afffee5,released,4fce196c-b38d-487a-b7d2-58c0f1bb24d2,https://github.com/NCI-GDC/aliquot-maf-cwl/blob/3dd621a8745ee2b91716911604bf3f096337a9b7/ensemble_aliquot_maf/ensemble_aliquot_maf_wf.cwl,Aliquot Ensemble Somatic Variant Merging and Masking,3dd621a8745ee2b91716911604bf3f096337a9b7,
826ebf4e-af4e-426f-a779-e69d366a104c,MAF,"TCGA-17-Z019-01A-01W-0746-08,TCGA-17-Z019-11A-01W-0746-08",open,14f8f26a-727c-44dc-8f37-f5d1d4378e04.wxs.aliquot_ensemble_masked.maf.gz,fc77646a-f709-4afe-aff3-7ab184f55c62,Simple Nucleotide Variation,masked_somatic_mutation,Illumina,2272,2022-08-01T16:50:58.014504-05:00,67b1d92ac1b96c1b4c6b07ab5fb2b432,2024-07-31T06:32:17.944646-05:00,826ebf4e-af4e-426f-a779-e69d366a104c,Masked Somatic Mutation,released,WXS,2,35.0 - 46.0,TCGA-LUAD,cfeb3a6c-305e-43f0-84fd-beab70aa73b6,released,14f8f26a-727c-44dc-8f37-f5d1d4378e04,https://github.com/NCI-GDC/aliquot-maf-cwl/blob/3dd621a8745ee2b91716911604bf3f096337a9b7/ensemble_aliquot_maf/ensemble_aliquot_maf_wf.cwl,Aliquot Ensemble Somatic Variant Merging and Masking,3dd621a8745ee2b91716911604bf3f096337a9b7,
12e50a65-f017-45a8-b176-10ceb6e8d754,MAF,"TCGA-67-6217-01A-11D-1753-08,TCGA-67-6217-10A-01D-1753-08",open,12c2f455-6d68-4a09-9cda-c38dfacc5824.wxs.aliquot_ensemble_masked.maf.gz,f0a44dcc-68d0-45d0-9ca2-9a95c4865379,Simple Nucleotide Variation,masked_somatic_mutation,Illumina,59910,2022-08-01T16:45:24.805916-05:00,4383f6d1b7a511a186394f5e7f83211c,2024-07-31T06:35:55.433428-05:00,12e50a65-f017-45a8-b176-10ceb6e8d754,Masked Somatic Mutation,released,WXS,2,35.0 - 46.0,TCGA-LUAD,fc1849ef-cf24-4c3b-be28-b7363c3341b5,released,12c2f455-6d68-4a09-9cda-c38dfacc5824,https://github.com/NCI-GDC/aliquot-maf-cwl/blob/3dd621a8745ee2b91716911604bf3f096337a9b7/ensemble_aliquot_maf/ensemble_aliquot_maf_wf.cwl,Aliquot Ensemble Somatic Variant Merging and Masking,3dd621a8745ee2b91716911604bf3f096337a9b7,
15ec8bbf-d413-482f-93c1-4e6ada012b45,MAF,"TCGA-49-6745-01A-11D-1855-08,TCGA-49-6745-11A-01D-1855-08",open,01e8d53d-3dc4-4fde-9fe2-f8586469628a.wxs.aliquot_ensemble_masked.maf.gz,491853e5-fae5-4c39-9613-4c575bf03c5c,Simple Nucleotide Variation,masked_somatic_mutation,Illumina,43644,2022-08-01T16:49:45.295097-05:00,c64f317cfd271e0dccf882ecf930065b,2024-07-31T06:34:36.081118-05:00,15ec8bbf-d413-482f-93c1-4e6ada012b45,Masked Somatic Mutation,released,WXS,2,35.0 - 46.0,TCGA-LUAD,ec6ecf46-e560-42d8-a9e3-5b6f95eae57d,released,01e8d53d-3dc4-4fde-9fe2-f8586469628a,https://github.com/NCI-GDC/aliquot-maf-cwl/blob/3dd621a8745ee2b91716911604bf3f096337a9b7/ensemble_aliquot_maf/ensemble_aliquot_maf_wf.cwl,Aliquot Ensemble Somatic Variant Merging and Masking,3dd621a8745ee2b91716911604bf3f096337a9b7,
7e4813e1-b5eb-4b90-8393-e60f44a50783,MAF,"TCGA-55-8091-01A-11D-2238-08,TCGA-55-8091-10A-01D-2238-08",open,a615e6c2-07d0-4bec-836f-c3dce658195a.wxs.aliquot_ensemble_masked.maf.gz,78a13b8c-02e7-47fa-8983-233f472b0f99,Simple Nucleotide Variation,masked_somatic_mutation,Illumina,9262,2022-08-01T16:39:02.988929-05:00,e16e6bcd26d93ca09f9d005f72007a27,2024-07-31T06:31:40.803638-05:00,7e4813e1-b5eb-4b90-8393-e60f44a50783,Masked Somatic Mutation,released,WXS,2,35.0 - 46.0,TCGA-LUAD,31e2f484-76a0-40d9-9b47-fe57551122fa,released,a615e6c2-07d0-4bec-836f-c3dce658195a,https://github.com/NCI-GDC/aliquot-maf-cwl/blob/3dd621a8745ee2b91716911604bf3f096337a9b7/ensemble_aliquot_maf/ensemble_aliquot_maf_wf.cwl,Aliquot Ensemble Somatic Variant Merging and Masking,3dd621a8745ee2b91716911604bf3f096337a9b7,
8a0ad5f7-749a-487d-952a-603ec1a5de50,MAF,"TCGA-55-1592-01A-01D-0969-08,TCGA-55-1592-11A-01D-0969-08",open,e4345630-2e05-4fa2-9009-164fa62c4c4f.wxs.aliquot_ensemble_masked.maf.gz,475b8617-1bdc-49c3-96f3-0d537aacc497,Simple Nucleotide Variation,masked_somatic_mutation,Illumina,179863,2022-08-01T16:50:33.281882-05:00,f64ac53c02536a9c35c37039ca4dc03e,2024-07-31T06:26:15.534587-05:00,8a0ad5f7-749a-487d-952a-603ec1a5de50,Masked Somatic Mutation,released,WXS,2,35.0 - 46.0,TCGA-LUAD,031c3655-0c3b-4448-91f0-a137d33b1896,released,e4345630-2e05-4fa2-9009-164fa62c4c4f,https://github.com/NCI-GDC/aliquot-maf-cwl/blob/3dd621a8745ee2b91716911604bf3f096337a9b7/ensemble_aliquot_maf/ensemble_aliquot_maf_wf.cwl,Aliquot Ensemble Somatic Variant Merging and Masking,3dd621a8745ee2b91716911604bf3f096337a9b7,
88431233-111a-4901-b746-4a6d25f54c95,MAF,"TCGA-95-7043-01A-11D-1945-08,TCGA-95-7043-10A-01D-1946-08",open,4e0e8e8d-425d-4046-a4c1-0ae04f7adff0.wxs.aliquot_ensemble_masked.maf.gz,92e6d47e-fbce-4a8f-8a79-c7a7cf471f89,Simple Nucleotide Variation,masked_somatic_mutation,Illumina,349997,2022-08-01T16:41:05.592583-05:00,e51eeffa8a4bf85c31cf058e3625aa70,2024-07-31T06:26:14.092631-05:00,88431233-111a-4901-b746-4a6d25f54c95,Masked Somatic Mutation,released,WXS,2,35.0 - 46.0,TCGA-LUAD,5af1fde0-7534-472f-9531-d80705198016,released,4e0e8e8d-425d-4046-a4c1-0ae04f7adff0,https://github.com/NCI-GDC/aliquot-maf-cwl/blob/3dd621a8745ee2b91716911604bf3f096337a9b7/ensemble_aliquot_maf/ensemble_aliquot_maf_wf.cwl,Aliquot Ensemble Somatic Variant Merging and Masking,3dd621a8745ee2b91716911604bf3f096337a9b7,
5d69f35d-6cb6-43a1-a62a-85344ac5ea7f,MAF,"TCGA-50-5932-01A-11D-1753-08,TCGA-50-5932-11A-01D-1753-08",open,80fb6a60-988b-4237-82e1-3694c5dc1306.wxs.aliquot_ensemble_masked.maf.gz,b892b779-ee42-45a7-9d91-1a94533fb80b,Simple Nucleotide Variation,masked_somatic_mutation,Illumina,31995,2022-08-01T16:43:18.948471-05:00,c6844e38d790e97e759b5067ad28cc04,2024-07-31T06:30:30.075793-05:00,5d69f35d-6cb6-43a1-a62a-85344ac5ea7f,Masked Somatic Mutation,released,WXS,2,35.0 - 46.0,TCGA-LUAD,ef9bb2e1-d96b-4c09-9b7d-777b9d280730,released,80fb6a60-988b-4237-82e1-3694c5dc1306,https://github.com/NCI-GDC/aliquot-maf-cwl/blob/3dd621a8745ee2b91716911604bf3f096337a9b7/ensemble_aliquot_maf/ensemble_aliquot_maf_wf.cwl,Aliquot Ensemble Somatic Variant Merging and Masking,3dd621a8745ee2b91716911604bf3f096337a9b7,
7372ac4c-0221-4164-9dee-e772286dfae3,MAF,"TCGA-44-6147-01A-11D-A271-08,TCGA-44-6147-10A-01D-1753-08",open,c7428d58-9e53-472c-8389-a812480e0686.wxs.aliquot_ensemble_masked.maf.gz,94bed1a8-8c05-4f9d-b15f-a426ed7e24cb,Simple Nucleotide Variation,masked_somatic_mutation,Illumina,66146,2022-08-01T16:40:45.080299-05:00,b11df9a5b86413263494bd8e45979bca,2024-07-31T06:33:17.918115-05:00,7372ac4c-0221-4164-9dee-e772286dfae3,Masked Somatic Mutation,released,WXS,2,35.0 - 46.0,TCGA-LUAD,c14125b4-fc8e-484c-9660-2e3fc5b51580,released,c7428d58-9e53-472c-8389-a812480e0686,https://github.com/NCI-GDC/aliquot-maf-cwl/blob/3dd621a8745ee2b91716911604bf3f096337a9b7/ensemble_aliquot_maf/ensemble_aliquot_maf_wf.cwl,Aliquot Ensemble Somatic Variant Merging and Masking,3dd621a8745ee2b91716911604bf3f096337a9b7,
a86d8d33-7f58-483b-9e7a-d650c26322c4,MAF,"TCGA-73-4670-01A-01D-1265-08,TCGA-73-4670-11A-01D-1265-08",open,7f5b7851-72ea-438a-a5e6-e5c383eaf0e5.wxs.aliquot_ensemble_masked.maf.gz,849f6a69-fb55-4a2a-b6b5-c2f13c000ac2,Simple Nucleotide Variation,masked_somatic_mutation,Illumina,123631,2022-08-01T16:50:17.418876-05:00,19a752e4d68d05120a5d4c49f68b2398,2024-07-31T06:37:26.382440-05:00,a86d8d33-7f58-483b-9e7a-d650c26322c4,Masked Somatic Mutation,released,WXS,2,35.0 - 46.0,TCGA-LUAD,612b3f78-d82f-46c5-9a19-e8fb6b260244,released,7f5b7851-72ea-438a-a5e6-e5c383eaf0e5,https://github.com/NCI-GDC/aliquot-maf-cwl/blob/3dd621a8745ee2b91716911604bf3f096337a9b7/ensemble_aliquot_maf/ensemble_aliquot_maf_wf.cwl,Aliquot Ensemble Somatic Variant Merging and Masking,3dd621a8745ee2b91716911604bf3f096337a9b7,
897fa266-afac-4ab7-90d0-5046444486fc,MAF,"TCGA-95-7562-01A-11D-2238-08,TCGA-95-7562-10B-01D-2238-08",open,2b2866bb-5427-439d-b155-37542e596c48.wxs.aliquot_ensemble_masked.maf.gz,e5c4838e-74b8-491e-a96d-c3eeaf16207d,Simple Nucleotide Variation,masked_somatic_mutation,Illumina,137779,2022-08-01T16:58:04.771656-05:00,34bf9b263e7ddd6f5208f7da01b18d4d,2024-07-31T06:38:07.743405-05:00,897fa266-afac-4ab7-90d0-5046444486fc,Masked Somatic Mutation,released,WXS,2,35.0 - 46.0,TCGA-LUAD,819c72a4-e7f3-4dc2-b989-f5a87605d138,released,2b2866bb-5427-439d-b155-37542e596c48,https://github.com/NCI-GDC/aliquot-maf-cwl/blob/3dd621a8745ee2b91716911604bf3f096337a9b7/ensemble_aliquot_maf/ensemble_aliquot_maf_wf.cwl,Aliquot Ensemble Somatic Variant Merging and Masking,3dd621a8745ee2b91716911604bf3f096337a9b7,
581a1ac5-d35d-4b74-af64-e81dac8b46d9,MAF,"TCGA-49-6742-01A-11D-1855-08,TCGA-49-6742-11A-01D-1855-08",open,6c61f159-d09f-40db-be0e-69568ad9ff7a.wxs.aliquot_ensemble_masked.maf.gz,82ad90a3-e173-40ab-a05a-212737875a96,Simple Nucleotide Variation,masked_somatic_mutation,Illumina,95947,2022-08-01T16:45:41.577339-05:00,d2d7d284bfbfc221b0506c377c64c818,2024-07-31T06:36:01.938869-05:00,581a1ac5-d35d-4b74-af64-e81dac8b46d9,Masked Somatic Mutation,released,WXS,2,35.0 - 46.0,TCGA-LUAD,a08e6940-322d-4dbf-9422-e95e9c08b288,released,6c61f159-d09f-40db-be0e-69568ad9ff7a,https://github.com/NCI-GDC/aliquot-maf-cwl/blob/3dd621a8745ee2b91716911604bf3f096337a9b7/ensemble_aliquot_maf/ensemble_aliquot_maf_wf.cwl,Aliquot Ensemble Somatic Variant Merging and Masking,3dd621a8745ee2b91716911604bf3f096337a9b7,
ef78dde5-6e3d-45f9-ae5c-59b2ccdd867d,MAF,"TCGA-55-8090-01A-11D-2238-08,TCGA-55-8090-10A-01D-2238-08",open,6c850269-c292-4b95-a22a-3e6cb8e54b18.wxs.aliquot_ensemble_masked.maf.gz,904a4745-0a66-49a4-b985-47fb5333e3fe,Simple Nucleotide Variation,masked_somatic_mutation,Illumina,34375,2022-08-01T16:41:42.021801-05:00,9e3115c553a36ce15c153d34031a975d,2024-07-31T06:27:50.903431-05:00,ef78dde5-6e3d-45f9-ae5c-59b2ccdd867d,Masked Somatic Mutation,released,WXS,2,35.0 - 46.0,TCGA-LUAD,0d8e7254-0e29-4fd8-a91f-b3a1bbcf11ab,released,6c850269-c292-4b95-a22a-3e6cb8e54b18,https://github.com/NCI-GDC/aliquot-maf-cwl/blob/3dd621a8745ee2b91716911604bf3f096337a9b7/ensemble_aliquot_maf/ensemble_aliquot_maf_wf.cwl,Aliquot Ensemble Somatic Variant Merging and Masking,3dd621a8745ee2b91716911604bf3f096337a9b7,
009254a2-ea81-4c76-8044-7267a9f81364,MAF,"TCGA-50-5072-01A-21D-1855-08,TCGA-50-5072-10A-01D-1855-08",open,dcc71d2d-9707-4234-a3e7-49b9cf977250.wxs.aliquot_ensemble_masked.maf.gz,0b351d73-7919-44cd-b014-c73f115f0a5c,Simple Nucleotide Variation,masked_somatic_mutation,Illumina,60490,2022-08-01T16:38:21.597469-05:00,180242ac6e7db78cf6e5faa5198779fd,2024-07-31T06:30:18.048845-05:00,009254a2-ea81-4c76-8044-7267a9f81364,Masked Somatic Mutation,released,WXS,2,35.0 - 46.0,TCGA-LUAD,6706940c-e68e-41e8-8d7d-83d24e806932,released,dcc71d2d-9707-4234-a3e7-49b9cf977250,https://github.com/NCI-GDC/aliquot-maf-cwl/blob/3dd621a8745ee2b91716911604bf3f096337a9b7/ensemble_aliquot_maf/ensemble_aliquot_maf_wf.cwl,Aliquot Ensemble Somatic Variant Merging and Masking,3dd621a8745ee2b91716911604bf3f096337a9b7,
6228cd71-8166-4c66-baee-187e38153782,MAF,"TCGA-44-6146-01A-31D-A27T-08,TCGA-44-6146-10A-01D-1753-08",open,50473d0b-6103-4da0-a6aa-348d65f991f7.wxs.aliquot_ensemble_masked.maf.gz,306470ac-c33d-4542-8f37-a894cc13bf1e,Simple Nucleotide Variation,masked_somatic_mutation,Illumina,18694,2022-08-01T17:01:16.337040-05:00,304394fc3fa134bffe564f4ce92121da,2024-07-31T06:30:13.929740-05:00,6228cd71-8166-4c66-baee-187e38153782,Masked Somatic Mutation,released,WXS,2,35.0 - 46.0,TCGA-LUAD,a138fe3d-31b3-4fe8-afa4-f8457b0b42ec,released,50473d0b-6103-4da0-a6aa-348d65f991f7,https://github.com/NCI-GDC/aliquot-maf-cwl/blob/3dd621a8745ee2b91716911604bf3f096337a9b7/ensemble_aliquot_maf/ensemble_aliquot_maf_wf.cwl,Aliquot Ensemble Somatic Variant Merging and Masking,3dd621a8745ee2b91716911604bf3f096337a9b7,
84bd7d30-18aa-4178-99ff-717360005681,MAF,"TCGA-05-5420-01A-01D-1625-08,TCGA-05-5420-11A-01D-1625-08",open,5fe6f1f9-2825-47e1-84cd-6e45a6b34d9c.wxs.aliquot_ensemble_masked.maf.gz,0d9cfa0d-bbcd-4475-b081-f998c326591a,Simple Nucleotide Variation,masked_somatic_mutation,Illumina,30085,2022-08-01T16:49:13.993641-05:00,e8a94b26d55191f2d438412fc23efc76,2024-07-31T06:37:49.838712-05:00,84bd7d30-18aa-4178-99ff-717360005681,Masked Somatic Mutation,released,WXS,2,35.0 - 46.0,TCGA-LUAD,c1e3ea23-76f4-430b-8589-b69dedb9e13f,released,5fe6f1f9-2825-47e1-84cd-6e45a6b34d9c,https://github.com/NCI-GDC/aliquot-maf-cwl/blob/3dd621a8745ee2b91716911604bf3f096337a9b7/ensemble_aliquot_maf/ensemble_aliquot_maf_wf.cwl,Aliquot Ensemble Somatic Variant Merging and Masking,3dd621a8745ee2b91716911604bf3f096337a9b7,
bc70453f-1898-4235-95d2-bb163a09d767,MAF,"TCGA-05-4396-01A-21D-1855-08,TCGA-05-4396-10A-01D-1855-08",open,150f8a17-f186-4f5f-8368-824ff22f2ebd.wxs.aliquot_ensemble_masked.maf.gz,4e615421-a77c-4f3b-93a3-1ebc4dbce672,Simple Nucleotide Variation,masked_somatic_mutation,Illumina,81757,2022-08-01T16:47:22.875228-05:00,cbf9f4bf13dc51b97ddbbd36f1deb397,2024-07-31T06:36:19.364149-05:00,bc70453f-1898-4235-95d2-bb163a09d767,Masked Somatic Mutation,released,WXS,2,35.0 - 46.0,TCGA-LUAD,35841c63-cc16-4b53-a258-7e4a26b84c1c,released,150f8a17-f186-4f5f-8368-824ff22f2ebd,https://github.com/NCI-GDC/aliquot-maf-cwl/blob/3dd621a8745ee2b91716911604bf3f096337a9b7/ensemble_aliquot_maf/ensemble_aliquot_maf_wf.cwl,Aliquot Ensemble Somatic Variant Merging and Masking,3dd621a8745ee2b91716911604bf3f096337a9b7,
69adb489-727b-4be4-afd8-86ac2f5c51dc,MAF,"TCGA-44-6146-01A-11D-1753-08,TCGA-44-6146-10A-01D-1753-08",open,685a6b26-e270-4683-aebe-611c946a3dba.wxs.aliquot_ensemble_masked.maf.gz,23bc72d2-4a9d-4f66-a51b-306a5ea8805a,Simple Nucleotide Variation,masked_somatic_mutation,Illumina,18442,2022-08-01T16:44:38.319382-05:00,57017bf6210f0df3c9bbcfd4c4b919e6,2024-07-31T06:31:54.655146-05:00,69adb489-727b-4be4-afd8-86ac2f5c51dc,Masked Somatic Mutation,released,WXS,2,35.0 - 46.0,TCGA-LUAD,9d60da7c-fd1d-4e5a-ad96-2c619e951c1f,released,685a6b26-e270-4683-aebe-611c946a3dba,https://github.com/NCI-GDC/aliquot-maf-cwl/blob/3dd621a8745ee2b91716911604bf3f096337a9b7/ensemble_aliquot_maf/ensemble_aliquot_maf_wf.cwl,Aliquot Ensemble Somatic Variant Merging and Masking,3dd621a8745ee2b91716911604bf3f096337a9b7,
d2fe8d87-dd55-42c9-bacf-5e5b6938f96f,MAF,"TCGA-55-6979-01A-11D-1945-08,TCGA-55-6979-11A-01D-1945-08",open,ac319195-ba93-42e2-84bf-14025f4f66d6.wxs.aliquot_ensemble_masked.maf.gz,a1d37e7e-9e0e-4c86-b4ff-d70f4dea3c62,Simple Nucleotide Variation,masked_somatic_mutation,Illumina,41952,2022-08-01T16:49:18.848379-05:00,0c9fddf49e7697497550db7aa2f0bdd9,2024-07-31T06:28:49.470860-05:00,d2fe8d87-dd55-42c9-bacf-5e5b6938f96f,Masked Somatic Mutation,released,WXS,2,35.0 - 46.0,TCGA-LUAD,e80b5c16-92fe-43b2-9bbb-7042660d5f1d,released,ac319195-ba93-42e2-84bf-14025f4f66d6,https://github.com/NCI-GDC/aliquot-maf-cwl/blob/3dd621a8745ee2b91716911604bf3f096337a9b7/ensemble_aliquot_maf/ensemble_aliquot_maf_wf.cwl,Aliquot Ensemble Somatic Variant Merging and Masking,3dd621a8745ee2b91716911604bf3f096337a9b7,
b6b0bda5-6719-4a69-a6b1-725815bfc49f,MAF,"TCGA-67-3770-01A-01W-0928-08,TCGA-67-3770-10A-01D-0969-08",open,959dd170-dc8a-4167-894b-a6ab117f8d9d.wxs.aliquot_ensemble_masked.maf.gz,3222ddc5-ef5a-4f62-8284-37b7c063f081,Simple Nucleotide Variation,masked_somatic_mutation,Illumina,73003,2022-08-01T16:43:26.151161-05:00,050da909fc4a076b30832067ba96f16e,2024-07-31T06:27:26.132253-05:00,b6b0bda5-6719-4a69-a6b1-725815bfc49f,Masked Somatic Mutation,released,WXS,2,35.0 - 46.0,TCGA-LUAD,fd7cd39e-477d-48a4-99d0-12c96bbe3139,released,959dd170-dc8a-4167-894b-a6ab117f8d9d,https://github.com/NCI-GDC/aliquot-maf-cwl/blob/3dd621a8745ee2b91716911604bf3f096337a9b7/ensemble_aliquot_maf/ensemble_aliquot_maf_wf.cwl,Aliquot Ensemble Somatic Variant Merging and Masking,3dd621a8745ee2b91716911604bf3f096337a9b7,
6a815cf2-e7f7-4e6b-b93a-6f4c562835bf,MAF,"TCGA-44-6146-01A-21D-A27T-08,TCGA-44-6146-10A-01D-1753-08",open,be898971-7e06-4c41-a5ab-cae1860a19fb.wxs.aliquot_ensemble_masked.maf.gz,729d44d0-1ce8-443b-a96d-347e529094cd,Simple Nucleotide Variation,masked_somatic_mutation,Illumina,19294,2022-08-01T17:02:28.467359-05:00,3d3369eb2dd43570bf4e979e809298c8,2024-07-31T06:35:19.271847-05:00,6a815cf2-e7f7-4e6b-b93a-6f4c562835bf,Masked Somatic Mutation,released,WXS,2,35.0 - 46.0,TCGA-LUAD,b48d15c0-c36d-4cba-a9b5-607fab3efd65,released,be898971-7e06-4c41-a5ab-cae1860a19fb,https://github.com/NCI-GDC/aliquot-maf-cwl/blob/3dd621a8745ee2b91716911604bf3f096337a9b7/ensemble_aliquot_maf/ensemble_aliquot_maf_wf.cwl,Aliquot Ensemble Somatic Variant Merging and Masking,3dd621a8745ee2b91716911604bf3f096337a9b7,
72c46029-bf04-4eda-a7ea-cc7242253294,MAF,"TCGA-50-5939-01A-11D-1625-08,TCGA-50-5939-11A-01D-1625-08",open,19aa1736-30b3-4ed9-b827-373a79b8de70.wxs.aliquot_ensemble_masked.maf.gz,fdcdfadd-71e7-4650-8903-4a4a47789d48,Simple Nucleotide Variation,masked_somatic_mutation,Illumina,29301,2022-08-01T16:39:57.889375-05:00,9ff1d952ff8ad8a2fd707de28e9f9ae2,2024-07-31T06:25:36.601277-05:00,72c46029-bf04-4eda-a7ea-cc7242253294,Masked Somatic Mutation,released,WXS,2,35.0 - 46.0,TCGA-LUAD,d6869d16-1b8b-427e-b2fe-d86d8a1b1998,released,19aa1736-30b3-4ed9-b827-373a79b8de70,https://github.com/NCI-GDC/aliquot-maf-cwl/blob/3dd621a8745ee2b91716911604bf3f096337a9b7/ensemble_aliquot_maf/ensemble_aliquot_maf_wf.cwl,Aliquot Ensemble Somatic Variant Merging and Masking,3dd621a8745ee2b91716911604bf3f096337a9b7,
da51eb21-62b2-48f5-9f8c-a05248ac3c63,MAF,"TCGA-38-6178-01A-11D-1753-08,TCGA-38-6178-10A-01D-1753-08",open,fe22b003-4498-4772-b50f-c597b2b4ba2b.wxs.aliquot_ensemble_masked.maf.gz,2b4c8db0-6453-41cf-bde4-dfcbe1d1dfaa,Simple Nucleotide Variation,masked_somatic_mutation,Illumina,24224,2022-08-01T16:42:53.032069-05:00,32300b0c0810e04ed34f1109861917f6,2024-07-31T06:28:13.924047-05:00,da51eb21-62b2-48f5-9f8c-a05248ac3c63,Masked Somatic Mutation,released,WXS,2,35.0 - 46.0,TCGA-LUAD,ba35396c-c4bd-4b5e-8dd8-abc92cd5ab18,released,fe22b003-4498-4772-b50f-c597b2b4ba2b,https://github.com/NCI-GDC/aliquot-maf-cwl/blob/3dd621a8745ee2b91716911604bf3f096337a9b7/ensemble_aliquot_maf/ensemble_aliquot_maf_wf.cwl,Aliquot Ensemble Somatic Variant Merging and Masking,3dd621a8745ee2b91716911604bf3f096337a9b7,
cbb774df-457d-4346-83fd-c4222929906e,MAF,"TCGA-44-8119-01A-11D-2238-08,TCGA-44-8119-10A-01D-2238-08",open,de3d8411-e578-4519-8785-2d0794a1dcad.wxs.aliquot_ensemble_masked.maf.gz,f9cebf5d-90cb-4bbd-bbd2-5141800e7655,Simple Nucleotide Variation,masked_somatic_mutation,Illumina,214770,2022-08-01T16:54:57.084135-05:00,8f9eb590971f578220bfae6f7f3a299a,2024-07-31T06:37:35.962721-05:00,cbb774df-457d-4346-83fd-c4222929906e,Masked Somatic Mutation,released,WXS,2,35.0 - 46.0,TCGA-LUAD,c6187479-bd56-4342-aa11-a90c5856fd3d,released,de3d8411-e578-4519-8785-2d0794a1dcad,https://github.com/NCI-GDC/aliquot-maf-cwl/blob/3dd621a8745ee2b91716911604bf3f096337a9b7/ensemble_aliquot_maf/ensemble_aliquot_maf_wf.cwl,Aliquot Ensemble Somatic Variant Merging and Masking,3dd621a8745ee2b91716911604bf3f096337a9b7,
9510a555-586e-470f-855d-79a7e687cc44,MAF,"TCGA-05-4434-01A-01D-1265-08,TCGA-05-4434-10A-01D-1265-08",open,467027c9-4691-4da8-aca0-55410f41c4e0.wxs.aliquot_ensemble_masked.maf.gz,80b20cba-9882-4a33-bcaa-63fa71d3eede,Simple Nucleotide Variation,masked_somatic_mutation,Illumina,18985,2022-08-01T17:04:50.421874-05:00,1f12792e2c4ad4242aeb6d31660f3ea7,2024-07-31T02:30:22.762723-05:00,9510a555-586e-470f-855d-79a7e687cc44,Masked Somatic Mutation,released,WXS,2,35.0 - 46.0,TCGA-LUAD,3510efb1-1c1a-4dbe-b267-67661b7941ce,released,467027c9-4691-4da8-aca0-55410f41c4e0,https://github.com/NCI-GDC/aliquot-maf-cwl/blob/3dd621a8745ee2b91716911604bf3f096337a9b7/ensemble_aliquot_maf/ensemble_aliquot_maf_wf.cwl,Aliquot Ensemble Somatic Variant Merging and Masking,3dd621a8745ee2b91716911604bf3f096337a9b7,
5282f995-7763-4acb-aa70-99e1d8f27272,MAF,"TCGA-55-6986-01A-11D-1945-08,TCGA-55-6986-11A-01D-1945-08",open,59921574-8bc1-4fd9-b89c-ba571288ee9d.wxs.aliquot_ensemble_masked.maf.gz,c038aa4a-b8d8-4b05-9dcc-578c9776944b,Simple Nucleotide Variation,masked_somatic_mutation,Illumina,9304,2022-08-01T16:53:34.384923-05:00,e7b487814e687be629f4de5401623b44,2024-07-31T06:25:03.364511-05:00,5282f995-7763-4acb-aa70-99e1d8f27272,Masked Somatic Mutation,released,WXS,2,35.0 - 46.0,TCGA-LUAD,3ee8abe0-b802-4a31-acf6-47ca520a51be,released,59921574-8bc1-4fd9-b89c-ba571288ee9d,https://github.com/NCI-GDC/aliquot-maf-cwl/blob/3dd621a8745ee2b91716911604bf3f096337a9b7/ensemble_aliquot_maf/ensemble_aliquot_maf_wf.cwl,Aliquot Ensemble Somatic Variant Merging and Masking,3dd621a8745ee2b91716911604bf3f096337a9b7,
582ecb35-f147-4b97-9c80-d1ebb0affdd9,MAF,"TCGA-73-4677-01A-01D-1265-08,TCGA-73-4677-11A-01D-1265-08",open,5f0ca642-beaa-41f5-827f-91e3a14a2cdb.wxs.aliquot_ensemble_masked.maf.gz,5397e6be-ec2d-4db7-bd03-300cf685707e,Simple Nucleotide Variation,masked_somatic_mutation,Illumina,84887,2022-08-01T16:45:53.356889-05:00,e78c35efea41348b0c9f0e3b299b47f1,2024-07-31T06:29:22.037544-05:00,582ecb35-f147-4b97-9c80-d1ebb0affdd9,Masked Somatic Mutation,released,WXS,2,35.0 - 46.0,TCGA-LUAD,2f576727-4298-4b58-82c8-e2059ca2f13d,released,5f0ca642-beaa-41f5-827f-91e3a14a2cdb,https://github.com/NCI-GDC/aliquot-maf-cwl/blob/3dd621a8745ee2b91716911604bf3f096337a9b7/ensemble_aliquot_maf/ensemble_aliquot_maf_wf.cwl,Aliquot Ensemble Somatic Variant Merging and Masking,3dd621a8745ee2b91716911604bf3f096337a9b7,
5d5b01de-1a15-4783-95c4-8774a291ce37,MAF,"TCGA-62-A46P-01A-11D-A24D-08,TCGA-62-A46P-10A-01D-A24F-08",open,9d077108-4bf7-41a4-a80d-3b05a57bec2d.wxs.aliquot_ensemble_masked.maf.gz,e43f5525-98e1-4d64-a7b2-4c4e8cd2f641,Simple Nucleotide Variation,masked_somatic_mutation,Illumina,89249,2022-08-01T16:50:08.027999-05:00,3193eed92ff6994c75ca6ac21dae855b,2024-07-31T06:37:52.491552-05:00,5d5b01de-1a15-4783-95c4-8774a291ce37,Masked Somatic Mutation,released,WXS,2,35.0 - 46.0,TCGA-LUAD,0143d16e-e6f9-4918-b1c2-348480a40c9e,released,9d077108-4bf7-41a4-a80d-3b05a57bec2d,https://github.com/NCI-GDC/aliquot-maf-cwl/blob/3dd621a8745ee2b91716911604bf3f096337a9b7/ensemble_aliquot_maf/ensemble_aliquot_maf_wf.cwl,Aliquot Ensemble Somatic Variant Merging and Masking,3dd621a8745ee2b91716911604bf3f096337a9b7,
a5f3e48f-49da-4a53-9fb2-d852a262696f,MAF,"TCGA-17-Z055-01A-01W-0747-08,TCGA-17-Z055-11A-01W-0747-08",open,24a099cb-ad1e-4f55-8b31-3e2a46f625ff.wxs.aliquot_ensemble_masked.maf.gz,95bfe2de-0ebe-42c7-a449-8ca138a89b7a,Simple Nucleotide Variation,masked_somatic_mutation,Illumina,187650,2022-08-01T16:54:31.217134-05:00,3939ee38f2f2c58f2de10ccd5fb049f3,2024-07-31T06:34:45.585250-05:00,a5f3e48f-49da-4a53-9fb2-d852a262696f,Masked Somatic Mutation,released,WXS,2,35.0 - 46.0,TCGA-LUAD,492fa765-b022-4ade-964d-ab96779e6df3,released,24a099cb-ad1e-4f55-8b31-3e2a46f625ff,https://github.com/NCI-GDC/aliquot-maf-cwl/blob/3dd621a8745ee2b91716911604bf3f096337a9b7/ensemble_aliquot_maf/ensemble_aliquot_maf_wf.cwl,Aliquot Ensemble Somatic Variant Merging and Masking,3dd621a8745ee2b91716911604bf3f096337a9b7,
33d7e211-edf6-4526-baca-552aa1a6caf2,MAF,"TCGA-44-3917-01B-02D-A271-08,TCGA-44-3917-10A-01D-A271-08",open,ff477ec3-d56f-41eb-a9b2-d384381e2143.wxs.aliquot_ensemble_masked.maf.gz,a3ea899f-9750-432f-9c35-38c84266f49d,Simple Nucleotide Variation,masked_somatic_mutation,Illumina,78750,2022-08-01T16:49:12.189269-05:00,6dd5533b10a5543f54aacd98bff3bb20,2024-07-31T06:26:07.910438-05:00,33d7e211-edf6-4526-baca-552aa1a6caf2,Masked Somatic Mutation,released,WXS,2,35.0 - 46.0,TCGA-LUAD,54f92fb9-0e32-436f-b5f6-cea828a63312,released,ff477ec3-d56f-41eb-a9b2-d384381e2143,https://github.com/NCI-GDC/aliquot-maf-cwl/blob/3dd621a8745ee2b91716911604bf3f096337a9b7/ensemble_aliquot_maf/ensemble_aliquot_maf_wf.cwl,Aliquot Ensemble Somatic Variant Merging and Masking,3dd621a8745ee2b91716911604bf3f096337a9b7,
d43ef3c0-ed72-4133-be6e-0a00c8cda220,MAF,"TCGA-97-8179-01A-11D-2284-08,TCGA-97-8179-10A-01D-2284-08",open,28b9cae0-7690-45dd-8b5d-3a703a86cfe6.wxs.aliquot_ensemble_masked.maf.gz,a4d43f8b-84f4-4656-8f4e-698721a06427,Simple Nucleotide Variation,masked_somatic_mutation,Illumina,62445,2022-08-01T16:49:38.762154-05:00,b0895a590dcec8cbde822a95e8c40763,2024-07-31T06:36:13.932805-05:00,d43ef3c0-ed72-4133-be6e-0a00c8cda220,Masked Somatic Mutation,released,WXS,2,35.0 - 46.0,TCGA-LUAD,af522b83-3041-488d-9271-906ae00950b2,released,28b9cae0-7690-45dd-8b5d-3a703a86cfe6,https://github.com/NCI-GDC/aliquot-maf-cwl/blob/3dd621a8745ee2b91716911604bf3f096337a9b7/ensemble_aliquot_maf/ensemble_aliquot_maf_wf.cwl,Aliquot Ensemble Somatic Variant Merging and Masking,3dd621a8745ee2b91716911604bf3f096337a9b7,
97d1d1f5-8247-4236-bd77-9ffbe40d345d,MAF,"TCGA-67-3771-01A-01D-1040-01,TCGA-67-3771-10A-01D-1040-01",open,fb01c35f-7fb6-4fbb-9459-48cd37689ebe.wxs.aliquot_ensemble_masked.maf.gz,ef999d46-794f-4542-971e-e49d9cf97100,Simple Nucleotide Variation,masked_somatic_mutation,Illumina,371778,2022-08-01T16:50:42.545206-05:00,6afb2979ef74d87f9a0fd448ba13adf2,2024-07-31T06:34:16.135873-05:00,97d1d1f5-8247-4236-bd77-9ffbe40d345d,Masked Somatic Mutation,released,WXS,2,35.0 - 46.0,TCGA-LUAD,94b0ccf6-74bf-4109-8f12-47a9b82df1d6,released,fb01c35f-7fb6-4fbb-9459-48cd37689ebe,https://github.com/NCI-GDC/aliquot-maf-cwl/blob/3dd621a8745ee2b91716911604bf3f096337a9b7/ensemble_aliquot_maf/ensemble_aliquot_maf_wf.cwl,Aliquot Ensemble Somatic Variant Merging and Masking,3dd621a8745ee2b91716911604bf3f096337a9b7,
ebe634ff-b960-4474-8c6c-1451ad866f6b,MAF,"TCGA-67-3771-01A-01W-0928-08,TCGA-67-3771-10A-01D-1040-01",open,88ecd81d-a882-4adb-ad2c-e75549745b4b.wxs.aliquot_ensemble_masked.maf.gz,039ee90a-3fe7-48b6-96a8-4955cef7023b,Simple Nucleotide Variation,masked_somatic_mutation,Illumina,377943,2022-08-01T16:50:44.554533-05:00,c6afe91c09b26a11ba8c159a880e20c5,2024-07-31T06:29:58.023411-05:00,ebe634ff-b960-4474-8c6c-1451ad866f6b,Masked Somatic Mutation,released,WXS,2,35.0 - 46.0,TCGA-LUAD,be42b79b-8678-49fa-9a1c-ec6fd9fac912,released,88ecd81d-a882-4adb-ad2c-e75549745b4b,https://github.com/NCI-GDC/aliquot-maf-cwl/blob/3dd621a8745ee2b91716911604bf3f096337a9b7/ensemble_aliquot_maf/ensemble_aliquot_maf_wf.cwl,Aliquot Ensemble Somatic Variant Merging and Masking,3dd621a8745ee2b91716911604bf3f096337a9b7,
8f6f8bf0-995b-4ce4-8700-aa120fb0043f,MAF,"TCGA-86-8674-01A-21D-2393-08,TCGA-86-8674-10A-01D-2393-08",open,93f9639e-1efb-4f57-896e-c0bfff84982e.wxs.aliquot_ensemble_masked.maf.gz,d200db6a-8722-407e-ba08-cbe67fa35827,Simple Nucleotide Variation,masked_somatic_mutation,Illumina,96553,2022-08-01T16:40:18.761002-05:00,06ee62b9c5e766e5a0274f1dce81914c,2024-07-31T06:25:56.547748-05:00,8f6f8bf0-995b-4ce4-8700-aa120fb0043f,Masked Somatic Mutation,released,WXS,2,35.0 - 46.0,TCGA-LUAD,eb8f7eae-f309-4047-afb6-f96c9607c329,released,93f9639e-1efb-4f57-896e-c0bfff84982e,https://github.com/NCI-GDC/aliquot-maf-cwl/blob/3dd621a8745ee2b91716911604bf3f096337a9b7/ensemble_aliquot_maf/ensemble_aliquot_maf_wf.cwl,Aliquot Ensemble Somatic Variant Merging and Masking,3dd621a8745ee2b91716911604bf3f096337a9b7,
b232dcc8-e157-4d9d-bf18-83d75b31a70b,MAF,"TCGA-78-8662-01A-11D-2393-08,TCGA-78-8662-10A-01D-2393-08",open,6685804f-face-4cd7-9d8d-7e430858ddc5.wxs.aliquot_ensemble_masked.maf.gz,03ca69a7-de19-4ab0-9c9b-76e51e0247a4,Simple Nucleotide Variation,masked_somatic_mutation,Illumina,365646,2022-08-01T17:02:40.908940-05:00,402e43a38c89990d7ec6c38cb34fdf69,2024-07-31T06:26:57.493349-05:00,b232dcc8-e157-4d9d-bf18-83d75b31a70b,Masked Somatic Mutation,released,WXS,2,35.0 - 46.0,TCGA-LUAD,54d6c0d2-1fef-40bd-8b1b-e2d150059531,released,6685804f-face-4cd7-9d8d-7e430858ddc5,https://github.com/NCI-GDC/aliquot-maf-cwl/blob/3dd621a8745ee2b91716911604bf3f096337a9b7/ensemble_aliquot_maf/ensemble_aliquot_maf_wf.cwl,Aliquot Ensemble Somatic Variant Merging and Masking,3dd621a8745ee2b91716911604bf3f096337a9b7,
047c7c3b-0baa-41fe-91c7-e3c59a55bdc3,MAF,"TCGA-49-6744-01A-11D-1855-08,TCGA-49-6744-11A-01D-1855-08",open,6680da97-11ec-49b1-8ebf-698f5e20b6a7.wxs.aliquot_ensemble_masked.maf.gz,d7940966-62f0-45b5-8d80-bc00245561fd,Simple Nucleotide Variation,masked_somatic_mutation,Illumina,68385,2022-08-01T16:38:59.231914-05:00,0cdf51b1b8bb5fe0dc6c94d01a35061c,2024-07-31T06:31:35.309729-05:00,047c7c3b-0baa-41fe-91c7-e3c59a55bdc3,Masked Somatic Mutation,released,WXS,2,35.0 - 46.0,TCGA-LUAD,2642156d-4f04-45f7-a6a2-2f4eb74cd64b,released,6680da97-11ec-49b1-8ebf-698f5e20b6a7,https://github.com/NCI-GDC/aliquot-maf-cwl/blob/3dd621a8745ee2b91716911604bf3f096337a9b7/ensemble_aliquot_maf/ensemble_aliquot_maf_wf.cwl,Aliquot Ensemble Somatic Variant Merging and Masking,3dd621a8745ee2b91716911604bf3f096337a9b7,
1b9394ab-7d8c-4bbf-b431-2e01808cf08f,MAF,"TCGA-MN-A4N5-01A-11D-A24P-08,TCGA-MN-A4N5-10A-01D-A24P-08",open,4023cc05-e2b4-44aa-af56-a8b6dd31bb15.wxs.aliquot_ensemble_masked.maf.gz,ea33f7e6-828f-44e0-b9bd-17228ae7a0e7,Simple Nucleotide Variation,masked_somatic_mutation,Illumina,148848,2022-08-01T16:58:16.877257-05:00,e57bd03cec77bd387b829c27bf87f72e,2024-07-31T06:37:16.443271-05:00,1b9394ab-7d8c-4bbf-b431-2e01808cf08f,Masked Somatic Mutation,released,WXS,2,35.0 - 46.0,TCGA-LUAD,b3ac751d-197c-4608-b85f-2644515808df,released,4023cc05-e2b4-44aa-af56-a8b6dd31bb15,https://github.com/NCI-GDC/aliquot-maf-cwl/blob/3dd621a8745ee2b91716911604bf3f096337a9b7/ensemble_aliquot_maf/ensemble_aliquot_maf_wf.cwl,Aliquot Ensemble Somatic Variant Merging and Masking,3dd621a8745ee2b91716911604bf3f096337a9b7,
f6d4d79d-d385-4efc-a945-c83d419eb827,MAF,"TCGA-64-5779-01A-01D-1625-08,TCGA-64-5779-10A-01D-1625-08",open,689ebff3-25a3-4492-8391-0bbb7919dcc5.wxs.aliquot_ensemble_masked.maf.gz,2eec7d14-76f6-4db5-aec9-ede8c1321687,Simple Nucleotide Variation,masked_somatic_mutation,Illumina,121471,2022-08-01T16:39:19.755971-05:00,bdd76cc453043de23960e71b888b42b9,2024-07-31T06:28:06.822427-05:00,f6d4d79d-d385-4efc-a945-c83d419eb827,Masked Somatic Mutation,released,WXS,2,35.0 - 46.0,TCGA-LUAD,cb2f4666-9728-4fb1-ab7a-a0c2f6cd6604,released,689ebff3-25a3-4492-8391-0bbb7919dcc5,https://github.com/NCI-GDC/aliquot-maf-cwl/blob/3dd621a8745ee2b91716911604bf3f096337a9b7/ensemble_aliquot_maf/ensemble_aliquot_maf_wf.cwl,Aliquot Ensemble Somatic Variant Merging and Masking,3dd621a8745ee2b91716911604bf3f096337a9b7,
a4848ff9-93df-4ba5-afa9-7af2de058ebd,MAF,"TCGA-44-6144-01A-11D-1753-08,TCGA-44-6144-10A-01D-1753-08",open,4ebb7726-3c8b-404b-82c4-5763196d4a72.wxs.aliquot_ensemble_masked.maf.gz,2e8e664e-efcb-42ea-b179-31fc1fa6d18d,Simple Nucleotide Variation,masked_somatic_mutation,Illumina,79400,2022-08-01T16:46:21.207746-05:00,ef9eef7527dd1de4b770a6c0757358e8,2024-07-31T06:26:32.147781-05:00,a4848ff9-93df-4ba5-afa9-7af2de058ebd,Masked Somatic Mutation,released,WXS,2,35.0 - 46.0,TCGA-LUAD,6413d0b9-aa95-47f3-92e6-f7a43cd317fe,released,4ebb7726-3c8b-404b-82c4-5763196d4a72,https://github.com/NCI-GDC/aliquot-maf-cwl/blob/3dd621a8745ee2b91716911604bf3f096337a9b7/ensemble_aliquot_maf/ensemble_aliquot_maf_wf.cwl,Aliquot Ensemble Somatic Variant Merging and Masking,3dd621a8745ee2b91716911604bf3f096337a9b7,
d00797fa-95bc-41a5-9687-de759bb98109,MAF,"TCGA-L4-A4E6-01A-11D-A24D-08,TCGA-L4-A4E6-10A-01D-A24F-08",open,260fbe44-d0d3-4722-aa64-730c727e5dc1.wxs.aliquot_ensemble_masked.maf.gz,79578bc6-cbd9-48d1-bbf9-ba3eff6e8462,Simple Nucleotide Variation,masked_somatic_mutation,Illumina,4277,2022-08-01T16:52:21.548992-05:00,c33cf4b643848f9f4995cef70feef5d4,2024-07-31T06:27:42.849563-05:00,d00797fa-95bc-41a5-9687-de759bb98109,Masked Somatic Mutation,released,WXS,2,35.0 - 46.0,TCGA-LUAD,616e4c07-cf07-42f4-934a-635714cd25e2,released,260fbe44-d0d3-4722-aa64-730c727e5dc1,https://github.com/NCI-GDC/aliquot-maf-cwl/blob/3dd621a8745ee2b91716911604bf3f096337a9b7/ensemble_aliquot_maf/ensemble_aliquot_maf_wf.cwl,Aliquot Ensemble Somatic Variant Merging and Masking,3dd621a8745ee2b91716911604bf3f096337a9b7,
e2b7b02a-9b6b-43cc-a430-f18b565e8a20,MAF,"TCGA-62-8398-01A-11D-2323-08,TCGA-62-8398-10A-01D-2323-08",open,a0723267-c2a2-4d20-8398-c50828b6f46d.wxs.aliquot_ensemble_masked.maf.gz,883a4d58-69f0-437e-9cd3-2f50b5711e63,Simple Nucleotide Variation,masked_somatic_mutation,Illumina,30769,2022-08-01T16:44:34.569970-05:00,c60c06d173c4a07e6089aa44b9242cc1,2024-07-31T06:28:17.962756-05:00,e2b7b02a-9b6b-43cc-a430-f18b565e8a20,Masked Somatic Mutation,released,WXS,2,35.0 - 46.0,TCGA-LUAD,68030916-3c5f-4867-a505-004827f9b86b,released,a0723267-c2a2-4d20-8398-c50828b6f46d,https://github.com/NCI-GDC/aliquot-maf-cwl/blob/3dd621a8745ee2b91716911604bf3f096337a9b7/ensemble_aliquot_maf/ensemble_aliquot_maf_wf.cwl,Aliquot Ensemble Somatic Variant Merging and Masking,3dd621a8745ee2b91716911604bf3f096337a9b7,
178d9508-7d4d-4e62-b88a-83029c289c15,MAF,"TCGA-78-7149-01A-11D-2036-08,TCGA-78-7149-10A-01D-2036-08",open,32df12e5-0d0e-408e-9ee3-58cbf99e66be.wxs.aliquot_ensemble_masked.maf.gz,bea4d1aa-0451-4818-91fc-03fcacb0fe50,Simple Nucleotide Variation,masked_somatic_mutation,Illumina,49987,2022-08-01T16:52:16.456334-05:00,ea314c57256161fb20427c33eb431953,2024-07-31T06:38:01.787254-05:00,178d9508-7d4d-4e62-b88a-83029c289c15,Masked Somatic Mutation,released,WXS,2,35.0 - 46.0,TCGA-LUAD,9745ee42-bf59-42b7-a7b3-02ef71abbf7a,released,32df12e5-0d0e-408e-9ee3-58cbf99e66be,https://github.com/NCI-GDC/aliquot-maf-cwl/blob/3dd621a8745ee2b91716911604bf3f096337a9b7/ensemble_aliquot_maf/ensemble_aliquot_maf_wf.cwl,Aliquot Ensemble Somatic Variant Merging and Masking,3dd621a8745ee2b91716911604bf3f096337a9b7,
d9ed62be-f357-4a24-b887-b1f4ba5228b4,MAF,"TCGA-L9-A5IP-01A-21D-A397-08,TCGA-L9-A5IP-10A-01D-A39A-08",open,fc9e5a45-f6cb-4615-a29c-10ad705a2382.wxs.aliquot_ensemble_masked.maf.gz,9c7edc0a-0751-4b77-8c39-4520dc53d3a6,Simple Nucleotide Variation,masked_somatic_mutation,Illumina,97810,2022-08-01T16:50:21.879745-05:00,c187feab60890fc66c56b2ea4a691781,2024-07-31T06:35:16.521388-05:00,d9ed62be-f357-4a24-b887-b1f4ba5228b4,Masked Somatic Mutation,released,WXS,2,35.0 - 46.0,TCGA-LUAD,c9f65c7d-4f8e-4719-bfb8-8f6cde16b775,released,fc9e5a45-f6cb-4615-a29c-10ad705a2382,https://github.com/NCI-GDC/aliquot-maf-cwl/blob/3dd621a8745ee2b91716911604bf3f096337a9b7/ensemble_aliquot_maf/ensemble_aliquot_maf_wf.cwl,Aliquot Ensemble Somatic Variant Merging and Masking,3dd621a8745ee2b91716911604bf3f096337a9b7,
70ccbc99-2137-4eb2-8466-dfc50ca0cb00,MAF,"TCGA-05-4426-01A-01D-1265-08,TCGA-05-4426-10A-01D-1265-08",open,11ca7d53-61bd-4567-8e24-0712bf71a43b.wxs.aliquot_ensemble_masked.maf.gz,a9cc237b-88f5-427d-aef5-d440e7013453,Simple Nucleotide Variation,masked_somatic_mutation,Illumina,20284,2022-08-01T16:48:42.595943-05:00,7d58ebe60cb8190e2ff3f7ea1f86acda,2024-07-31T06:25:07.587609-05:00,70ccbc99-2137-4eb2-8466-dfc50ca0cb00,Masked Somatic Mutation,released,WXS,2,35.0 - 46.0,TCGA-LUAD,520b15db-871a-460f-8093-77f37e0abc39,released,11ca7d53-61bd-4567-8e24-0712bf71a43b,https://github.com/NCI-GDC/aliquot-maf-cwl/blob/3dd621a8745ee2b91716911604bf3f096337a9b7/ensemble_aliquot_maf/ensemble_aliquot_maf_wf.cwl,Aliquot Ensemble Somatic Variant Merging and Masking,3dd621a8745ee2b91716911604bf3f096337a9b7,
80f7616d-b100-45a1-92c5-e804690ccbd6,MAF,"TCGA-44-6774-01A-21D-1855-08,TCGA-44-6774-10A-01D-1855-08",open,3fa65836-a88c-474d-b157-31cf78ef340a.wxs.aliquot_ensemble_masked.maf.gz,538c2a2c-3e36-4dd3-8293-c87adcf0d7e8,Simple Nucleotide Variation,masked_somatic_mutation,Illumina,96169,2022-08-01T16:55:42.168321-05:00,5741eab092c25241842f2631e3ed1bfd,2024-07-31T06:38:09.095950-05:00,80f7616d-b100-45a1-92c5-e804690ccbd6,Masked Somatic Mutation,released,WXS,2,35.0 - 46.0,TCGA-LUAD,9693650a-2a20-479c-a56a-ba9f14aa7b07,released,3fa65836-a88c-474d-b157-31cf78ef340a,https://github.com/NCI-GDC/aliquot-maf-cwl/blob/3dd621a8745ee2b91716911604bf3f096337a9b7/ensemble_aliquot_maf/ensemble_aliquot_maf_wf.cwl,Aliquot Ensemble Somatic Variant Merging and Masking,3dd621a8745ee2b91716911604bf3f096337a9b7,
63217e43-6ec7-43d9-9d3b-b1c23869f628,MAF,"TCGA-17-Z056-01A-01W-0747-08,TCGA-17-Z056-11A-01W-0747-08",open,0e9f0ac9-9a24-4ab2-ad53-b6243e8e9d8e.wxs.aliquot_ensemble_masked.maf.gz,3227fc18-3a1b-47d9-9e18-df9d0b2ab744,Simple Nucleotide Variation,masked_somatic_mutation,Illumina,144813,2022-08-01T16:59:12.143289-05:00,4005948b35fc248445fcc414b287aeb9,2024-07-31T06:33:16.605531-05:00,63217e43-6ec7-43d9-9d3b-b1c23869f628,Masked Somatic Mutation,released,WXS,2,35.0 - 46.0,TCGA-LUAD,e1ae8a58-1102-45d2-8f39-0720eb504490,released,0e9f0ac9-9a24-4ab2-ad53-b6243e8e9d8e,https://github.com/NCI-GDC/aliquot-maf-cwl/blob/3dd621a8745ee2b91716911604bf3f096337a9b7/ensemble_aliquot_maf/ensemble_aliquot_maf_wf.cwl,Aliquot Ensemble Somatic Variant Merging and Masking,3dd621a8745ee2b91716911604bf3f096337a9b7,
3d39851c-b7e3-4b8e-a3ea-da1a307eb6fe,MAF,"TCGA-05-4420-01A-01D-1265-08,TCGA-05-4420-10A-01D-1265-08",open,16aa8b2b-9ec5-4a55-8c41-45245a48e055.wxs.aliquot_ensemble_masked.maf.gz,597490c2-b885-4b24-a5be-6764574b046d,Simple Nucleotide Variation,masked_somatic_mutation,Illumina,100668,2022-08-01T16:44:12.859150-05:00,72c8dae211db7e569a74f8d3ff23f9eb,2024-07-31T06:29:59.433931-05:00,3d39851c-b7e3-4b8e-a3ea-da1a307eb6fe,Masked Somatic Mutation,released,WXS,2,35.0 - 46.0,TCGA-LUAD,ffa159c4-395a-41a9-b16f-ff3d98b0bfc2,released,16aa8b2b-9ec5-4a55-8c41-45245a48e055,https://github.com/NCI-GDC/aliquot-maf-cwl/blob/3dd621a8745ee2b91716911604bf3f096337a9b7/ensemble_aliquot_maf/ensemble_aliquot_maf_wf.cwl,Aliquot Ensemble Somatic Variant Merging and Masking,3dd621a8745ee2b91716911604bf3f096337a9b7,
2e9b12d1-3446-400a-ba0e-4491167c75a9,MAF,"TCGA-93-A4JO-01A-21D-A24P-08,TCGA-93-A4JO-10A-01D-A24P-08",open,f67a0e57-d1da-429d-a65a-7ddf226727ca.wxs.aliquot_ensemble_masked.maf.gz,73677b0b-403d-4fba-a107-2537344b6e8a,Simple Nucleotide Variation,masked_somatic_mutation,Illumina,21159,2022-08-01T16:42:00.297910-05:00,27a9a3d71c3a555570d56b7755e95e0c,2024-07-31T06:32:37.494513-05:00,2e9b12d1-3446-400a-ba0e-4491167c75a9,Masked Somatic Mutation,released,WXS,2,35.0 - 46.0,TCGA-LUAD,21787910-fcce-4537-938a-b3697ae3968b,released,f67a0e57-d1da-429d-a65a-7ddf226727ca,https://github.com/NCI-GDC/aliquot-maf-cwl/blob/3dd621a8745ee2b91716911604bf3f096337a9b7/ensemble_aliquot_maf/ensemble_aliquot_maf_wf.cwl,Aliquot Ensemble Somatic Variant Merging and Masking,3dd621a8745ee2b91716911604bf3f096337a9b7,
a3b204a6-1be9-457b-826d-e5ee282829d8,MAF,"TCGA-69-7974-01A-11D-2184-08,TCGA-69-7974-10A-01D-2184-08",open,37c8101a-899f-401e-9d7d-3269e3658254.wxs.aliquot_ensemble_masked.maf.gz,87e19153-6edb-4d14-b7e5-1dbc9fbd6edf,Simple Nucleotide Variation,masked_somatic_mutation,Illumina,173153,2022-08-01T16:45:06.302331-05:00,06cd98a4faf1319897fe830915ae06c2,2024-07-31T06:26:48.481897-05:00,a3b204a6-1be9-457b-826d-e5ee282829d8,Masked Somatic Mutation,released,WXS,2,35.0 - 46.0,TCGA-LUAD,325be2fe-dca8-4daf-96d0-2169b2b76680,released,37c8101a-899f-401e-9d7d-3269e3658254,https://github.com/NCI-GDC/aliquot-maf-cwl/blob/3dd621a8745ee2b91716911604bf3f096337a9b7/ensemble_aliquot_maf/ensemble_aliquot_maf_wf.cwl,Aliquot Ensemble Somatic Variant Merging and Masking,3dd621a8745ee2b91716911604bf3f096337a9b7,
f1bb87b4-6856-4c85-801d-7faa0de441fd,MAF,"TCGA-44-6775-01A-21D-A27T-08,TCGA-44-6775-10A-01D-1855-08",open,110338c2-7ea1-490f-b8ea-a2d33c61d5a8.wxs.aliquot_ensemble_masked.maf.gz,cded33b6-5e27-4fe4-8911-4d70d98619be,Simple Nucleotide Variation,masked_somatic_mutation,Illumina,24918,2022-08-01T16:53:46.152328-05:00,feb20a45dc71f3dc3ea71ea3630f1bef,2024-07-31T06:37:57.777529-05:00,f1bb87b4-6856-4c85-801d-7faa0de441fd,Masked Somatic Mutation,released,WXS,2,35.0 - 46.0,TCGA-LUAD,0bf8b627-df19-4c4b-ab16-3c3b2f1ed956,released,110338c2-7ea1-490f-b8ea-a2d33c61d5a8,https://github.com/NCI-GDC/aliquot-maf-cwl/blob/3dd621a8745ee2b91716911604bf3f096337a9b7/ensemble_aliquot_maf/ensemble_aliquot_maf_wf.cwl,Aliquot Ensemble Somatic Variant Merging and Masking,3dd621a8745ee2b91716911604bf3f096337a9b7,
b22cb1a6-e0f7-46b2-8067-e9117e5004d4,MAF,"TCGA-62-8402-01A-11D-2323-08,TCGA-62-8402-10A-01D-2323-08",open,aa64d00a-b405-4526-a033-bd308fe79c5b.wxs.aliquot_ensemble_masked.maf.gz,3ea56145-abd5-45b8-9427-1d05ad2d4caa,Simple Nucleotide Variation,masked_somatic_mutation,Illumina,23788,2022-08-01T17:04:43.527614-05:00,2e16849d524db2dcae7f08b2f5211964,2024-07-31T06:38:50.298126-05:00,b22cb1a6-e0f7-46b2-8067-e9117e5004d4,Masked Somatic Mutation,released,WXS,2,35.0 - 46.0,TCGA-LUAD,c8c56c81-983a-46ff-9a8f-755b98ef62c3,released,aa64d00a-b405-4526-a033-bd308fe79c5b,https://github.com/NCI-GDC/aliquot-maf-cwl/blob/3dd621a8745ee2b91716911604bf3f096337a9b7/ensemble_aliquot_maf/ensemble_aliquot_maf_wf.cwl,Aliquot Ensemble Somatic Variant Merging and Masking,3dd621a8745ee2b91716911604bf3f096337a9b7,
3fb68ca8-029f-4d74-802b-879fddbd17a3,MAF,"TCGA-17-Z016-01A-01W-0746-08,TCGA-17-Z016-11A-01W-0746-08",open,d89cef34-ac28-4a20-ba80-13a831b1a1e5.wxs.aliquot_ensemble_masked.maf.gz,cab6c829-5f29-4cb9-a0d1-b68be358eee8,Simple Nucleotide Variation,masked_somatic_mutation,Illumina,100341,2022-08-01T16:57:25.876599-05:00,df761408be87f6cca8d3f45d2009fdd4,2024-07-31T06:32:23.666848-05:00,3fb68ca8-029f-4d74-802b-879fddbd17a3,Masked Somatic Mutation,released,WXS,2,35.0 - 46.0,TCGA-LUAD,3f75501d-988c-47c0-862f-eb718cc1914a,released,d89cef34-ac28-4a20-ba80-13a831b1a1e5,https://github.com/NCI-GDC/aliquot-maf-cwl/blob/3dd621a8745ee2b91716911604bf3f096337a9b7/ensemble_aliquot_maf/ensemble_aliquot_maf_wf.cwl,Aliquot Ensemble Somatic Variant Merging and Masking,3dd621a8745ee2b91716911604bf3f096337a9b7,
0ab3b1d5-6990-4918-9cfb-77e3a749d199,MAF,"TCGA-86-A4D0-01A-11D-A24D-08,TCGA-86-A4D0-10A-01D-A24F-08",open,93ebfbac-d457-41f8-9fa1-1b65c4589fc8.wxs.aliquot_ensemble_masked.maf.gz,6a9c9e81-35d8-44f2-8151-029de1e7e6df,Simple Nucleotide Variation,masked_somatic_mutation,Illumina,88604,2022-08-01T16:43:14.045413-05:00,85da1c4a5b3a54ad8c0d3f93b7cedbbe,2024-07-31T06:34:17.567496-05:00,0ab3b1d5-6990-4918-9cfb-77e3a749d199,Masked Somatic Mutation,released,WXS,2,35.0 - 46.0,TCGA-LUAD,104eee29-0cf2-43c9-a951-fb9c23171f0d,released,93ebfbac-d457-41f8-9fa1-1b65c4589fc8,https://github.com/NCI-GDC/aliquot-maf-cwl/blob/3dd621a8745ee2b91716911604bf3f096337a9b7/ensemble_aliquot_maf/ensemble_aliquot_maf_wf.cwl,Aliquot Ensemble Somatic Variant Merging and Masking,3dd621a8745ee2b91716911604bf3f096337a9b7,
795d8614-476a-4404-8262-90002c19941c,MAF,"TCGA-71-6725-01A-11D-1855-08,TCGA-71-6725-10A-01D-1855-08",open,f79d17cb-b7b3-453e-b4ca-92cd9197db02.wxs.aliquot_ensemble_masked.maf.gz,07868898-1022-4bb3-897c-8038ec13a360,Simple Nucleotide Variation,masked_somatic_mutation,Illumina,25984,2022-08-01T16:39:37.623930-05:00,81f1ddf4eb2a9c44192601f2a9f60d21,2024-07-31T06:25:37.930178-05:00,795d8614-476a-4404-8262-90002c19941c,Masked Somatic Mutation,released,WXS,2,35.0 - 46.0,TCGA-LUAD,0b12e996-087e-4316-8309-33b69891bf1c,released,f79d17cb-b7b3-453e-b4ca-92cd9197db02,https://github.com/NCI-GDC/aliquot-maf-cwl/blob/3dd621a8745ee2b91716911604bf3f096337a9b7/ensemble_aliquot_maf/ensemble_aliquot_maf_wf.cwl,Aliquot Ensemble Somatic Variant Merging and Masking,3dd621a8745ee2b91716911604bf3f096337a9b7,
035231ec-5900-4d97-a10f-e39bd2c932fc,MAF,"TCGA-55-8092-01A-11D-2238-08,TCGA-55-8092-10A-01D-2238-08",open,514d32f1-f689-47bc-b748-2a831cc21d37.wxs.aliquot_ensemble_masked.maf.gz,385de62c-29c0-40d0-971e-1260bf5b9690,Simple Nucleotide Variation,masked_somatic_mutation,Illumina,194264,2022-08-01T16:46:56.703214-05:00,e3ef5e1108840829c941d58a2727fbd0,2024-07-31T06:26:19.892315-05:00,035231ec-5900-4d97-a10f-e39bd2c932fc,Masked Somatic Mutation,released,WXS,2,35.0 - 46.0,TCGA-LUAD,fd00c8f3-80be-4f34-8a99-b76296174da6,released,514d32f1-f689-47bc-b748-2a831cc21d37,https://github.com/NCI-GDC/aliquot-maf-cwl/blob/3dd621a8745ee2b91716911604bf3f096337a9b7/ensemble_aliquot_maf/ensemble_aliquot_maf_wf.cwl,Aliquot Ensemble Somatic Variant Merging and Masking,3dd621a8745ee2b91716911604bf3f096337a9b7,
b83cff33-e595-4835-8e5f-f03cc0713016,MAF,"TCGA-73-4666-01A-01D-1265-08,TCGA-73-4666-11A-01D-1265-08",open,91bc73cd-f60f-4723-9aed-c7043e2ba529.wxs.aliquot_ensemble_masked.maf.gz,da51adf5-852f-47a9-9478-fd739a23ca1b,Simple Nucleotide Variation,masked_somatic_mutation,Illumina,129189,2022-08-01T17:03:21.855384-05:00,10900d8a1bc05b29c06da89dbfc2fa4c,2024-07-31T06:33:42.095052-05:00,b83cff33-e595-4835-8e5f-f03cc0713016,Masked Somatic Mutation,released,WXS,2,35.0 - 46.0,TCGA-LUAD,7ae99810-2798-4a41-bc15-a744023633ee,released,91bc73cd-f60f-4723-9aed-c7043e2ba529,https://github.com/NCI-GDC/aliquot-maf-cwl/blob/3dd621a8745ee2b91716911604bf3f096337a9b7/ensemble_aliquot_maf/ensemble_aliquot_maf_wf.cwl,Aliquot Ensemble Somatic Variant Merging and Masking,3dd621a8745ee2b91716911604bf3f096337a9b7,
5dc8cf06-98c7-4552-b64d-80304abc70de,MAF,"TCGA-78-7158-01A-11D-2036-08,TCGA-78-7158-10A-01D-2036-08",open,563682fe-a266-4e32-85cd-1c785856892f.wxs.aliquot_ensemble_masked.maf.gz,8f80840c-ed12-4347-9102-6d62888e6ab6,Simple Nucleotide Variation,masked_somatic_mutation,Illumina,82303,2022-08-01T16:52:44.135513-05:00,12c955223067b43578626c457dd26428,2024-07-31T06:31:17.581838-05:00,5dc8cf06-98c7-4552-b64d-80304abc70de,Masked Somatic Mutation,released,WXS,2,35.0 - 46.0,TCGA-LUAD,4e82b451-c408-4c6d-9975-28b9a98b3ac7,released,563682fe-a266-4e32-85cd-1c785856892f,https://github.com/NCI-GDC/aliquot-maf-cwl/blob/3dd621a8745ee2b91716911604bf3f096337a9b7/ensemble_aliquot_maf/ensemble_aliquot_maf_wf.cwl,Aliquot Ensemble Somatic Variant Merging and Masking,3dd621a8745ee2b91716911604bf3f096337a9b7,
5405e8df-5f13-4c92-bdcc-d7a7a81c3911,MAF,"TCGA-49-6761-01A-31D-1945-08,TCGA-49-6761-11A-01D-1945-08",open,49148ac1-b4d7-45f2-a6ff-46cf3fd82c5b.wxs.aliquot_ensemble_masked.maf.gz,aaf1a6c9-b952-4d51-bf78-06b65e415307,Simple Nucleotide Variation,masked_somatic_mutation,Illumina,62736,2022-08-01T16:41:08.470642-05:00,dbd557981ea6a3605bb294f552f8f1b1,2024-07-31T06:33:23.551356-05:00,5405e8df-5f13-4c92-bdcc-d7a7a81c3911,Masked Somatic Mutation,released,WXS,2,35.0 - 46.0,TCGA-LUAD,25165e59-b2b4-4bbd-8562-a70c5c89f575,released,49148ac1-b4d7-45f2-a6ff-46cf3fd82c5b,https://github.com/NCI-GDC/aliquot-maf-cwl/blob/3dd621a8745ee2b91716911604bf3f096337a9b7/ensemble_aliquot_maf/ensemble_aliquot_maf_wf.cwl,Aliquot Ensemble Somatic Variant Merging and Masking,3dd621a8745ee2b91716911604bf3f096337a9b7,
a37b6c13-f8e1-4cfb-916d-72eb2d117c03,MAF,"TCGA-62-A46Y-01A-11D-A24D-08,TCGA-62-A46Y-10A-01D-A24F-08",open,18ec59c0-c051-4c4d-8829-d978f1242741.wxs.aliquot_ensemble_masked.maf.gz,79705497-fc71-48ca-ac22-c6379f0135fa,Simple Nucleotide Variation,masked_somatic_mutation,Illumina,15591,2022-08-01T17:02:05.146458-05:00,b278c9af3b8d42c373367bdf1464c40f,2024-07-31T06:32:25.112954-05:00,a37b6c13-f8e1-4cfb-916d-72eb2d117c03,Masked Somatic Mutation,released,WXS,2,35.0 - 46.0,TCGA-LUAD,ba24965d-3d6c-41d3-ada7-99e0fabe021e,released,18ec59c0-c051-4c4d-8829-d978f1242741,https://github.com/NCI-GDC/aliquot-maf-cwl/blob/3dd621a8745ee2b91716911604bf3f096337a9b7/ensemble_aliquot_maf/ensemble_aliquot_maf_wf.cwl,Aliquot Ensemble Somatic Variant Merging and Masking,3dd621a8745ee2b91716911604bf3f096337a9b7,
6194e7af-11f6-4a25-85f3-bc98be3a7e14,MAF,"TCGA-17-Z020-01A-01W-0746-08,TCGA-17-Z020-11A-01W-0746-08",open,6268811e-1d3c-433b-93c2-88ec69f3b499.wxs.aliquot_ensemble_masked.maf.gz,420a31ff-d375-4459-9f0e-31ae66c1318a,Simple Nucleotide Variation,masked_somatic_mutation,Illumina,43609,2022-08-01T16:38:32.730812-05:00,c87149a1e5edfe0d819f82006b68d28e,2024-07-31T06:31:27.536487-05:00,6194e7af-11f6-4a25-85f3-bc98be3a7e14,Masked Somatic Mutation,released,WXS,2,35.0 - 46.0,TCGA-LUAD,478fde6d-c7a7-438f-b9e0-daf7a5d0d3bc,released,6268811e-1d3c-433b-93c2-88ec69f3b499,https://github.com/NCI-GDC/aliquot-maf-cwl/blob/3dd621a8745ee2b91716911604bf3f096337a9b7/ensemble_aliquot_maf/ensemble_aliquot_maf_wf.cwl,Aliquot Ensemble Somatic Variant Merging and Masking,3dd621a8745ee2b91716911604bf3f096337a9b7,
740953ea-eeb5-4052-9385-28527d26fc4e,MAF,"TCGA-49-4486-01A-01D-1265-08,TCGA-49-4486-11A-01D-1265-08",open,aad956cb-4fda-4148-abdc-23f0a65b3db5.wxs.aliquot_ensemble_masked.maf.gz,5c4a610e-9602-4688-a1f1-bd31fcadc5a8,Simple Nucleotide Variation,masked_somatic_mutation,Illumina,51829,2022-08-01T16:56:00.550384-05:00,4fc5fe14cd40a549ce549b92ddc2e270,2024-07-31T06:38:10.479279-05:00,740953ea-eeb5-4052-9385-28527d26fc4e,Masked Somatic Mutation,released,WXS,2,35.0 - 46.0,TCGA-LUAD,d24049bf-93f0-488f-8416-de7a13e1a4ee,released,aad956cb-4fda-4148-abdc-23f0a65b3db5,https://github.com/NCI-GDC/aliquot-maf-cwl/blob/3dd621a8745ee2b91716911604bf3f096337a9b7/ensemble_aliquot_maf/ensemble_aliquot_maf_wf.cwl,Aliquot Ensemble Somatic Variant Merging and Masking,3dd621a8745ee2b91716911604bf3f096337a9b7,
32f5e290-97c3-4945-9eb5-2448aaebd9c0,MAF,"TCGA-55-8514-01A-11D-2393-08,TCGA-55-8514-10A-01D-2393-08",open,b3cd692a-a45a-4c6e-8b4d-f753e057fe92.wxs.aliquot_ensemble_masked.maf.gz,b24fa338-1080-4737-bc37-2d06beb762eb,Simple Nucleotide Variation,masked_somatic_mutation,Illumina,98779,2022-08-01T16:58:08.498081-05:00,e431c2ec35120ba1336ee46f57783d1e,2024-07-31T06:36:15.239260-05:00,32f5e290-97c3-4945-9eb5-2448aaebd9c0,Masked Somatic Mutation,released,WXS,2,35.0 - 46.0,TCGA-LUAD,569f7244-46ad-4f41-adcf-d2e0a808d009,released,b3cd692a-a45a-4c6e-8b4d-f753e057fe92,https://github.com/NCI-GDC/aliquot-maf-cwl/blob/3dd621a8745ee2b91716911604bf3f096337a9b7/ensemble_aliquot_maf/ensemble_aliquot_maf_wf.cwl,Aliquot Ensemble Somatic Variant Merging and Masking,3dd621a8745ee2b91716911604bf3f096337a9b7,
3d6ba830-9507-4f57-b549-171e1b7019be,MAF,"TCGA-44-3919-01A-02D-1458-08,TCGA-44-3919-10A-01D-1458-08",open,332e9129-de4d-4556-aed5-6d933a6f01a0.wxs.aliquot_ensemble_masked.maf.gz,2a477bf8-2b2a-428b-9832-ef230591c0db,Simple Nucleotide Variation,masked_somatic_mutation,Illumina,17202,2022-08-01T16:38:40.270689-05:00,1e251cb41d4775e095d51c3e6d8b567f,2024-07-31T06:31:12.191942-05:00,3d6ba830-9507-4f57-b549-171e1b7019be,Masked Somatic Mutation,released,WXS,2,35.0 - 46.0,TCGA-LUAD,b22a1d5a-4035-4369-b34d-0527823758c1,released,332e9129-de4d-4556-aed5-6d933a6f01a0,https://github.com/NCI-GDC/aliquot-maf-cwl/blob/3dd621a8745ee2b91716911604bf3f096337a9b7/ensemble_aliquot_maf/ensemble_aliquot_maf_wf.cwl,Aliquot Ensemble Somatic Variant Merging and Masking,3dd621a8745ee2b91716911604bf3f096337a9b7,
b54e06a8-fda6-4b84-bc02-b05c3c21b27c,MAF,"TCGA-44-6778-01A-11D-1855-08,TCGA-44-6778-10A-01D-1855-08",open,20f884c7-1ac3-426a-8a51-aa3988bbde02.wxs.aliquot_ensemble_masked.maf.gz,70e2a742-3edb-44a8-bfa6-22e7c80d452b,Simple Nucleotide Variation,masked_somatic_mutation,Illumina,126658,2022-08-01T16:57:59.104451-05:00,787012cac71d0fae8989999e31aaa2a5,2024-07-31T06:31:46.660676-05:00,b54e06a8-fda6-4b84-bc02-b05c3c21b27c,Masked Somatic Mutation,released,WXS,2,35.0 - 46.0,TCGA-LUAD,2829668f-60f7-4843-881a-d9540885b1da,released,20f884c7-1ac3-426a-8a51-aa3988bbde02,https://github.com/NCI-GDC/aliquot-maf-cwl/blob/3dd621a8745ee2b91716911604bf3f096337a9b7/ensemble_aliquot_maf/ensemble_aliquot_maf_wf.cwl,Aliquot Ensemble Somatic Variant Merging and Masking,3dd621a8745ee2b91716911604bf3f096337a9b7,
b635cad7-32d0-497b-bb81-99beff246299,MAF,"TCGA-44-3919-01A-02D-1105-08,TCGA-44-3919-10A-01D-1458-08",open,e44aa3c5-c177-4499-8b95-3c5c6db4e780.wxs.aliquot_ensemble_masked.maf.gz,1b6ac13d-1511-4aea-b6f9-51c246a35eb1,Simple Nucleotide Variation,masked_somatic_mutation,Illumina,14916,2022-08-01T16:38:35.483014-05:00,673d04cec5e5452fd1ad15a7ce5f6721,2024-07-31T06:26:59.103386-05:00,b635cad7-32d0-497b-bb81-99beff246299,Masked Somatic Mutation,released,WXS,2,35.0 - 46.0,TCGA-LUAD,634314d4-da42-478d-affa-3872ddadcda1,released,e44aa3c5-c177-4499-8b95-3c5c6db4e780,https://github.com/NCI-GDC/aliquot-maf-cwl/blob/3dd621a8745ee2b91716911604bf3f096337a9b7/ensemble_aliquot_maf/ensemble_aliquot_maf_wf.cwl,Aliquot Ensemble Somatic Variant Merging and Masking,3dd621a8745ee2b91716911604bf3f096337a9b7,
63b1b642-8519-454d-b81b-5a2ce519e96b,MAF,"TCGA-50-6595-01A-12D-1855-08,TCGA-50-6595-11A-01D-1855-08",open,3402b3fd-ce3d-4f5c-9fcd-c5670efacf4c.wxs.aliquot_ensemble_masked.maf.gz,2b74164c-1caa-458b-94ec-d51483ff7767,Simple Nucleotide Variation,masked_somatic_mutation,Illumina,31417,2022-08-01T16:46:34.372764-05:00,25a7b457cb99fcfb1edccf4b30f6524a,2024-07-31T06:29:04.388726-05:00,63b1b642-8519-454d-b81b-5a2ce519e96b,Masked Somatic Mutation,released,WXS,2,35.0 - 46.0,TCGA-LUAD,585b4507-2638-40db-aff0-cfb96566fd47,released,3402b3fd-ce3d-4f5c-9fcd-c5670efacf4c,https://github.com/NCI-GDC/aliquot-maf-cwl/blob/3dd621a8745ee2b91716911604bf3f096337a9b7/ensemble_aliquot_maf/ensemble_aliquot_maf_wf.cwl,Aliquot Ensemble Somatic Variant Merging and Masking,3dd621a8745ee2b91716911604bf3f096337a9b7,
ca1dcdf4-abd7-4052-9a7e-17f6cf09bff9,MAF,"TCGA-55-6968-01A-11D-1945-08,TCGA-55-6968-11A-01D-1945-08",open,6ccfb07e-ba1b-49c3-81a7-cfcd220afcb1.wxs.aliquot_ensemble_masked.maf.gz,32053139-b57e-47d4-ae72-bff55a47a483,Simple Nucleotide Variation,masked_somatic_mutation,Illumina,172711,2022-08-01T16:53:39.481885-05:00,f2e5e1ef1bb72895734f4ce0a8fcdf0e,2024-07-31T06:27:18.508166-05:00,ca1dcdf4-abd7-4052-9a7e-17f6cf09bff9,Masked Somatic Mutation,released,WXS,2,35.0 - 46.0,TCGA-LUAD,6787161b-0113-415c-bc10-272f36f5055e,released,6ccfb07e-ba1b-49c3-81a7-cfcd220afcb1,https://github.com/NCI-GDC/aliquot-maf-cwl/blob/3dd621a8745ee2b91716911604bf3f096337a9b7/ensemble_aliquot_maf/ensemble_aliquot_maf_wf.cwl,Aliquot Ensemble Somatic Variant Merging and Masking,3dd621a8745ee2b91716911604bf3f096337a9b7,
fcf33ad4-4fb7-4b0b-ad48-b195a9e5181f,MAF,"TCGA-44-8120-01A-11D-2238-08,TCGA-44-8120-10A-01D-2238-08",open,8ed57f1a-714d-480e-820f-ed34c701e1bf.wxs.aliquot_ensemble_masked.maf.gz,89301623-a6f1-416c-8725-a36f3ac259c8,Simple Nucleotide Variation,masked_somatic_mutation,Illumina,198839,2022-08-01T16:38:09.268683-05:00,ba867078df3907b79484c9dbd8787efa,2024-07-31T06:28:09.605561-05:00,fcf33ad4-4fb7-4b0b-ad48-b195a9e5181f,Masked Somatic Mutation,released,WXS,2,35.0 - 46.0,TCGA-LUAD,0ffebcee-0696-4d06-ae49-8a1102f0ba6f,released,8ed57f1a-714d-480e-820f-ed34c701e1bf,https://github.com/NCI-GDC/aliquot-maf-cwl/blob/3dd621a8745ee2b91716911604bf3f096337a9b7/ensemble_aliquot_maf/ensemble_aliquot_maf_wf.cwl,Aliquot Ensemble Somatic Variant Merging and Masking,3dd621a8745ee2b91716911604bf3f096337a9b7,
7a9a448f-2d94-48b1-8454-b0cd2cc09fe9,MAF,"TCGA-17-Z028-01A-01W-0746-08,TCGA-17-Z028-11A-01W-0746-08",open,10fb3ac7-3630-4738-b7d3-373e7be06037.wxs.aliquot_ensemble_masked.maf.gz,319daec6-5d99-46b7-9b03-703ec590a36c,Simple Nucleotide Variation,masked_somatic_mutation,Illumina,152697,2022-08-01T17:04:14.026312-05:00,5186e7ffc6066cef7614ff21c174ea4d,2024-07-31T06:30:31.473116-05:00,7a9a448f-2d94-48b1-8454-b0cd2cc09fe9,Masked Somatic Mutation,released,WXS,2,35.0 - 46.0,TCGA-LUAD,777c6581-b065-4e4a-bcf2-dcae1cc78f88,released,10fb3ac7-3630-4738-b7d3-373e7be06037,https://github.com/NCI-GDC/aliquot-maf-cwl/blob/3dd621a8745ee2b91716911604bf3f096337a9b7/ensemble_aliquot_maf/ensemble_aliquot_maf_wf.cwl,Aliquot Ensemble Somatic Variant Merging and Masking,3dd621a8745ee2b91716911604bf3f096337a9b7,
b1234497-2a27-46d5-b030-d12748185c4a,MAF,"TCGA-97-8174-01A-11D-2284-08,TCGA-97-8174-10A-01D-2284-08",open,4658d37a-466c-40c5-a8a9-3ca0996b6dc6.wxs.aliquot_ensemble_masked.maf.gz,291c2add-2ead-457c-883f-bce99075a5ff,Simple Nucleotide Variation,masked_somatic_mutation,Illumina,56613,2022-08-01T17:05:13.238531-05:00,532f13fb32788d10fe348a6178793946,2024-07-31T06:34:20.322233-05:00,b1234497-2a27-46d5-b030-d12748185c4a,Masked Somatic Mutation,released,WXS,2,35.0 - 46.0,TCGA-LUAD,60ed43be-0d9f-4401-a01d-3553c943194b,released,4658d37a-466c-40c5-a8a9-3ca0996b6dc6,https://github.com/NCI-GDC/aliquot-maf-cwl/blob/3dd621a8745ee2b91716911604bf3f096337a9b7/ensemble_aliquot_maf/ensemble_aliquot_maf_wf.cwl,Aliquot Ensemble Somatic Variant Merging and Masking,3dd621a8745ee2b91716911604bf3f096337a9b7,
b46d0c18-28dc-42fc-a599-04cfc4ac247a,MAF,"TCGA-91-6828-01A-11D-1855-08,TCGA-91-6828-10A-01D-1855-08",open,c879bb59-2ee5-416b-ae16-95e8efd30d34.wxs.aliquot_ensemble_masked.maf.gz,ef87b1c7-ecc2-4eff-a9ed-0e8fe2912da9,Simple Nucleotide Variation,masked_somatic_mutation,Illumina,98996,2022-08-01T16:48:29.555699-05:00,35ae6672295cdd9951e02f301ac6cec5,2024-07-31T06:37:07.145971-05:00,b46d0c18-28dc-42fc-a599-04cfc4ac247a,Masked Somatic Mutation,released,WXS,2,35.0 - 46.0,TCGA-LUAD,b818a594-7241-4132-a0aa-2eb278c53ea5,released,c879bb59-2ee5-416b-ae16-95e8efd30d34,https://github.com/NCI-GDC/aliquot-maf-cwl/blob/3dd621a8745ee2b91716911604bf3f096337a9b7/ensemble_aliquot_maf/ensemble_aliquot_maf_wf.cwl,Aliquot Ensemble Somatic Variant Merging and Masking,3dd621a8745ee2b91716911604bf3f096337a9b7,
68d530f4-0421-44fa-bf5b-6140a19d35a6,MAF,"TCGA-49-AAQV-01A-11D-A397-08,TCGA-49-AAQV-11A-11D-A39A-08",open,ca188462-1ecc-4a87-9897-680ac7ce193f.wxs.aliquot_ensemble_masked.maf.gz,85aae4bb-011e-435c-b15f-7a3af0ddf5b9,Simple Nucleotide Variation,masked_somatic_mutation,Illumina,24461,2022-08-01T17:03:07.078865-05:00,575b1ef0fba838bdf98549831f5e8932,2024-07-31T06:30:49.101700-05:00,68d530f4-0421-44fa-bf5b-6140a19d35a6,Masked Somatic Mutation,released,WXS,2,35.0 - 46.0,TCGA-LUAD,be55cf54-773a-4e2b-a4b2-cf1ee03b8e61,released,ca188462-1ecc-4a87-9897-680ac7ce193f,https://github.com/NCI-GDC/aliquot-maf-cwl/blob/3dd621a8745ee2b91716911604bf3f096337a9b7/ensemble_aliquot_maf/ensemble_aliquot_maf_wf.cwl,Aliquot Ensemble Somatic Variant Merging and Masking,3dd621a8745ee2b91716911604bf3f096337a9b7,
59e1b937-0c64-4550-9cd6-5c2af40e85bc,MAF,"TCGA-75-6205-01A-11D-1753-08,TCGA-75-6205-10A-01D-1753-08",open,13342a45-cc05-4876-99a0-2b70116535c0.wxs.aliquot_ensemble_masked.maf.gz,366205ea-c103-405b-953c-b9eb855ce644,Simple Nucleotide Variation,masked_somatic_mutation,Illumina,16619,2022-08-01T16:43:04.268202-05:00,cdcd40690c1d7f66b8b627ab367a81b6,2024-07-31T06:25:45.718272-05:00,59e1b937-0c64-4550-9cd6-5c2af40e85bc,Masked Somatic Mutation,released,WXS,2,35.0 - 46.0,TCGA-LUAD,36ef67f1-8d0c-447d-8560-301128c204de,released,13342a45-cc05-4876-99a0-2b70116535c0,https://github.com/NCI-GDC/aliquot-maf-cwl/blob/3dd621a8745ee2b91716911604bf3f096337a9b7/ensemble_aliquot_maf/ensemble_aliquot_maf_wf.cwl,Aliquot Ensemble Somatic Variant Merging and Masking,3dd621a8745ee2b91716911604bf3f096337a9b7,
e1a1d03d-5947-4489-81a5-ac3ddfc18fe0,MAF,"TCGA-55-8510-01A-11D-2393-08,TCGA-55-8510-10A-01D-2393-08",open,4f60cd9d-87fc-421e-aa75-7effba2fadef.wxs.aliquot_ensemble_masked.maf.gz,91b61135-b276-45a0-b7e8-16fe5b1fb8f0,Simple Nucleotide Variation,masked_somatic_mutation,Illumina,104523,2022-08-01T17:04:18.090096-05:00,81f3752ebb86293933ee250dba53c77a,2024-07-31T06:30:16.522206-05:00,e1a1d03d-5947-4489-81a5-ac3ddfc18fe0,Masked Somatic Mutation,released,WXS,2,35.0 - 46.0,TCGA-LUAD,c86ad9cf-d743-4152-a871-bc874690bc8e,released,4f60cd9d-87fc-421e-aa75-7effba2fadef,https://github.com/NCI-GDC/aliquot-maf-cwl/blob/3dd621a8745ee2b91716911604bf3f096337a9b7/ensemble_aliquot_maf/ensemble_aliquot_maf_wf.cwl,Aliquot Ensemble Somatic Variant Merging and Masking,3dd621a8745ee2b91716911604bf3f096337a9b7,
c8cfc1c7-eba1-44d1-824e-a64c61d071b5,MAF,"TCGA-50-8459-01A-11D-2323-08,TCGA-50-8459-10A-01D-2323-08",open,6af1bbd2-79d9-4a1f-b527-ef6d0177e37c.wxs.aliquot_ensemble_masked.maf.gz,b0f0bb22-d21f-4167-b46a-6bb74f1a9dd3,Simple Nucleotide Variation,masked_somatic_mutation,Illumina,31728,2022-08-01T17:04:25.471331-05:00,ffe281081da389041c627f9e2317832b,2024-07-31T06:38:52.965805-05:00,c8cfc1c7-eba1-44d1-824e-a64c61d071b5,Masked Somatic Mutation,released,WXS,2,35.0 - 46.0,TCGA-LUAD,0311c63b-0f95-4b07-b9b2-2c9d811da5f0,released,6af1bbd2-79d9-4a1f-b527-ef6d0177e37c,https://github.com/NCI-GDC/aliquot-maf-cwl/blob/3dd621a8745ee2b91716911604bf3f096337a9b7/ensemble_aliquot_maf/ensemble_aliquot_maf_wf.cwl,Aliquot Ensemble Somatic Variant Merging and Masking,3dd621a8745ee2b91716911604bf3f096337a9b7,
c353ee74-c8e3-4984-974c-0cf3b8e59c3c,MAF,"TCGA-49-AARN-01A-21D-A410-08,TCGA-49-AARN-11A-11D-A413-08",open,7ece21e7-6197-41b3-8152-cc388dfe2ed9.wxs.aliquot_ensemble_masked.maf.gz,daaee23a-f90b-4273-915c-17d85e8f0786,Simple Nucleotide Variation,masked_somatic_mutation,Illumina,249451,2022-08-01T17:02:16.936103-05:00,83ea3c23ef1b4ad22945812bf6222c0d,2024-07-31T06:27:30.028929-05:00,c353ee74-c8e3-4984-974c-0cf3b8e59c3c,Masked Somatic Mutation,released,WXS,2,35.0 - 46.0,TCGA-LUAD,915e3827-af42-4eaa-8603-96e6784008ec,released,7ece21e7-6197-41b3-8152-cc388dfe2ed9,https://github.com/NCI-GDC/aliquot-maf-cwl/blob/3dd621a8745ee2b91716911604bf3f096337a9b7/ensemble_aliquot_maf/ensemble_aliquot_maf_wf.cwl,Aliquot Ensemble Somatic Variant Merging and Masking,3dd621a8745ee2b91716911604bf3f096337a9b7,
835e9665-96ad-4f39-91cd-f996d122bf6a,MAF,"TCGA-17-Z015-01A-01W-0746-08,TCGA-17-Z015-11A-01W-0746-08",open,b84c03bf-8875-4810-afc9-efb787e1d277.wxs.aliquot_ensemble_masked.maf.gz,b0ada98c-4162-4448-96f2-75cedf20dba6,Simple Nucleotide Variation,masked_somatic_mutation,Illumina,163059,2022-08-01T16:48:53.867641-05:00,a974ff6cdf6f321fc443c9576935c6ca,2024-07-31T06:31:10.735240-05:00,835e9665-96ad-4f39-91cd-f996d122bf6a,Masked Somatic Mutation,released,WXS,2,35.0 - 46.0,TCGA-LUAD,7bf54a34-4d97-4da5-9558-16c89c171a95,released,b84c03bf-8875-4810-afc9-efb787e1d277,https://github.com/NCI-GDC/aliquot-maf-cwl/blob/3dd621a8745ee2b91716911604bf3f096337a9b7/ensemble_aliquot_maf/ensemble_aliquot_maf_wf.cwl,Aliquot Ensemble Somatic Variant Merging and Masking,3dd621a8745ee2b91716911604bf3f096337a9b7,
486638dd-8f27-41f1-b922-a8af2521204c,MAF,"TCGA-49-AARR-01A-11D-A410-08,TCGA-49-AARR-11A-11D-A413-08",open,4d870d17-e65b-4d9e-82de-0f6cdbcd55a3.wxs.aliquot_ensemble_masked.maf.gz,51470ab2-72d2-4da2-9a00-99550f69d932,Simple Nucleotide Variation,masked_somatic_mutation,Illumina,1660,2022-08-01T16:38:30.304856-05:00,2b87982bb3d69dbc99a4ac8ecf27706f,2024-07-31T06:25:29.580058-05:00,486638dd-8f27-41f1-b922-a8af2521204c,Masked Somatic Mutation,released,WXS,2,35.0 - 46.0,TCGA-LUAD,a03bd9e3-8f7c-48df-8091-f3e6754e41b0,released,4d870d17-e65b-4d9e-82de-0f6cdbcd55a3,https://github.com/NCI-GDC/aliquot-maf-cwl/blob/3dd621a8745ee2b91716911604bf3f096337a9b7/ensemble_aliquot_maf/ensemble_aliquot_maf_wf.cwl,Aliquot Ensemble Somatic Variant Merging and Masking,3dd621a8745ee2b91716911604bf3f096337a9b7,
1feeceed-eebc-4e63-a927-967957966279,MAF,"TCGA-55-8513-01A-11D-2393-08,TCGA-55-8513-10A-01D-2393-08",open,233bcb50-adfa-42f6-a9ff-7ee44cc44d3d.wxs.aliquot_ensemble_masked.maf.gz,99c317e3-39b7-45cd-931a-372b4709de72,Simple Nucleotide Variation,masked_somatic_mutation,Illumina,1719,2022-08-01T17:01:21.873950-05:00,08a3a2bd98440137dc1e83e34bd5d41c,2024-07-31T06:38:16.089807-05:00,1feeceed-eebc-4e63-a927-967957966279,Masked Somatic Mutation,released,WXS,2,35.0 - 46.0,TCGA-LUAD,12e3f328-5e0d-4c5c-a469-1884f18a792a,released,233bcb50-adfa-42f6-a9ff-7ee44cc44d3d,https://github.com/NCI-GDC/aliquot-maf-cwl/blob/3dd621a8745ee2b91716911604bf3f096337a9b7/ensemble_aliquot_maf/ensemble_aliquot_maf_wf.cwl,Aliquot Ensemble Somatic Variant Merging and Masking,3dd621a8745ee2b91716911604bf3f096337a9b7,
ab706b48-1249-48d6-8297-c1eb62617c6d,MAF,"TCGA-05-4433-01A-22D-1855-08,TCGA-05-4433-10A-01D-1855-08",open,76e5dd02-95cd-4e1b-a79b-9a4a9a5bd4d8.wxs.aliquot_ensemble_masked.maf.gz,ca94aa58-c90c-4869-9ff2-08360e007009,Simple Nucleotide Variation,masked_somatic_mutation,Illumina,19147,2022-08-01T16:42:13.367314-05:00,66d947848d1cfc313bb185016b1fe932,2024-07-31T06:32:08.435249-05:00,ab706b48-1249-48d6-8297-c1eb62617c6d,Masked Somatic Mutation,released,WXS,2,35.0 - 46.0,TCGA-LUAD,477745f8-d1f6-4171-8b39-5324590edad3,released,76e5dd02-95cd-4e1b-a79b-9a4a9a5bd4d8,https://github.com/NCI-GDC/aliquot-maf-cwl/blob/3dd621a8745ee2b91716911604bf3f096337a9b7/ensemble_aliquot_maf/ensemble_aliquot_maf_wf.cwl,Aliquot Ensemble Somatic Variant Merging and Masking,3dd621a8745ee2b91716911604bf3f096337a9b7,
dc2f5320-ada0-44f6-b9d3-dea5d372ad85,MAF,"TCGA-86-8278-01A-11D-2284-08,TCGA-86-8278-10A-01D-2284-08",open,5f719432-ed9c-4945-826b-e1a3a51eb239.wxs.aliquot_ensemble_masked.maf.gz,249507e6-0f10-4971-afd7-8b3e41dce98f,Simple Nucleotide Variation,masked_somatic_mutation,Illumina,33863,2022-08-01T16:45:55.897178-05:00,4b5ac0d9774f170c212201deffdb3e11,2024-07-31T06:28:15.229809-05:00,dc2f5320-ada0-44f6-b9d3-dea5d372ad85,Masked Somatic Mutation,released,WXS,2,35.0 - 46.0,TCGA-LUAD,33260cc1-36ae-4f8e-b976-111dfe76fc60,released,5f719432-ed9c-4945-826b-e1a3a51eb239,https://github.com/NCI-GDC/aliquot-maf-cwl/blob/3dd621a8745ee2b91716911604bf3f096337a9b7/ensemble_aliquot_maf/ensemble_aliquot_maf_wf.cwl,Aliquot Ensemble Somatic Variant Merging and Masking,3dd621a8745ee2b91716911604bf3f096337a9b7,
c3721df1-653c-408e-b3fa-b7c11c1e3413,MAF,"TCGA-69-7979-01A-11D-2184-08,TCGA-69-7979-10A-01D-2184-08",open,4bb37741-dfe9-4b77-93da-4a20792fe795.wxs.aliquot_ensemble_masked.maf.gz,c322e9ae-7512-4056-b4f7-828b037eed09,Simple Nucleotide Variation,masked_somatic_mutation,Illumina,465536,2022-08-01T17:01:33.255090-05:00,355c0307d2d654cd8da16d743f0dc843,2024-07-31T06:27:14.501607-05:00,c3721df1-653c-408e-b3fa-b7c11c1e3413,Masked Somatic Mutation,released,WXS,2,35.0 - 46.0,TCGA-LUAD,63546d55-92ab-4799-a080-7dc7cff97378,released,4bb37741-dfe9-4b77-93da-4a20792fe795,https://github.com/NCI-GDC/aliquot-maf-cwl/blob/3dd621a8745ee2b91716911604bf3f096337a9b7/ensemble_aliquot_maf/ensemble_aliquot_maf_wf.cwl,Aliquot Ensemble Somatic Variant Merging and Masking,3dd621a8745ee2b91716911604bf3f096337a9b7,
